# File generated by ForgeFPGA Workshop v.6.52 (Build 001)
## Project name: Major
## Netlist name: internal: netlist.edif
# Generation date: Fri Jun 26 23:47:39 2026
# Synthesis tool: Yosys v.0.37
# Place and Route tool: v.23
# Netlist SHA-256 291d39c439ab20458449653ff25dcbb1fc196fcb8a2515e3c6a763d5842f275b
## High Density IO Packaging: off
## High Density Packaging Logic: on
## Clock-Concurrent Optimization CCopt: on
## Place-and-Trial-route: off
## Place-and-Trial-route iteration count: 20
## Max-CPU: 16
## Maximum Routing Iterations: 300
## Timing Analysis Corner: tt1pv25c_typical(0)

# axi_bus_width: 32, bits_per_cycle_per_tile: 32, array_size: 1x1, crc16: false
22a22220
00000000
00000000
00000000
00550057
00000000
002a00a8
00000000
00000000
00000000
11111013

2aaaaaa8
2aaaaaa8
feffffbf
ffffffbf
ffffffff
00000000
ffffffff
ffffff7f
ff7ffd7f
d5555557
d5555457

01400000
feffffbf
d5555557
d5555557
2aaaaaa8
00000000
d5555557
2aaaaaa8
2aaaaaa8
fd7ffd7f
00000000

094889c8
d5555517
d5555557
d5555557
d5005500
00000000
2a00aa00
2aaaaaa8
2aaaaaa8
282aa828
c4444444

00000140
01000000
00000000
00000000
00000000
00000000
00800000
00000000
00000000
00000000
00000000

22222220
2aaaaaa8
2aaaaaa8
2aaaaaa8
2affaaff
00000000
d5ff55ff
d5555557
d5555557
d5555557
11111113

2beaaba8
fefffeff
d5555557
d5555557
ffffffff
00000100
ffffffff
2aaaaaa8
2aaaaaa8
fd7ffd7f
d5555557

00000000
00000000
d5555557
d5555557
00000100
00000000
02000000
2aaaaaa8
2aaaaaa8
00000000
00000000

08888888
00000000
00000000
00000000
d5005400
00000100
2800aa00
00000000
00000000
00000000
c4444444

01000140
fffffeff
2aaaaaa8
2aaaaaa8
2aaaaaa8
00000000
d5555557
d5555557
d5555557
fd7ffd7f
00000000

21222360
ffffffff
00000000
00000000
00550057
00000000
00aa00a8
00000000
00000000
fd7ffd7f
11111013

28aaaaa8
00000100
00000000
00000000
d5555557
00000000
2aaaaaa8
00000000
00000000
00000000
d5555557

00000000
00000000
00000000
00000000
2aaaaaa8
00000000
d5555557
00000000
00000000
00000000
00000040

09c88988
ffffffbf
ffffffff
d5555557
d5005500
00000000
2a00aa00
2aaaaaa8
ffffffff
fd7ffd7f
c4444504

00000000
2aaaaaa8
d5555557
2aaaaaa8
2aaaaaa8
00000000
d5555557
d5555557
2aaaaaa8
d5555557
00000000

22222220
00000000
00000000
00000000
00550057
00000000
00aa00a8
00000000
00000000
00000000
11111113

2beaabe8
d5155557
00000000
00000000
d5555557
00000000
2aaaaaa8
00000000
00000000
282aa828
d5555557

01000140
fffffaff
ffffffff
d5555557
2aaaaea8
00000000
d5555557
2aaaaaa8
ffffffff
fd7ffd7f
00000000

098889c8
fffffaff
d5555557
00000000
d5005100
00000000
2a00aa00
00000000
2aaaaaa8
fd7ffd7f
c4444444

00000000
00000000
00000000
2aaaaaa8
2aaaaaa8
00000000
d5555557
d5555557
00000000
00000000
00000000

00000000
00000000
d5555057
d5555057
00550057
00000000
00aa00a8
2aaaa2a8
2aaaaaa8
00000000
00000000

2a00aa00
2aaaaaa8
fffffaff
d5555057
d5555557
00000000
2aaaaaa8
2aaaaaa8
ffffffff
d5555557
d5005500

00000000
2aaaaea8
00000000
00000000
2aaaaaa8
00000000
d5555557
00000800
00000000
d5555557
00000000

01400140
d5555157
00000000
00000000
d5005500
00000000
2a00ae00
00000000
00000000
282aa828
00000000

2b40ab40
d5555157
d5555457
ff55fa57
00000000
00000000
00400000
ffaaffa8
2aaaaaa8
282aa828
d5005500

01400140
fffffeff
fffffeff
fffffaff
00000000
00400000
00400400
ffffffff
ffffffff
fd7ffd7f
00000000

01000140
fffffeff
00000000
00aa00a8
2aaaaaa8
00000000
d5555057
00550057
00000000
fd7ffd7f
00000000

2b00ab40
d5555557
00000000
00000000
d5005500
ff00ff00
2a00aa00
00000000
00000000
282aa828
d5005500

00000000
00000100
00000000
2a00aa00
00000000
00000000
00000000
d5005500
00000000
00000000
00000000

00000000
2aaaaaa8
2aaaaaa8
2aaaaaa8
00000000
00000000
00000000
d5555557
d5555557
d5555557
00000000

2b40ab40
ffffffff
00000000
00aa00a8
d5005500
ff00ff00
2a00aa00
00550057
00000000
fd7ffd7f
d5005500

00000000
00000100
00000000
00000000
00000000
00000000
00000000
00000000
00000000
00000000
00000000

22222220
00000000
00000000
00000000
00550117
00000100
00aa00a8
00000000
00000000
00000000
11111013

2aaaaaa8
2aaaaaa8
ffffffff
ffffffff
ffffffff
00000100
ffffffff
ffffffff
ffffffff
d5555557
d5555457

00000000
eaaaaaab
d5555557
d5555557
2aaaaaa8
00000000
d5555557
2aaaaaa8
2aaaaaa8
d5555557
00000000

08888888
c0000003
d5555557
d5555557
d5005400
00000000
2a00aa00
2aaaaaa8
2aaaaaa8
00000000
c4444044

00000000
00000000
00000000
00000000
00000040
00000000
00000000
00000000
00000000
00000000
00000400

22222220
2aaaaaa8
2aaaaaa8
2aaaaaa8
2affaaff
00000000
d5ff55ff
d5555557
d5555557
d5555557
11111153

2aaaaaa8
eaaaaaab
d5555557
d5555557
ffffffff
00000000
ffffffff
2aaaaaa8
2aaaaaa8
d5555557
d5555557

00000000
00000000
d5555557
d5555557
00000000
00000000
00000000
2aaaaaa8
2aaaaaa8
00000000
00000000

08888888
00000000
00000000
00000000
d5005500
00000000
2a00aa00
00000000
00000000
00000000
c4444404

00000000
2aaaaaa8
2aaaaaa8
2aaaaaa8
2aaaaaa8
00000000
d5555557
d5555557
d5555557
d5555557
00000000

22222220
eaaaaaab
00000000
00000000
00550057
00000000
00aa00a8
00000000
00000000
d5555557
11111013

2aaaaaa8
c0000003
00000000
00000000
d5555557
00000000
2aaaaaa8
00000000
00000000
00000000
d5555457

00000000
00000000
00000000
00000000
2aaaaaa8
00000000
d5555557
00000000
00000000
00000000
00000000

08888888
2aaaaaa8
ffffffff
d5555557
d5005500
00000000
2a00aa00
2aaaaaa8
ffffffff
d5555557
c4444044

00000000
eaaaaaab
d5555557
2aaaaaa8
2aaaaaa8
00000000
d5555557
d5555557
2aaaaaa8
d5555557
00000400

22222220
00000000
00000000
00000000
00550157
00000100
00aa00a8
00000000
00000000
00000000
11111013

2aaaaaa8
c0000003
00000000
00000000
d5555557
00000100
2aaaaaa8
00000000
00000000
00000000
d5555457

00000000
eaaaaaab
ffffffff
d5555557
2aaaaaa8
00000000
d5555557
2aaaaaa8
ffffffff
d5555557
00000000

08888888
eaaaaaab
d5555557
00000000
d5005400
00000000
2a00aa00
00000000
2aaaaaa8
d5555557
c4444044

00000000
c0000003
00000000
2aaaaaa8
2aaaaaa8
00000000
d5555557
d5555557
00000000
00000000
00000400

00000000
00000000
d5555557
d5155557
00550057
00000000
00aa00a8
2aaaaaa8
2aaaaaa8
00000000
00000000

2a00aa00
2aaaaaa8
ffffffff
d5155557
d5555557
00000000
2aaaaaa8
2aaaaaa8
ffffffff
d5555557
d5005500

00000000
2aaaaaa8
00000000
00000000
2aaaaaa8
00000000
d5555557
00000000
00000000
d5555557
00000000

00000000
00000000
00000000
00000000
ffaaffa8
00000000
3f55ff54
00000000
00000000
00000000
00000000

2a00aa00
c0000003
d5555557
ff55ff57
2aaaaaa8
00000000
15555554
ffaaf7a8
2aaaaaa8
00000000
d5005500

00000000
eaaaaaab
ffffffff
ffffffff
2beaabe8
3ffffffc
17d557d4
ffffffff
ffffffff
d5555557
00000000

00000000
eaaaaaab
00000000
00aa00a8
02800280
00000000
c1400143
00550057
00000000
d5555557
00000000

2a00aa00
c0000003
00000000
00000000
d7805780
ff00ff00
2b40ab40
00000800
00000000
00000000
d5005500

00000000
00000000
00000000
2a00aa00
02800280
00000000
01400140
d5005500
00000000
00000000
00000000

00000000
2aaaaaa8
2aaaaaa8
2aaaaaa8
02800280
00000000
01400140
d5555557
d5555557
d5555557
00000000

2a00aa00
eaaaaaab
00000000
00aa00a8
d5005500
ff00ff00
2a00aa00
00550057
00000000
d5555557
d5005500

00000000
00000000
00000000
00000000
00000000
00000000
00000000
00000000
00000000
00000000
00000000

00000000
15555554
00000000
00000000
00550057
00000000
00aa00a8
00000000
00000000
2aaaaaa8
00000000

3ffffffc
3ffffffc
ffffffff
ffffffff
ffffffff
00000000
ffffffff
ffffffff
ffffffff
ffffffff
ffffffff

22222220
eaaaaaab
d5555557
d5555557
2aaaaaa8
00000000
d5555557
2aaaaaa8
2aaaaaa8
d5555557
11111113

00000000
c0000003
d5555557
d5555557
d5005500
00000000
2a00aa00
2aaaaaa8
2aaaaaa8
00000000
00000000

08888888
15555554
00000000
00000000
00000000
00000000
00000000
00000000
00000000
2aaaaaa8
c4444444

15555554
3ffffffc
2aaaaaa8
2aaaaaa8
2affaaff
00000000
d5ff55ff
d5555557
d5555557
ffffffff
2aaaaaa8

2aaaaaa8
eaaaaaab
d5555557
d5555557
ffffffff
00000000
ffffffff
2aaaaaa8
2aaaaaa8
d5555557
d5555557

37777774
00000000
d5555557
d5555557
00000000
00000000
00000000
2aaaaaa8
2aaaaaa8
00000000
3bbbbbbb

15555554
15555554
00000000
00000000
d5005500
00000000
2a00aa00
00000000
00000000
2aaaaaa8
2aaaaaa8

08888888
ffffffff
2aaaaaa8
2aaaaaa8
2aaaaaa8
00000000
d5555557
d5555557
d5555557
ffffffff
c4444444

00000000
eaaaaaab
00000000
00000000
00550017
00000000
00aa00a8
00000000
00000000
d5555557
00000000

3ffffffc
00000000
00000000
00000000
d5555557
00000000
2aaaaaa8
00000000
00000000
00000000
ffffffff

37777774
15555554
00000000
00000000
2aaaaaa8
00000000
d5555557
00000000
00000000
00000000
3bbbbbbb

00000000
ffffffff
ffffffff
d5555557
d5005500
00000000
2a00aa00
2aaaa2a8
ffffffff
d5555557
00000000

08888888
2aaaaaa8
d5555557
2aaaaaa8
2aaaaae8
00000000
d5555557
d5555557
2aaaa2a8
d5555557
c4444444

00000000
00000000
00000000
00000000
00550057
00000000
00aa00a8
00000000
00000000
00000000
00000000

2aaaaaa8
d5555557
00000000
00000000
d5555557
00000000
2aaaaaa8
00000000
00000000
00000000
d5555557

22222220
ffffffff
ffffffff
d5555557
2aaaaaa8
00000000
d5555557
2aaaaaa8
ffffffff
d5555557
11111113

00000000
eaaaaaab
d5555557
00000000
d5005500
00000000
2a00aa00
00000000
2aaaaaa8
d5555557
00000000

1ddddddc
00000000
00000000
2aaaaaa8
2aaaaaa8
00000000
d5555557
d5555557
00000000
2aaaaaa8
eeeeeeec

00000000
00000000
d5555557
d5555557
00550057
00000000
00aa00a8
2aaaaaa8
2aaaaaa8
00000000
00000000

2a00aa00
2aaaaaa8
ffffffff
d5555557
d5555557
00000000
2aaaaaa8
2aaaaaa8
ffffffff
d5555557
d5005500

15555554
2aaaaaa8
00000000
00000000
2aaaaaa8
00000000
d5555557
00000000
00000000
d5555557
2aaaaaa8

15555554
c0000003
00000000
00000000
d5005500
00000000
2a00aa00
00000000
00000000
2aaaaaa8
2aaaaaa8

3f55ff54
c0000803
d5555557
ff55ff57
00000000
00000000
00000000
ffaaffa8
2aaaaaa8
00000000
ffaaffa8

00000000
ffffffff
ffffffff
ffffffff
15555554
00000000
00000000
ffffffff
ffffffff
ffffffff
00000000

15555554
eaaaa2ab
00000000
00aa00a8
00000000
00000000
c0000003
00550057
00000000
ffffffff
2aaaaaa8

2a00aa00
c0000003
00000000
00000000
d5005500
ff00ff00
2a00aa00
00000000
00000000
00000000
d5005500

00000000
15555554
00000000
2a00aa00
00000000
00000000
00000000
d5005500
00000000
00000000
00000000

15555554
2aaaaaa8
2aaaaaa8
2aaaaaa8
02800280
00000000
00000000
d5555557
d5555557
d5555557
2aaaaaa8

3f55ff54
eaaaaaab
00000000
00aa00a8
d7805780
ff00ff00
2a00aa00
00550057
00000000
d5555557
ffaaffa8

15555554
00000000
00000000
00000000
00000000
00000000
00000000
00000000
00000000
00000000
00000000

00000000
00000000
00000000
00000000
00550057
00000000
00aa00a8
00000000
00000000
00000000
00000000

2aaaaaa8
2aaaaaa8
ffffffff
ffffffff
ffffffff
00000000
ffffffff
ffffffff
ffffffff
d5555557
d5555557

22222220
eaaaaaab
d5555557
d5555557
2aaaaaa8
00000000
d5555557
2aaaaaa8
2aaaaaa8
d5555557
11111113

00000000
c0000003
d5555557
d5555557
d5005500
00000000
2a00aa00
2aaaaaa8
2aaaaaa8
00000000
00000000

08888888
00000000
00000000
00000000
00000000
00000000
00000000
00000000
00000000
00000000
c4444444

00000000
2aaaaaa8
2aaaaaa8
2aaaaaa8
2affaaff
00000000
d5ff55ff
d5555557
d5555557
d5555557
00000000

2aaaaaa8
eaaaaaab
d5555557
d5555557
ffffffff
00000000
ffffffff
2aaaaaa8
2aaaaaa8
d5555557
d5555557

22222220
00000000
d5555557
d5555557
00000000
00000000
00000000
2aaaaaa8
2aaaaaa8
00000000
11111113

00000000
00000000
00000000
00000000
d5005500
00000000
2a00aa00
00000000
00000000
00000000
00000000

08888888
eaaaaaab
2aaaaaa8
2aaaaaa8
2aaaaaa8
00000000
d5555557
d5555557
d5555557
d5555557
c4444444

00000000
eaaaaaab
00000000
00000000
00550057
00000000
00aa00a8
00000000
00000000
d5555557
00000000

2aaaaaa8
00000000
00000000
00000000
d5555557
00000000
2aaaaaa8
00000000
00000000
00000000
d5555557

22222220
00000000
00000000
00000000
2aaaaaa8
00000000
d5555557
00000000
00000000
00000000
11111113

00000000
eaaaaaab
ffffffff
d5555557
d5005500
00000000
2a00aa00
2aaaaaa8
ffffffff
d5555557
00000000

08888888
2aaaaaa8
d5555557
2aaaaaa8
2aaaaaa8
00000000
d5555557
d5555557
2aaaaaa8
d5555557
c4444444

00000000
00000000
00000000
00000000
00550057
00000000
00aa00a8
00000000
00000000
00000000
00000000

2aaaaaa8
c0000003
00000000
00000000
d5555557
00000000
2aaaaaa8
00000000
00000000
00000000
d5555557

22222220
eaaaaaab
ffffffff
d5155557
2aaaaaa8
00000000
d5555557
2aaaaaa8
ffffffff
d5555557
11111113

00000000
eaaaaaab
d5155557
00000000
d5005500
00000000
2a00aa00
00000000
2aaaa8a8
d5555557
00000000

08888888
00000000
00000000
2aaaaaa8
2aaaaaa8
00000000
d5555557
d5555757
00000000
00000000
c4444444

00000000
00000000
d5555557
d5555557
00550057
00000000
00aa00a8
2aaaaaa8
2aaaaaa8
00000000
00000000

2a00aa00
2aaaaaa8
ffffffff
d5555557
d5555557
00000000
2aaaaaa8
2aaaaaa8
ffffffff
d5155557
d5005500

00000000
2aaaaaa8
00000000
00000000
2aaaaaa8
00000000
d5555557
00000000
00000000
d5155557
00000000

00000000
c0000003
00000000
00000000
ffaaffa8
00000000
3f55ff54
00000000
00000000
00000000
00000000

2a00aa00
c0000003
d5555557
ff55ff57
2aaaaaa8
00000000
15555554
ffaaffa8
2aaaaaa8
00000000
d5005500

00000000
eaaaaaab
ffffffff
ffffffff
2beaabe8
3ffffffc
17d557d4
ffffffff
ffffffff
d5555557
00000000

00000000
eaaaaaab
00000000
00aa00a8
02800280
00000000
c1400143
00550057
00000000
d5555557
00000000

2a00aa00
c0000003
00000000
00000000
d7805780
ff00ff00
2b40ab40
00000000
00000000
00000000
d5005500

00000000
00000000
00000000
2a00aa00
02800280
00000000
01400140
d5005500
00000000
00000000
00000000

00000000
2aaaa8a8
2aaaaa28
2aaaaaa8
02800280
00000000
01400140
d5555557
d5555557
d5555557
00000000

2a00aa00
eaaaa82b
00000000
00aa00a8
d5005500
ff00ff00
2a00aa00
00550057
00000000
d5555557
d5005500

00000000
00000000
00000000
00000000
00000000
00000000
00000000
00000000
00000000
00000000
00000000

22222220
00000000
00000000
00000000
00550057
00000000
00aa00a8
00000000
00000000
00000000
11111113

2aaaaaa8
2aaaaaa8
ffffffff
ffffffff
ffffffff
00000000
ffffffff
ffffffff
ffffffff
d5555557
d5555557

00000000
eaaaaaab
d5555557
d5555557
2aaaaaa8
00000000
d5555557
2aaaaaa8
2aaaaaa8
d5555557
00000000

08888888
c0000003
d5555557
d5555557
d5005500
00000000
2a00aa00
2aaaaaa8
2aaaaaa8
00000000
c4444444

00000000
00000000
00000000
00000000
00000000
00000000
00000000
00000000
00000000
00000000
00000000

22222220
2aaaaaa8
2aaaaaa8
2aaaaaa8
2affaaff
00000000
d5ff55ff
d5555557
d5555557
d5555557
11111113

2aaaaaa8
eaaaaaab
d5555557
d5555557
ffffffff
00000000
ffffffff
2aaaaaa8
2aaaaaa8
d5555557
d5555557

00000000
00000000
d5555557
d5555557
00000000
00000000
00000000
2aaaaaa8
2aaaaaa8
00000000
00000000

08888888
00000000
00000000
00000000
d5005500
00000000
2a00aa00
00000000
00000000
00000000
c4444444

00000000
2aaaaaa8
2aaaaaa8
2aaaaaa8
2aaaaaa8
00000000
d5555557
d5555557
d5555557
d5555557
00000000

22222220
eaaaaaab
00000000
00000000
00550057
00000000
00aa00a8
00000000
00000000
d5555557
11111113

2aaaaaa8
c0000003
00000000
00000000
d5555557
00000000
2aaaaaa8
00000000
00000000
00000000
d5555557

00000000
00000000
00000000
00000000
2aaaaaa8
00000000
d5555557
00000000
00000000
00000000
00000000

08888888
2aaaaaa8
ffffffff
d5555557
d5005500
00000000
2a00aa00
2aaaaaa8
ffffffff
d5555557
c4444444

00000000
eaaaaaab
d5555557
2aaaaaa8
2aaaaaa8
00000000
d5555557
d5555557
2aaaaaa8
d5555557
00000000

22222220
00000000
00000000
00000000
00550057
00000000
00aa00a8
00000000
00000000
00000000
11111113

2aaaaaa8
c0000003
00000000
00000000
d5555557
00000000
2aaaaaa8
00000000
00000000
00000000
d5555557

00000000
eaaaaaab
ffffffff
d5555557
2aaaaaa8
00000000
d5555557
2aaaaaa8
ffffffff
d5555557
00000000

08888888
eaaaaaab
d5555557
00000000
d5005500
00000000
2a00aa00
00000000
2aaaaaa8
d5555557
c4444444

00000000
c0000003
00000000
2aaaaaa8
2aaaaaa8
00000000
d5555557
d5555557
00000000
00000000
00000000

00000000
00000000
d5555557
d5555557
00550057
00000000
00aa00a8
2aaaaaa8
2aaaaaa8
00000000
00000000

2a00aa00
2aaaaaa8
ffffffff
d5555557
d5555557
00000000
2aaaaaa8
2aaaaaa8
ffffffff
d5555557
d5005500

00000000
2aaaaaa8
00000000
00000000
2aaaaaa8
00000000
d5555557
00000000
00000000
d5555557
00000000

00000000
00000000
00000000
00000000
ffaaffa8
00000000
3f55ff54
00000000
00000000
00000000
00000000

2a00aa00
c0000003
d5555557
ff55ff57
2aaaaaa8
00000000
15555554
ffaaffa8
2aaaaaa8
00000000
d5005500

00000000
eaaaaaab
ffffffff
ffffffff
2beaabe8
3ffffffc
17d557d4
ffffffff
ffffffff
d5555557
00000000

00000000
eaaaaaab
00000000
00aa00a8
02800280
00000000
c1400143
00550057
00000000
d5555557
00000000

2a00aa00
c0000003
00000000
00000000
d7805780
ff00ff00
2b40ab40
00000000
00000000
00000000
d5005500

00000000
00000000
00000000
2a00aa00
02800280
00000000
01400140
d5005500
00000000
00000000
00000000

00000000
2aaaaaa8
2aaaaaa8
2aaaaaa8
02800280
00000000
01400140
d5555557
d5555557
d5555557
00000000

2a00aa00
eaaaaaab
00000000
00aa00a8
d5005500
ff00ff00
2a00aa00
00550057
00000000
d5555557
d5005500

00000000
00000000
00000000
00000000
00000000
00000000
00000000
00000000
00000000
00000000
00000000

22222220
00000000
00000000
00000000
00550057
00000000
00aa00a8
00000000
00000000
00000000
11111113

3ffffffc
2aaaaaa8
ffffffff
ffffffff
ffffffff
00000000
ffffffff
ffffffff
ffffffff
d5555557
ffffffff

00000000
eaaaaaab
d5555557
d5555557
2aaaaaa8
00000000
d5555557
2aaaaaa8
2aaaaaa8
d5555557
00000000

08888888
c0000003
d5555557
d5555557
d5005500
00000000
2a00aa00
2aaaaaa8
2aaaaaa8
00000000
c4444444

00000000
15555554
00000000
00000000
00000000
00000000
00000000
00000000
00000000
2aaaaaa8
00000000

37777774
2aaaaaa8
2aaaaaa8
2aaaaaa8
2affaaff
00000000
d5ff55ff
d5555557
d5555557
ffffffff
3bbbbbbb

2aaaaaa8
eaaaaaab
d5555557
d5555557
ffffffff
00000000
ffffffff
2aaaaaa8
2aaaaaa8
d5555557
d5555557

15555554
15555554
d5555557
d5555557
00000000
00000000
00000000
2aaaaaa8
2aaaaaa8
00000000
2aaaaaa8

1ddddddc
00000000
00000000
00000000
d5005500
00000000
2a00aa00
00000000
00000000
00000000
eeeeeeec

00000000
eaaaaaab
2aaaaaa8
2aaaaaa8
2aaaaaa8
00000000
d5555557
d5555557
d5555557
ffffffff
00000000

22222220
eaaaaaab
00000000
00000000
00550057
00000000
00aa00a8
00000000
00000000
d5555557
11111113

3ffffffc
00000000
00000000
00000000
d5555557
00000000
2aaaaaa8
00000000
00000000
00000000
ffffffff

15555554
15555554
00000000
00000000
2aaaaaa8
00000000
d5555557
00000000
00000000
00000000
2aaaaaa8

08888888
ffffffff
ffffffff
d5555557
d5005500
00000000
2a00aa00
2aaaaaa8
ffffffff
ffffffff
c4444444

00000000
2aaaaaa8
d5555557
2aaaaaa8
2aaaaaa8
00000000
d5555557
d5555557
2aaaaaa8
d5555557
00000000

22222220
00000000
00000000
00000000
00550057
00000000
00aa00a8
00000000
00000000
00000000
11111113

2aaaaaa8
d5555557
00000000
00000000
d5555557
00000000
2aaaaaa8
00000000
00000000
00000000
d5555557

00000000
ffffffff
ffffffff
d5555557
2aaaaaa8
00000000
d5555557
2aaaaaa8
ffffffff
d5555557
00000000

08888888
eaaaaaab
d5555557
00000000
d5005500
00000000
2a00aa00
00000000
2aaaaaa8
d5555557
c4444444

15555554
00000000
00000000
2aaaaaa8
2aaaaaa8
00000000
d5555557
d5555557
00000000
00000000
2aaaaaa8

00000000
15555554
d5555557
d5555557
00550057
00000000
00aa00a8
2aaaaaa8
2aaaaaa8
2aaaaaa8
00001000

2a00aa00
3ffffffc
ffffffff
d5555557
d5555557
00000000
2aaaaaa8
2aaaaaa8
ffffffff
ffffffff
d5005500

15555554
2aaaaaa8
00000000
00000000
2aaaaaa8
00000000
d5555557
00000000
00000000
d5555557
2aaaaaa8

15555554
c0000003
00000000
00000000
d5005500
00000000
2a00aa00
00000000
00000000
00000000
2aaaaaa8

2a00aa00
d5555557
d5555557
ff55ff57
00000000
00000000
00000000
ffaaffa8
2aaaaaa8
2aaaaaa8
ffaaefa8

00000000
ffffffff
ffffffff
ffffffff
15555554
00000000
00000000
ffffffff
ffffffff
ffffffff
00000000

15555554
eaaaaaab
00000000
00aa00a8
00000100
00000000
c0000003
00550057
00000000
d5555557
2aaaaaa8

2a00aa00
c0000003
00000000
00000000
d5005500
ff00ff00
2a00aa00
00000000
00000000
00000000
d5005500

00000000
15555554
00000100
2a00aa00
00000000
00000000
00000000
d5005500
00000000
2aaaaaa8
00000000

15555554
3ffffffc
2aaaaba8
2aaaaaa8
02800280
00000000
00000000
d5555557
d5555557
ffffffff
2aaaaaa8

3f55ff54
eaaaaaab
00000000
00aa00a8
d7805680
ff00ff00
2a00aa00
00550057
00000000
d5555557
ffaaffa8

15555554
00000000
00000000
00000000
00000000
00000000
00000000
00000000
00000000
00000000
2aaaaaa8

00000000
00000000
00000000
00000000
00550057
00000000
00aa00a8
00000000
00000000
00000000
00000000

2aaaaaa8
2aaaaaa8
ffffffff
ffffffff
ffffffff
00000000
ffffffff
ffffffff
ffffffff
d5555557
d5555557

22222220
eaaaaaab
d5555557
d5555557
2aaaaaa8
00000000
d5555557
2aaaaaa8
2aaaaaa8
d5555557
11111113

00000000
c0000003
d5555557
d5555557
d5005500
00000000
2a00aa00
2aaaaaa8
2aaaaaa8
00000000
00000000

08888888
00000000
00000000
00000000
00000000
00000000
00000000
00000000
00000000
00000000
c4444444

00000000
2aaaaaa8
2aaaaaa8
2aaaaaa8
2affaaff
00000000
d5ff55ff
d5555557
d5555557
d5555557
00000000

2aaaaaa8
eaaaaaab
d5555557
d5555557
ffffffff
00000000
ffffffff
2aaaaaa8
2aaaaaa8
d5555557
d5555557

22222220
00000000
d5555557
d5555557
00000000
00000000
00000000
2aaaaaa8
2aaaaaa8
00000000
11111113

00000000
00000000
00000000
00000000
d5005500
00000000
2a00aa00
00000000
00000000
00000000
00000000

08888888
eaaaaaab
2aaaaaa8
2aaaaaa8
2aaaaaa8
00000000
d5555557
d5555557
d5555557
d5555557
c4444444

00000000
eaaaaaab
00000000
00000000
00550057
00000000
00aa00a8
00000000
00000000
d5555557
00000000

2aaaaaa8
00000000
00000000
00000000
d5555557
00000000
2aaaaaa8
00000000
00000000
00000000
d5555557

22222220
00000000
00000000
00000000
2aaaaaa8
00000000
d5555557
00000000
00000000
00000000
11111113

00000000
eaaaaaab
ffffffff
d5555557
d5005500
00000000
2a00aa00
2aaaaaa8
ffffffff
d5555557
00000000

08888888
2aaaaaa8
d5555557
2aaaaaa8
2aaaaaa8
00000000
d5555557
d5555557
2aaaaaa8
d5555557
c4444444

00000000
00000000
00000000
00000000
00550057
00000000
00aa00a8
00000000
00000000
00000000
00000000

2aaaaaa8
c0000003
00000000
00000000
d5555557
00000000
2aaaaaa8
00000000
00000000
00000000
d5555557

22222220
eaaaaaab
ffffffff
d5555557
2aaaaaa8
00000000
d5555557
2aaaaaa8
ffffffff
d5555557
11111113

00000000
eaaaaaab
d5555557
00000000
d5005500
00000000
2a00aa00
00000000
2aaaaaa8
d5555557
00000000

08888888
00000000
00000000
2aaaaaa8
2aaaaaa8
00000000
d5555557
d5555557
00000000
00000000
c4444444

00000000
00000000
d5555557
d5555557
00550057
00000000
00aa00a8
2aaaaaa8
2aaaaaa8
00000000
00000000

2a00aa00
2aaaaaa8
ffffffff
d5555557
d5555557
00000000
2aaaaaa8
2aaaaaa8
ffffffff
d5555557
d5005500

00000000
2aaaaaa8
00000000
00000000
2aaaaaa8
00000000
d5555557
00000000
00000000
d5555557
00000000

00000000
c0000003
00000000
00000000
ffaaffa8
00000000
3f55ff54
00000000
00000000
00000000
00000000

2a00aa00
c0000003
d5555557
ff55ff57
2aaaaaa8
00000000
15555554
ffaaffa8
2aaaaaa8
00000000
d5005500

00000000
eaaaaaab
ffffffff
ffffffff
2beaabe8
3ffffffc
17d557d4
ffffffff
ffffffff
d5555557
00000000

00000000
eaaaaaab
00000000
00aa00a8
02800280
00000000
c1400143
00550057
00000000
d5555557
00000000

2a00aa00
c0000003
00000000
00000000
d7805780
ff00ff00
2b40ab40
00000000
00000000
00000000
d5005500

00000000
00000000
00000000
2a00aa00
02800280
00000000
01400140
d5005500
00000000
00000000
00000000

00000000
2aaaaaa8
2aaaaaa8
2aaaaaa8
02800280
00000000
01400140
d5555557
d5555557
d5555557
00000000

2a00aa00
eaaaaaab
00000000
00aa00a8
d5005500
ff00ff00
2a00aa00
00550057
00000000
d5555557
d5005500

00000000
00000000
00000000
00000000
00000000
00000000
00000000
00000000
00000000
00000000
00000000

00000000
00000000
00000000
00000000
00550057
00000000
00aa00a8
00000000
00000000
00000000
00000000

2aaaaaa8
2aaaaaa8
ffffffff
ffffffff
ffffffff
00000000
ffffffff
ffffffff
ffffffff
d5555557
d5555557

22222220
eaaaaaab
d5555557
d5555557
2aaaaaa8
00000000
d5555557
2aaaaaa8
2aaaaaa8
d5555557
11111113

00000000
c0000003
d5555557
d5555557
d5005500
00000000
2a00aa00
2aaaaaa8
2aaaaaa8
00000000
00000000

08888888
00000000
00000000
00000000
00000000
00000000
00000000
00000000
00000000
00000000
c4444444

00000000
2aaaaaa8
2aaaaaa8
2aaaaaa8
2affaaff
00000000
d5ff55ff
d5555557
d5555557
d5555557
00000000

2aaaaaa8
eaaaaaab
d5555557
d5555557
ffffffff
00000000
ffffffff
2aaaaaa8
2aaaaaa8
d5555557
d5555557

22222220
00000000
d5555557
d5555557
00000000
00000000
00000000
2aaaaaa8
2aaaaaa8
00000000
11111113

00000000
00000000
00000000
00000000
d5005500
00000000
2a00aa00
00000000
00000000
00000000
00000000

08888888
2aaaaaa8
2aaaaaa8
2aaaaaa8
2aaaaaa8
00000000
d5555557
d5555557
d5555557
d5555557
c4444444

00000000
eaaaaaab
00000000
00000000
00550057
00000000
00aa00a8
00000000
00000000
d5555557
00000000

2aaaaaa8
c0000003
00000000
00000000
d5555557
00000000
2aaaaaa8
00000000
00000000
00000000
d5555557

22222220
00000000
00000000
00000000
2aaaaaa8
00000000
d5555557
00000000
00000000
00000000
11111113

00000000
2aaaaaa8
ffffffff
d5555557
d5005500
00000000
2a00aa00
2aaaaaa8
ffffffff
d5555557
00000000

08888888
eaaaaaab
d5555557
2aaaaaa8
2aaaaaa8
00000000
d5555557
d5555557
2aaaaaa8
d5555557
c4444444

00000000
00000000
00000000
00000000
00550057
00000000
00aa00a8
00000000
00000000
00000000
00000000

2aaaaaa8
c0000003
00000000
00000000
d5555557
00000000
2aaaaaa8
00000000
00000000
00000000
d5555557

22222220
eaaaaaab
ffffffff
d5555557
2aaaaaa8
00000000
d5555557
2aaaaaa8
ffffffff
d5555557
11111113

00000000
eaaaaaab
d5555557
00000000
d5005500
00000000
2a00aa00
00000000
2aaaaaa8
d5555557
00000000

08888888
c0000003
00000000
2aaaaaa8
2aaaaaa8
00000000
d5555557
d5555557
00000000
00000000
c4444444

00000000
00000000
d5555557
d5555557
00550057
00000000
00aa00a8
2aaaaaa8
2aaaaaa8
00000000
00000000

2a00aa00
2aaaaaa8
ffffffff
d5555557
d5555557
00000000
2aaaaaa8
2aaaaaa8
ffffffff
d5555557
d5005500

00000000
2aaaaaa8
00000000
00000000
2aaaaaa8
00000000
d5555557
00000000
00000000
d5555557
00000000

00000000
00000000
00000000
00000000
ffaaffa8
00000000
3f55ff54
00000000
00000000
00000000
00000000

2a00aa00
c0000003
d5555557
ff55ff57
2aaaaaa8
00000000
15555554
ffaaffa8
2aaaaaa8
00000000
d5005500

00000000
eaaaaaab
ffffffff
ffffffff
2beaabe8
3ffffffc
17d557d4
ffffffff
ffffffff
d5555557
00000000

00000000
eaaaaaab
00000000
00aa00a8
02800280
00000000
c1400143
00550057
00000000
d5555557
00000000

2a00aa00
c0000003
00000000
00000000
d7805780
ff00ff00
2b40ab40
00000000
00000000
00000000
d5005500

00000000
00000000
00000000
2a00aa00
02800280
00000000
01400140
d5005500
00000000
00000000
00000000

00000000
2aaaaaa8
2aaaaaa8
2aaaaaa8
02800280
00000000
01400140
d5555557
d5555557
d5555557
00000000

2a00aa00
eaaaaaab
00000000
00aa00a8
d5005500
ff00ff00
2a00aa00
00550057
00000000
d5555557
d5005500

00000000
00000000
00000000
00000000
00000000
00000000
00000000
00000000
00000000
00000000
00000000

22222220
15555554
00000000
00000000
00000000
00000000
00000000
00000000
00000000
2aaaaaa8
11111113

3ffffffc
3ffffffc
ffffffff
ffffffff
ffffffff
00000000
ffffffff
ffffffff
ffffffff
ffffffff
ffffffff

00000000
eaaaaaab
d5555557
d5555557
2affaaff
00000000
d5ff55ff
2aaaaaa8
2aaaaaa8
d5555557
00000000

08888888
c0000003
d5555557
d5555557
00000000
00000000
00000000
2aaaaaa8
2aaaaaa8
00000000
c4444444

00000000
15555554
00000000
00000000
d5005500
00000000
2a00aa00
00000000
00000000
2aaaaaa8
00000000

37777774
3ffffffc
2aaaaaa8
2aaaaaa8
2aaaaaa8
00000000
d5555557
d5555557
d5555557
ffffffff
3bbbbbbb

2aaaaaa8
eaaaaaab
d5555557
d5555557
ffffffff
00000000
ffffffff
2aaaaaa8
2aaaaaa8
d5555557
d5555557

15555554
00000000
d5555557
d5555557
00550057
00000000
00aa00a8
2aaaaaa8
2aaaaaa8
00000000
2aaaaaa8

1ddddddc
15555554
00000000
00000000
00000000
00000000
00000000
00000000
00000000
2aaaaaa8
eeeeeeec

00000000
ffffffff
2aaaaaa8
28aaaaa8
ffaaffa8
00000000
ff55ff57
d5555557
d5555557
ffffffff
00000000

22222220
eaaaaaab
00000000
00000000
00000000
00000000
00000000
00000000
00000000
d5555557
11111113

3ffffffc
00000000
00000000
00000000
d5555557
00000000
2aaaaaa8
00000000
00000000
00000000
ffffffff

15555554
15555554
00000000
00000000
28ffaaff
00000000
d5ff51ff
00000400
00000000
00000000
2aaaaaa8

08888888
ffffffff
ffffffff
d5555557
00000000
00000000
00000000
2aaaaaa8
ffffffff
d5555557
c4444444

00000000
2aaaaaa8
d5555557
2aaaaaa8
ffaaffa8
00000000
ff55ff57
d5555557
2aaaaaa8
d5555557
00000000

22222220
00000000
00000000
00000000
00000000
00000000
00000000
00000000
00000000
00000000
11111113

2aaaaaa8
d5555557
00000000
00000000
d5555557
00000000
2aaaaaa8
00000000
00000000
00000000
d5555557

00000000
ffffffff
ffffffff
d5555557
2affaaff
00000000
d5ff55ff
2aaaaaa8
ffffffff
d5555557
00000000

08888888
eaaaa8ab
d5555757
00000000
00000000
00000000
00000000
00000000
2aaaaaa8
d5555557
c4444444

15555554
00000000
00000000
2aaaaaa8
ffaaffa8
00000000
ff55ff57
d5555557
00000000
2aaaaaa8
2aaaaaa8

2a00aa00
00000000
d5555557
d5555557
00000000
00000000
00000000
2aaaaaa8
2aaaaaa8
00000000
d5005500

2aaaaaa8
2aaaaaa8
ffffffff
d5555557
d5555557
00000000
2aaaaaa8
2aaaaaa8
ffffffff
d5555557
d5555557

15555554
2aaaaaa8
00000000
00000000
2affaaff
00000000
55ff55ff
80000000
00000000
d5555557
2aaaaaa8

15ff55fc
c0000003
00000000
00000000
00000000
00000000
00000000
00000000
00000000
2aaaaaa8
2affaaff

15555554
c0000003
d5555557
ffffffff
d5005500
00000000
2a00aa00
ffffffff
2aaaaaa8
00000000
2aaaaaa8

00000000
ffffffff
ffffffff
ffffffff
15555554
00000000
00000000
ffffffff
ffffffff
ffffffff
00000000

3f55ff54
eaaaaaab
00000000
00000000
00000000
00000000
c0000003
00000000
00000000
ffffffff
ffaaffa8

2aaaaaa8
c0000003
00000000
00000000
d5555557
ffffffff
2aaaaaa8
00000000
00000000
00000000
d5555557

00000000
15555554
00000000
2aaaaaa8
00000000
00000000
00000000
d5555557
00000000
00000000
00000000

15ff55fc
2aaaaaa8
2aaaaaa8
2aaaaaa8
02d502d7
00ff00ff
00aa00a8
d5555557
d5555557
d5555557
2affaaff

15555554
eaaaaaab
00000000
00000000
02800280
00000000
00000000
00000000
00000000
d5555557
2aaaaaa8

15555554
00000000
00000000
00000000
d5005500
ff00ff00
2a00aa00
00000000
00000000
00000000
00000000

22222220
00000000
00000000
00000000
00000000
00000000
00000000
00000000
00000000
00000000
11111113

2aaaaaa8
2aaaaaa8
ffffffff
ffffffff
ffffffff
00000000
ffffffff
ffffffff
ffffffff
d5555557
d5555557

00000000
eaaaaaab
d5555557
d5555557
2affaaff
00000000
d5ff55ff
2aaaaaa8
2aaaaaa8
d5555557
00000000

08888888
c0000003
d5555557
d5555557
00000000
00000000
00000000
2aaaaaa8
2aaaaaa8
00000000
c4444444

00000000
00000000
00000000
00000000
d5005500
00000000
2a00aa00
00000000
00000000
00000000
00000000

22222220
2aaaaaa8
2aaaaaa8
2aaaaaa8
2aaaaaa8
00000000
d5555557
d5555557
d5555557
d5555557
11111113

2aaaaaa8
eaaaaaab
d5555557
d5555557
ffffffff
00000000
ffffffff
2aaaaaa8
2aaaaaa8
d5555557
d5555557

00000000
00000000
d5555557
d5555557
00550057
00000000
00aa00a8
2aaaaaa8
2aaaaaa8
00000000
00000000

08888888
00000000
00000000
00000000
00000000
00000000
00000000
00000000
00000000
00000000
c4444444

00000000
eaaaaaab
2aaaaaa8
2aaaaaa8
ffaaffa8
00000000
ff55ff57
d5555557
d5555557
d5555557
00000000

22222220
eaaaaaab
00000000
00000000
00000000
00000000
00000000
00000000
00000000
d5555557
11111113

2aaaaaa8
00000000
00000000
00000000
d5555557
00000000
2aaaaaa8
00000000
00000000
00000000
d5555557

00000000
00000000
00000000
00000000
2affaaff
00000000
d5ff55ff
00000000
00000000
00000000
00000000

08888888
eaaaaaab
ffffffff
d5555557
00000000
00000000
00000000
2aaaaaa8
ffffffff
d5555557
c4444444

00000000
2aaaaaa8
d5555557
2aaaaaa8
ffaaffa8
00000000
ff55ff57
d5555557
2aaaaaa8
d5555557
00000000

22222220
00000000
00000000
00000000
00000000
00000000
00000000
00000000
00000000
00000000
11111113

2aaaaaa8
c0000003
00000000
00000000
d5555557
00000000
2aaaaaa8
00000000
00000000
00000000
d5555557

00000000
eaaaaaab
ffffffff
d5555557
2affaaff
00000000
d5ff55ff
2aaaaaa8
ffffffff
d5555557
00000000

08888888
eaaaaaab
d5555557
00000000
00000000
00000000
00000000
00000000
2aaaaaa8
d5555557
c4444444

00000000
00000000
00000000
2aaaaaa8
ffaaffa8
00000000
ff55ff57
d5555557
00000000
00000000
00000000

2a00aa00
00000000
d5555557
d5555557
00000000
00000000
00000000
2aaaaaa8
2aaaaaa8
00000000
d5005500

2aaaaaa8
2aaaaaa8
ffffffff
d5555557
d5555557
00000000
2aaaaaa8
2aaaaaa8
ffffffff
d5555557
d5555557

00000000
2aaaaaa8
00000000
00000000
2affaaff
00000000
d5ff15ff
00004000
00000000
d5555557
00000000

00aa00a8
c0000003
00000000
00000000
2aaaaaa8
00000000
15555554
00000000
00000000
00000000
00550057

00000000
c0000003
d5555557
ffffffff
ffaaffa8
00000000
3f55ff54
ffffffff
2aaaaaa8
00000000
00000000

00000000
eaaaaaab
ffffffff
ffffffff
2beaabe8
3ffffffc
17d557d4
ffffffff
ffffffff
d5555557
00000000

2a00aa00
eaaaaaab
00000000
00000000
02800280
00000000
c1400143
00000000
00000000
d5555557
d5005500

2aaaaaa8
c0000003
00000000
00000000
d7d557d7
ffffffff
2beaabe8
00000000
00000000
00000000
d5555557

00000000
00000000
00000000
2aaaaaa8
02800280
00000000
01400140
d5555557
00000000
00000000
00000000

00aa00a8
2aaaaaa8
2aaaaaa8
2aaaaaa8
02d502d7
00ff00ff
01ea01e8
d5555557
d5555557
d5555557
00550057

00000000
eaaaaaab
00000000
00000000
00000000
00000000
00000000
00000000
00000000
d5555557
00000000

00000000
00000000
00000000
00000000
d5005500
ff00ff00
2a00aa00
00000000
00000000
00000000
00000000

00000000
00000000
00000000
00000000
00000000
00000000
00000000
00000000
00000000
00000000
00000000

2aaaaaa8
2aaaaaa8
ffffffff
ffffffff
ffffffff
00000000
ffffffff
ffffffff
ffffffff
d5555557
d5555557

22222220
eaaaaaab
d5555557
d5555557
2affaaff
00000000
d5ff55ff
2aaaaaa8
2aaaaaa8
d5555557
11111113

00000000
c0000003
d5555557
d5555557
00000000
00000000
00000000
2aaaaaa8
2aaaaaa8
00000000
00000000

08888888
00000000
00000000
00000000
d5005500
00000000
2a00aa00
00000000
00000000
00000000
c4444444

00000000
2aaaaaa8
2aaaaaa8
2aaaaaa8
2aaaaaa8
00000000
d5555557
d5555557
d5555557
d5555557
00000000

2aaaaaa8
eaaaaaab
d5555557
d5555557
ffffffff
00000000
ffffffff
2aaaaaa8
2aaaaaa8
d5555557
d5555557

22222220
00000000
d5555557
d5555557
00550057
00000000
00aa00a8
2aaaaaa8
2aaaaaa8
00000000
11111113

00000000
00000000
00000000
00000000
00000000
00000000
00000000
00000000
00000000
00000000
00000000

08888888
2aaaaaa8
2aaaaaa8
2aaaaaa8
ffaaffa8
00000000
ff55ff57
d5555557
d5555557
d5555557
c4444444

00000000
eaaaaaab
00000000
00000000
00000000
00000000
00000000
00000000
00000000
d5555557
00000000

2aaaaaa8
c0000003
00000000
00000000
d5555557
00000000
2aaaaaa8
00000000
00000000
00000000
d5555557

22222220
00000000
00000000
00000000
2affaaff
00000000
d5ff55ff
00000000
00000000
00000000
11111113

00000000
2aaaaaa8
ffffffff
d5555557
00000000
00000000
00000000
2aaaaaa8
ffffffff
d5555557
00000000

08888888
eaaaaaab
d5555557
2aaaaaa8
ffaaffa8
00000000
ff55ff57
d5555557
2aaaaaa8
d5555557
c4444444

00000000
00000000
00000000
00000000
00000000
00000000
00000000
00000000
00000000
00000000
00000000

2aaaaaa8
c0000003
00000000
00000000
d5555557
00000000
2aaaaaa8
00000000
00000000
00000000
d5555557

22222220
eaaaaaab
ffffffff
d5555557
2affaaff
00000000
d5ff55ff
2aaaaaa8
ffffffff
d5555557
11111113

00000000
eaaaaaab
d5555557
00000000
00000000
00000000
00000000
00000000
2aaaaaa8
d5555557
00000000

08888888
c0000003
00000000
2aaaaaa8
ffaaffa8
00000000
ff55ff57
d5555557
00000000
00000000
c4444444

2a00aa00
00000000
d5555557
d5555557
00000000
00000000
00000000
2aaaaaa8
2aaaaaa8
00000000
d5005500

2aaaaaa8
2aaaaaa8
ffffffff
d5555557
d5555557
00000000
2aaaaaa8
2aaaaaa8
ffffffff
d5555557
d5555557

00000000
2aaaaaa8
00000000
00000000
2affaaff
00000000
d5ff15ff
00004000
00000000
d5555557
00000000

00aa00a8
00000000
00000000
00000000
2aaaaaa8
00000000
15555554
00000000
00000000
00000000
00550057

00000000
c0000003
d5555557
ffffffff
ffaaffa8
00000000
3f55ff54
ffffffff
2aaaaaa8
00000000
00000000

00000000
eaaaaaab
ffffffff
ffffffff
2beaabe8
3ffffffc
17d557d4
ffffffff
ffffffff
d5555557
00000000

2a00aa00
eaaaaaab
00000000
00000000
02800280
00000000
c1400143
00000000
00000000
d5555557
d5005500

2aaaaaa8
c0000003
00000000
00000000
d7d557d7
ffffffff
2beaabe8
00000000
00000000
00000000
d5555557

00000000
00000000
00000000
2aaaaaa8
02800280
00000000
01400140
d5555557
00000000
00000000
00000000

00aa00a8
2aaaaaa8
2aaaaaa8
2aaaaaa8
02d502d7
00ff00ff
01ea01e8
d5555557
d5555557
d5555557
00550057

00000000
eaaaaaab
00000000
00000000
00000000
00000000
00000000
00000000
00000000
d5555557
00000000

00000000
00000000
00000000
00000000
d5005500
ff00ff00
2a00aa00
00000000
00000000
00000000
00000000

00000000
00000000
00000000
00000000
00000000
00000000
00000000
00000000
00000000
00000000
00000000

3ffffffc
2aaaaaa8
ffffffff
ffffffff
ffffffff
00000000
ffffffff
ffffffff
ffffffff
d5555557
ffffffff

22222220
eaaaaaab
d5555557
d5555557
2affaaff
00000000
d5ff55ff
2aaaaaa8
2aaaaaa8
d5555557
11111113

00000000
c0000003
d5555557
d5555557
00000000
00000000
00000000
2aaaaaa8
2aaaaaa8
00000000
00000000

08888888
15555554
00000000
00000000
d5005500
00000000
2a00aa00
00000000
00000000
2aaaaaa8
c4444444

15555554
2aaaaaa8
2aaaaaa8
2aaaaaa8
2aaaaaa8
00000000
d5555557
d5555557
d5555557
ffffffff
2aaaaaa8

2aaaaaa8
eaaaaaab
d5555557
d5555557
ffffffff
00000000
ffffffff
2aaaaaa8
2aaaaaa8
d5555557
d5555557

37777774
15555554
d5555557
d5555557
00550057
00000000
00aa00a8
2aaaaaa8
2aaaaaa8
00000000
3bbbbbbb

15555554
00000000
00000000
00000000
00000000
00000000
00000000
00000000
00000000
00000000
2aaaaaa8

08888888
eaaaaaab
2aaaaaa8
2aaaaaa8
ffaaffa8
00000000
ff55ff57
d5555557
d5555557
ffffffff
c4444444

00000000
eaaaaaab
00000000
00000000
00000000
00000000
00000000
00000000
00000000
d5555557
00000000

3ffffffc
00000000
00000000
00000000
d5555557
00000000
2aaaaaa8
00000000
00000000
00000000
ffffffff

37777774
15555554
00000000
00000000
2affaaff
00000000
d5ff55ff
00000000
00000000
00000000
3bbbbbbb

00000000
ffffffff
ffffffff
d5555557
00000000
00000000
00000000
2aaaaaa8
ffffffff
ffffffff
00000000

08888888
2aaaaaa8
d5555557
2aaaaaa8
ffaaffa8
00000000
ff55ff57
d5555557
2aaaaaa8
d5555557
c4444444

00000000
00000000
00000000
00000000
00000000
00000000
00000000
00000000
00000000
00000000
00000000

2aaaaaa8
d5555557
00000000
00000000
d5555557
00000000
2aaaaaa8
00000000
00000000
00000000
d5555557

22222220
ffffffff
ffffffff
d5555557
2affaaff
00000000
d5ff55ff
2aaaaaa8
ffffffff
d5555557
11111113

00000000
eaaaaaab
d5555557
00000000
00000000
00000000
00000000
00000000
2aaaaaa8
d5555557
00000000

1ddddddc
00000000
00000000
2aaaaaa8
ffaaffa8
00000000
ff55ff57
d5555557
00000000
00000000
eeeeeeec

2a00aa00
15555554
d5555557
d5555557
00000000
00000000
00000000
2aaaaaa8
2aaaaaa8
2aaaaaa8
d5005500

2aaaaaa8
3ffffffc
ffffffff
d5555557
d5555557
00000000
2aaaaaa8
2aaaaaa8
ffffffff
ffffffff
d5555557

15555554
2aaaaaa8
00000000
00000000
2affaaff
00000000
d5ff55ff
00000000
00000000
d5555557
2aaaaaa8

15ff55fc
c0000003
00000000
00000000
00000000
00000000
00000000
00000000
00000000
00000000
2affaaff

00000000
d5555557
d5555557
ffffffff
d5005500
00000000
2a00aa00
ffffffff
2aaaaaa8
2aaaaaa8
2aaaaaa8

00000000
ffffffff
ffffffff
ffffffff
15555554
00000000
00000000
ffffffff
ffffffff
ffffffff
00000000

3f55ff54
eaaaaaab
00000000
00000000
00000000
00000000
c0000003
00000000
00000000
d5555557
ffaaffa8

2aaaaaa8
c0000003
00000000
00000000
d5555557
ffffffff
2aaaaaa8
00000000
00000000
00000000
d5555557

00000000
15555554
00000000
2aaaaaa8
00000000
00000000
00000000
d5555557
00000000
2aaaaaa8
00000000

15ff55fc
3ffffffc
2aaaaaa8
2aaaaaa8
02d502d7
00ff00ff
00aa00a8
d5555557
d5555557
ffffffff
2affaaff

15555554
eaaaaaab
00000000
00000000
02800280
00000000
00000000
00000000
00000000
d5555557
2aaaaaa8

15555554
00000000
00000000
00000000
d5005500
ff00ff00
2a00aa00
00000000
00000000
00000000
2aaaaaa8

22222220
00000000
00000000
00000000
00000000
00000000
00000000
00000000
00000000
00000000
11111113

2aaaaaa8
2aaaaaa8
ffffffff
ffffffff
ffffffff
00000000
ffffffff
ffffffff
ffffffff
d5555557
d5555557

00000000
eaaaaaab
d5555557
d5555557
2affaaff
00000000
d5ff55ff
2aaaaaa8
2aaaaaa8
d5555557
00000000

08888888
c0000003
d5555557
d5555557
00000000
00000000
00000000
2aaaaaa8
2aaaaaa8
00000000
c4444444

00000000
00000000
00000000
00000000
d5005500
00000000
2a00aa00
00000000
00000000
00000000
00000000

22222220
2aaaaaa8
2aaaaaa8
2aaaaaa8
2aaaaaa8
00000000
d5555557
d5555557
d5555557
d5555557
11111113

2aaaaaa8
eaaaaaab
d5555557
d5555557
ffffffff
00000000
ffffffff
2aaaaaa8
2aaaaaa8
d5555557
d5555557

00000000
00000000
d5555557
d5555557
00550057
00000000
00aa00a8
2aaaaaa8
2aaaaaa8
00000000
00000000

08888888
00000000
00000000
00000000
00000000
00000000
00000000
00000000
00000000
00000000
c4444444

00000000
eaaaaaab
2aaaaaa8
2aaaaaa8
ffaaffa8
00000000
ff55ff57
d5555557
d5555557
d5555557
00000000

22222220
eaaaaaab
00000000
00000000
00000000
00000000
00000000
00000000
00000000
d5555557
11111113

2aaaaaa8
00000000
00000000
00000000
d5555557
00000000
2aaaaaa8
00000000
00000000
00000000
d5555557

00000000
00000000
00000000
00000000
2affaaff
00000000
d5ff55ff
00000000
00000000
00000000
00000000

08888888
eaaaaaab
ffffffff
d5555557
00000000
00000000
00000000
2aaaaaa8
ffffffff
d5555557
c4444444

00000000
2aaaaaa8
d5555557
2aaaaaa8
ffaaffa8
00000000
ff55ff57
d5555557
2aaaaaa8
d5555557
00000000

22222220
00000000
00000000
00000000
00000000
00000000
00000000
00000000
00000000
00000000
11111113

2aaaaaa8
c0000003
00000000
00000000
d5555557
00000000
2aaaaaa8
00000000
00000000
00000000
d5555557

00000000
eaaaaaab
ffffffff
d5555557
2affaaff
00000000
d5ff55ff
2aaaaaa8
ffffffff
d5555557
00000000

08888888
eaaaaaab
d5555557
00000000
00000000
00000000
00000000
00000000
2aaaaaa8
d5555557
c4444444

00000000
00000000
00000000
2aaaaaa8
ffaaffa8
00000000
ff55ff57
d5555557
00000000
00000000
00000000

2a00aa00
00000000
d5555557
d5555557
00000000
00000000
00000000
2aaaaaa8
2aaaaaa8
00000000
d5005500

2aaaaaa8
2aaaaaa8
ffffffff
d5555557
d5555557
00000000
2aaaaaa8
2aaaaaa8
ffffffff
d5555557
d5555557

00000000
2aaaaaa8
00000000
00000000
2affaaff
00000000
d5ff55ff
00000000
00000000
d5555557
00000000

00aa00a8
c0000003
00000000
00000000
2aaaaaa8
00000000
15555554
00000000
00000000
00000000
00550057

00000000
c0000003
d5555557
ffffffff
ffaaffa8
00000000
3f55ff54
ffffffff
2aaaaaa8
00000000
00000000

00000000
eaaaaaab
ffffffff
ffffffff
2beaabe8
3ffffffc
17d557d4
ffffffff
ffffffff
d5555557
00000000

2a00aa00
eaaaaaab
00000000
00000000
02800280
00000000
c1400143
00000000
00000000
d5555557
d5005500

2aaaaaa8
c0000003
00000000
00000000
d7d557d7
ffffffff
2beaabe8
00000000
00000000
00000000
d5555557

00000000
00000000
00000000
2aaaaaa8
02800280
00000000
01400140
d5555557
00000000
00000000
00000000

00aa00a8
2aaaaaa8
2aaaaaa8
2aaaaaa8
02d502d7
00ff00ff
01ea01e8
d5555557
d5555557
d5555557
00550057

00000000
eaaaaaab
00000000
00000000
00000000
00000000
00000000
00000000
00000000
d5555557
00000000

00000000
00000000
00000000
00000000
d5005500
ff00ff00
2a00aa00
00000000
00000000
00000000
00000000

22222220
00000000
00000000
00000000
00000000
00000000
00000000
00000000
00000000
00000000
11111113

2aaaaaa8
2aaaaaa8
ffffffff
ffffffff
ffffffff
00000000
ffffffff
ffffffff
ffffffff
d5555557
d5555557

00000000
eaaaaaab
d5555557
d5555557
2affaaff
00000000
d5ff55ff
2aaaaaa8
2aaaaaa8
d5555557
00000000

08888888
c0000003
d5555557
d5555557
00000000
00000000
00000000
2aaaaaa8
2aaaaaa8
00000000
c4444444

00000000
00000000
00000000
00000000
d5005500
00000000
2a00aa00
00000000
00000000
00000000
00000000

22222220
2aaaaaa8
2aaaaaa8
2aaaaaa8
2aaaaaa8
00000000
d5555557
d5555557
d5555557
d5555557
11111113

2aaaaaa8
eaaaaaab
d5555557
d5555557
ffffffff
00000000
ffffffff
2aaaaaa8
2aaaaaa8
d5555557
d5555557

00000000
00000000
d5555557
d5555557
00550057
00000000
00aa00a8
2aaaaaa8
2aaaaaa8
00000000
00000000

08888888
00000000
00000000
00000000
00000000
00000000
00000000
00000000
00000000
00000000
c4444444

00000000
2aaaaaa8
2aaaaaa8
2aaaaaa8
ffaaffa8
00000000
ff55ff57
d5555557
d5555557
d5555557
00000000

22222220
eaaaaaab
00000000
00000000
00000000
00000000
00000000
00000000
00000000
d5555557
11111113

2aaaaaa8
c0000003
00000000
00000000
d5555557
00000000
2aaaaaa8
00000000
00000000
00000000
d5555557

00000000
00000000
00000000
00000000
2affaaff
00000000
d5ff55ff
00000000
00000000
00000000
00000000

08888888
2aaaaaa8
ffffffff
d5555557
00000000
00000000
00000000
2aaaaaa8
ffffffff
d5555557
c4444444

00000000
eaaaaaab
d5555557
2aaaaaa8
ffaaffa8
00000000
ff55ff57
d5555557
2aaaaaa8
d5555557
00000000

22222220
00000000
00000000
00000000
00000000
00000000
00000000
00000000
00000000
00000000
11111113

2aaaaaa8
c0000003
00000000
00000000
d5555557
00000000
2aaaaaa8
00000000
00000000
00000000
d5555557

00000000
eaaaaaab
ffffffff
d5555557
2affaaff
00000000
d5ff55ff
2aaaaaa8
ffffffff
d5555557
00000000

08888888
eaaaaaab
d5555557
00000000
00000000
00000000
00000000
00000000
2aaaaaa8
d5555557
c4444444

00000000
c0000003
00000000
2aaaaaa8
ffaaffa8
00000000
ff55ff57
d5555557
00000000
00000000
00000000

2a00aa00
00000000
d5555557
d5555557
00000000
00000000
00000000
2aaaaaa8
2aaaaaa8
00000000
d5005500

2aaaaaa8
2aaaaaa8
ffffffff
d5555557
d5555557
00000000
2aaaaaa8
2aaaaab8
ffffffff
d5555557
d5555557

00000000
2aaaaaa8
00000000
00000000
2affaaff
00000000
d5ff55ef
00000000
00000000
d5555557
00000000

00aa00a8
00000000
00000000
00000000
2aaaaaa8
00000000
15555554
00000000
00000000
00000000
00550057

00000000
c0000003
d5555557
ffffffff
ffaaffa8
00000000
3f55ff54
ffffffff
2aaaaaa8
00000000
00000000

00000000
eaaaaaab
ffffffff
ffffffff
2beaabe8
3ffffffc
17d557d4
ffffffff
ffffffff
d5555557
00000000

2a00aa00
eaaaaaab
00000000
00000000
02808280
00000000
c1410143
00000000
00000000
d5555557
d5005500

2aaaaaa8
c0000003
00000000
00000000
d7d5d7d7
ffffffff
2bebabe8
00000000
00000000
00000000
d5555557

00000000
00000000
00000000
2aaaaaa8
02800280
00000000
01400140
d5555557
00000000
00000000
00000000

00aa00a8
2aaaaaa8
2aaaaaa8
2aaaaaa8
02d502d7
00ff00ff
01ea01e8
d5555557
d5555557
d5555557
00550057

00000000
eaaaaaab
00000000
00000000
00000000
00000000
00000000
00000000
00000000
d5555557
00000000

00000000
00000000
00000000
00000000
d5005500
ff00ff00
2a00aa00
00000000
00000000
00000000
00000000

00000000
15555554
00000000
00000000
00000000
00000000
00000000
00000000
00000000
2aaaaaa8
00000000

3ffffffc
3ffffffc
ffffffff
ffffffff
ffffffff
00000000
ffffffff
ffffffff
ffffffff
ffffffff
ffffffff

22222220
eaaaaaab
d5555557
d5555557
2affaaff
00000000
d5ff55ff
2aaaaaa8
2aaaaaa8
d5555557
11111113

00000000
c0000003
d5555557
d5555557
00000000
00000000
00000000
2aaaaaa8
2aaaaaa8
00000000
00000000

08888888
15555554
00000000
00000000
d5005500
00000000
2a00aa00
00000000
00000000
2aaaaaa8
c4444444

15555554
3ffffffc
2aaaaaa8
2aaaaaa8
2aaaaaa8
00000000
d5555557
d5555557
d5555557
ffffffff
2aaaaaa8

2aaaaaa8
eaaaaaab
d5555557
d5555557
ffffffff
00000000
ffffffff
2aaaaaa8
2aaaaaa8
d5555557
d5555557

37777774
00000000
d5555557
d5555557
00550057
00000000
00aa00a8
2aaaaaa8
2aaaaaa8
00000000
3bbbbbbb

15555554
15555554
00000000
00000000
00000000
00000000
00000000
00000000
00000000
2aaaaaa8
2aaaaaa8

08888888
ffffffff
2aaaaaa8
2aaaaaa8
ffaaffa8
00000000
ff55ff57
d5555557
d5555557
ffffffff
c4444444

00000000
eaaaaaab
00000000
00000000
00000000
00000000
00000000
00000000
00000000
d5555557
00000000

3ffffffc
00000000
00000000
00000000
d5555557
00000000
2aaaaaa8
00000000
00000000
00000000
ffffffff

37777774
15555554
00000000
00000000
2affaaff
00000000
d5ff55ff
00000000
00000000
00000000
3bbbbbbb

00000000
ffffffff
ffffffff
d5555557
00000000
00000000
00000000
2aaaaaa8
ffffffff
d5555557
00000000

08888888
2aaaaaa8
d5555557
2aaaaaa8
ffaaffa8
00000000
ff55ff57
d5555557
2aaaaaa8
d5555557
c4444444

00000000
00000000
00000000
00000000
00000000
00000000
00000000
00000000
00000000
00000000
00000000

2aaaaaa8
d5555557
00000000
00000000
d5555557
00000000
2aaaaaa8
00000000
00000000
00000000
d5555557

22222220
ffffffff
ffffffff
d5555557
2affaaff
00000000
d5ff55ff
2aaaaaa8
ffffffff
d5555557
11111113

00000000
eaaaaaab
d5555557
00000000
00000000
00000000
00000000
00000000
2aaaaaa8
d5555557
00000000

1ddddddc
00000000
00000000
2aaaaaa8
ffaaffa8
00000000
ff55ff57
d5555557
00000000
2aaaaaa8
eeeeeeec

2a00aa00
00000000
d5555557
d5555557
00000000
00000000
00000000
2aaaaaa8
2aaaaaa8
00000000
d5005500

2aaaaaa8
2aaaaaa8
ffffffff
d5555557
d5555557
00000000
2aaaaaa8
2aaaaaa8
ffffffff
d5555557
d5555557

15555554
2aaaaaa8
00000000
00000000
2affaaff
00000000
d5ff55ff
00000000
00000000
d5555557
2aaaaaa8

15ff55fc
c0000003
00000000
00000000
00000000
00000000
00000000
00000000
00000000
2aaaaaa8
2affaaff

15555554
c0000003
d5555557
ffffffff
d5005500
00000000
2a00aa00
ffffffff
2aaaaaa8
00000000
2aaaaaa8

00000000
ffffffff
ffffffff
ffffffff
15555554
00000000
00000000
ffffffff
ffffffff
ffffffff
00000000

3f55ff54
eaaaaaab
00000000
00000000
00000000
00000000
c0000003
00000000
00000000
ffffffff
ffaaffa8

2aaaaaa8
c0000003
00000000
00000000
d555d557
ffffffff
2aabaaa8
00000000
00000000
00000000
d5555557

00000000
15555554
00000000
2aaaaaa8
00008000
00000000
00010000
d5555557
00000000
00000000
00000000

15ff55fc
2aaaaaa8
2aaaaaa8
2aaaaaa8
02d502d7
00ff00ff
00aa00a8
d5555557
d5555557
d5555557
2affaaff

15555554
eaaaaaab
00000000
00000000
02800280
00000000
00000000
00000000
00000000
d5555557
2aaaaaa8

15555554
00000000
00000000
00000000
d5005500
ff00ff00
2a00aa00
00000000
00000000
00000000
00000000

00000000
00000000
00000000
00000000
00000000
00000000
00000000
00000000
00000000
00000000
00000000

2aaaaaa8
2aaaaaa8
ffffffff
ffffffff
ffffffff
00000000
ffffffff
ffffffff
ffffffff
d5555557
d5555557

22222220
eaaaaaab
d5555557
d5555557
2affaaff
00000000
d5ff55ff
2aaaaaa8
2aaaaaa8
d5555557
11111113

00000000
c0000003
d5555557
d5555557
00000000
00000000
00000000
2aaaaaa8
2aaaaaa8
00000000
00000000

08888888
00000000
00000000
00000000
d5005500
00000000
2a00aa00
00000000
00000000
00000000
c4444444

00000000
2aaaaaa8
2aaaaaa8
2aaaaaa8
2aaaaaa8
00000000
d5555557
d5555557
d5555557
d5555557
00000000

2aaaaaa8
eaaaaaab
d5555557
d5555557
ffffffff
00000000
ffffffff
2aaaaaa8
2aaaaaa8
d5555557
d5555557

22222220
00000000
d5555557
d5555557
00550057
00000000
00aa00a8
2aaaaaa8
2aaaaaa8
00000000
11111113

00000000
00000000
00000000
00000000
00000000
00000000
00000000
00000000
00000000
00000000
00000000

08888888
eaaaaaab
2aaaaaa8
2aaaaaa8
ffaaffa8
00000000
ff55ff57
d5555557
d5555557
d5555557
c4444444

00000000
eaaaaaab
00000000
00000000
00000000
00000000
00000000
00000000
00000000
d5555557
00000000

2aaaaaa8
00000000
00000000
00000000
d5555557
00000000
2aaaaaa8
00000000
00000000
00000000
d5555557

22222220
00000000
00000000
00000000
2affaaff
00000000
d5ff55ff
00000000
00000000
00000000
11111113

00000000
eaaaaaab
ffffffff
d5555557
00000000
00000000
00000000
2aaaaaa8
ffffffff
d5555557
00000000

08888888
2aaaaaa8
d5555557
2aaaaaa8
ffaaffa8
00000000
ff55ff57
d5555557
2aaaaaa8
d5555557
c4444444

00000000
00000000
00000000
00000000
00000000
00000000
00000000
00000000
00000000
00000000
00000000

2aaaaaa8
c0000003
00000000
00000000
d5555557
00000000
2aaaaaa8
00000000
00000000
00000000
d5555557

22222220
eaaaaaab
ffffffff
d5555557
2affaaff
00000000
d5ff55ff
2aaaaaa8
ffffffff
d5555557
11111113

00000000
eaaaaaab
d5555557
00000000
00000000
00000000
00000000
00000000
2aaaaaa8
d5555557
00000000

08888888
00000000
00000000
2aaaaaa8
ffaaffa8
00000000
ff55ff57
d5555557
00000000
00000000
c4444444

2a00aa00
00000000
d5555557
d5555557
00000000
00000000
00000000
2aaaaaa8
2aaaaaa8
00000000
d5005500

2aaaaaa8
2aaaaaa8
ffffffff
d5555557
d5555557
00000000
2aaaaaa8
2aaaaaa8
ffffffff
d5555557
d5555557

00000000
2aaaaaa8
00000000
00000000
2affaaff
00000000
d5ff55ff
00000000
00000000
d5555557
00000000

00aa00a8
c0000003
00000000
00000000
2aaaaaa8
00000000
15555554
00000000
00000000
00000000
00550057

00000000
c0000003
d5555557
ffffffff
ffaaffa8
00000000
3f55ff54
ffffffff
2aaaaaa8
00000000
00000000

00000000
eaaaaaab
ffffffff
ffffffff
2beaabe8
3ffffffc
17d557d4
ffffffff
ffffffff
d5555557
00000000

2a00aa00
eaaaaaab
00000000
00000000
02808280
00000000
c1410143
00000000
00000000
d5555557
d5005500

2aaaaaa8
c0000003
00000000
00000000
d7d5d7d7
ffffffff
2bebabe8
00000000
00000000
00000000
d5555557

00000000
00000000
00000000
2aaaaaa8
02800280
00000000
01400140
d5555557
00000000
00000000
00000000

00aa00a8
2aaaaaa8
2aaaaaa8
2aaaaaa8
02d502d7
00ff00ff
01ea01e8
d5555557
d5555557
d5555557
00550057

00000000
eaaaaaab
00000000
00000000
00000000
00000000
00000000
00000000
00000000
d5555557
00000000

00000000
00000000
00000000
00000000
d5005500
ff00ff00
2a00aa00
00000000
00000000
00000000
00000000

22222220
00000000
00000000
00000000
00550057
00000000
00aa00a8
00000000
00000000
00000000
11111113

2aaaaaa8
2aaaaaa8
ffffffff
ffffffff
ffffffff
00000000
ffffffff
ffffffff
ffffffff
d5555557
d5555557

00000000
eaaaaaab
d5555557
d5555557
2aaaaaa8
00000000
d5555557
2aaaaaa8
2aaaaaa8
d5555557
00000000

08888888
c0000003
d5555557
d5555557
d5005500
00000000
2a00aa00
2aaaaaa8
2aaaaaa8
00000000
c4444444

00000000
00000000
00000000
00000000
00000000
00000000
00000000
00000000
00000000
00000000
00000000

22222220
2aaaaaa8
2aaaaaa8
2aaaaaa8
2affaaff
00000000
d5ff55ff
d5555557
d5555557
d5555557
11111113

2aaaaaa8
2aaaaaa8
d5555557
d5555557
ffffffff
00000000
ffffffff
2aaaaaa8
2aaaaaa8
d5555557
d5555557

00000000
00000000
d5555557
d5555557
00000000
00000000
00000000
2aaaaaa8
2aaaaaa8
00000000
00000000

08888888
00000000
00000000
00000000
d5005500
00000000
2a00aa00
00000000
00000000
00000000
c4444444

00000000
2aaaaaa8
2aaaaaa8
2aaaaaa8
2aaaaaa8
00000000
d5555557
d5555557
d5555557
d5555557
00000000

22222220
eaaaaaab
00000000
00000000
00550057
00000000
00aa00a8
00000000
00000000
d5555557
11111113

2aaaaaa8
c0000003
00000000
00000000
d5555557
00000000
2aaaaaa8
00000000
00000000
00000000
d5555557

00000000
00000000
00000000
00000000
2aaaaaa8
00000000
d5555557
00000000
00000000
00000000
00000000

08888888
2aaaaaa8
ffffffff
d5555557
d5005500
00000000
2a00aa00
2aaaaaa8
ffffffff
d5555557
c4444444

00000000
2aaaaaa8
d5555557
2aaaaaa8
2aaaaaa8
00000000
d5555557
d5555557
2aaaaaa8
d5555557
00000000

22222220
00000000
00000000
00000000
00550057
00000000
00aa00a8
00000000
00000000
00000000
11111113

2aaaaaa8
c0000003
00000000
00000000
d5555557
00000000
2aaaaaa8
00000000
00000000
00000000
d5555557

00000000
eaaaaaab
ffffffff
d5555557
2aaaaaa8
00000000
d5555557
2aaaaaa8
ffffffff
d5555557
00000000

08888888
eaaaaaab
d5555557
00000000
d5005500
00000000
2a00aa00
00000000
2aaaaaa8
d5555557
c4444444

00000000
c0000003
00000000
2aaaaaa8
2aaaaaa8
00000000
d5555557
d5555557
00000000
00000000
00000000

00000000
00000000
d5555557
d5555557
00550057
00000000
00aa00a8
2aaaaaa8
2aaaaaa8
00000000
00000000

2a00aa00
2aaaaaa8
ffffffff
d5555557
d5555557
00000000
2aaaaaa8
2aaaaaa8
ffffffff
d5555557
d5005500

00000000
eaaaaaab
00000000
00000000
2aaaaaa8
00000000
d5555557
00000000
00000000
d5555557
00000000

00000000
00000000
00000000
00000000
ffaaffa8
00000000
3f55ff54
00000000
00000000
00000000
00000000

2a00aa00
c0000003
d5555557
ff55ff57
2aaaaaa8
00000000
15555554
ffaaffa8
2aaaaaa8
00000000
d5005500

00000000
eaaaaaab
ffffffff
ffffffff
2beaabe8
3ffffffc
17d557d4
ffffffff
ffffffff
d5555557
00000000

00000000
eaaaaaab
00000000
00aa00a8
00000000
00000000
c0010003
00550057
00000000
d5555557
00000000

2a00aa00
c0000003
00000000
00000000
d5005500
ff00ff00
2a01aa00
00000000
00000000
00000000
d5005500

00000000
00000000
00000000
2a00aa00
00000000
00000000
00000000
d5005500
00000000
00000000
00000000

00000000
2aaaaaa8
2aaaaaa8
2aaaaaa8
00000000
00000000
00000000
d5555557
d5555557
d5555557
00000000

2a00aa00
2aaaaaa8
00000000
00aa00a8
d7805780
ff00ff00
2b40ab40
00550057
00000000
d5555557
d5005500

00000000
00000000
00000000
00000000
00000000
00000000
00000000
00000000
00000000
00000000
00000000

22222220
00000000
00000000
00000000
00550057
00000000
00aa00a8
00000000
00000000
00000000
11111113

3ffffffc
2aaaaaa8
ffffffff
ffffffff
ffffffff
00000000
ffffffff
ffffffff
ffffffff
d5555557
ffffffff

00000000
eaaaaaab
d5555557
d5555557
2aaaaaa8
00000000
d5555557
2aaaaaa8
2aaaaaa8
d5555557
00000000

08888888
c0000003
d5555557
d5555557
d5005500
00000000
2a00aa00
2aaaaaa8
2aaaaaa8
00000000
c4444444

00000000
15555554
00000000
00000000
00000000
00000000
00000000
00000000
00000000
2aaaaaa8
00000000

37777774
2aaaaaa8
2aaaaaa8
2aaaaaa8
2affaaff
00000000
d5ff55ff
d5555557
d5555557
ffffffff
3bbbbbbb

2aaaaaa8
2aaaaaa8
d5555557
d5555557
ffffffff
00000000
ffffffff
2aaaaaa8
2aaaaaa8
d5555557
d5555557

15555554
15555554
d5555557
d5555557
00000000
00000000
00000000
2aaaaaa8
2aaaaaa8
00000000
2aaaaaa8

1ddddddc
00000000
00000000
00000000
d5005500
00000000
2a00aa00
00000000
00000000
00000000
eeeeeeec

00000000
eaaaaaab
2aaaaaa8
2aaaaaa8
2aaaaaa8
00000000
d5555557
d5555557
d5555557
ffffffff
00000000

22222220
eaaaaaab
00000000
00000000
00550057
00000000
00aa00a8
00000000
00000000
d5555557
11111113

3ffffffc
00000000
00000000
00000000
d5555557
00000000
2aaaaaa8
00000000
00000000
00000000
ffffffff

15555554
15555554
00000000
00000000
2aaaaaa8
00000000
d5555557
00000000
00000000
00000000
2aaaaaa8

08888888
3ffffffc
ffffffff
d5555557
d5005500
00000000
2a00aa00
2aaaaaa8
ffffffff
ffffffff
c4444444

00000000
2aaaaaa8
d5555557
2aaaaaa8
2aaaaaa8
00000000
d5555557
d5555557
2aaaaaa8
d5555557
00000000

22222220
00000000
00000000
00000000
00550057
00000000
00aa00a8
00000000
00000000
00000000
11111113

3ffffffc
d5555557
00000000
00000000
d5555557
00000000
2aaaaaa8
00000000
00000000
00000000
ffffffff

00000000
ffffffff
ffffffff
d5555557
2aaaaaa8
00000000
d5555557
2aaaaaa8
ffffffff
d5555557
00000000

08888888
eaaaaaab
d5555557
00000000
d5005500
00000000
2a00aa00
00000000
2aaaaaa8
d5555557
c4444444

15555554
00000000
00000000
2aaaaaa8
2aaaaaa8
00000000
d5555557
d5555557
00000000
00000000
2aaaaaa8

00000000
15555554
d5555557
d5555557
00550057
00000000
00aa00a8
2aaaaaa8
2aaaaaa8
2aaaaaa8
00000000

2a00aa00
ffffffff
ffffffff
d5555557
d5555557
00000000
2aaaaaa8
2aaaaaa8
ffffffff
ffffffff
d5005500

15555554
2aaaaaa8
00000000
00000000
2aaaaaa8
00000000
d5555557
00000000
00000000
d5555557
2aaaaaa8

15555554
c0000003
00000000
00000000
d5005500
00000000
2a00aa00
00000000
00000000
00000000
2aaaaaa8

2a00aa00
d5555557
d5555557
ff55ff57
00000000
00000000
00000000
ffaaffa8
2aaaaaa8
2aaaaaa8
ffaaffa8

00000000
ffffffff
ffffffff
ffffffff
15555554
00000000
00000000
ffffffff
ffffffff
ffffffff
00000000

15555554
eaaaaaab
00000000
00aa00a8
00000000
00000000
c0000003
00550057
00000000
d5555557
2aaaaaa8

2a00aa00
c0000003
00000000
00000000
d500d500
ff00ff00
2a01aa00
00000000
00000000
00000000
d5005500

00000000
15555554
00000000
2a00aa00
00008000
00000000
00010000
d5005500
00000000
2aaaaaa8
00000000

15555554
3ffffffc
2aaaaaa8
2aaaaaa8
02800280
00000000
00000000
d5555557
d5555557
ffffffff
2aaaaaa8

3f55ff54
2aaaaaa8
00000000
00aa00a8
d7805780
ff00ff00
2a00aa00
00550057
00000000
d5555557
ffaaffa8

15555554
00000000
00000000
00000000
00000000
00000000
00000000
00000000
00000000
00000000
2aaaaaa8

00000000
00000000
00000000
00000000
00550057
00000000
00aa00a8
00000000
00000000
00000000
00000000

2aaaaaa8
2aaaaaa8
ffffffff
ffffffff
ffffffff
00000000
ffffffff
ffffffff
ffffffff
d5555557
d5555557

22222220
eaaaaaab
d5555557
d5555557
2aaaaaa8
00000000
d5555557
2aaaaaa8
2aaaaaa8
d5555557
11111113

00000000
c0000003
d5555557
d5555557
d5005500
00000000
2a00aa00
2aaaaaa8
2aaaaaa8
00000000
00000000

08888888
00000000
00000000
00000000
00000000
00000000
00000000
00000000
00000000
00000000
c4444444

00000000
2aaaaaa8
2aaaaaa8
2aaaaaa8
2affaaff
00000000
d5ff55ff
d5555557
d5555557
d5555557
00000000

2aaaaaa8
2aaaaaa8
d5555557
d5555557
ffffffff
00000000
ffffffff
2aaaaaa8
2aaaaaa8
d5555557
d5555557

22222220
00000000
d5555557
d5555557
00000000
00000000
00000000
2aaaaaa8
2aaaaaa8
00000000
11111113

00000000
00000000
00000000
00000000
d5005500
00000000
2a00aa00
00000000
00000000
00000000
00000000

08888888
eaaaaaab
2aaaaaa8
2aaaaaa8
2aaaaaa8
00000000
d5555557
d5555557
d5555557
d5555557
c4444444

00000000
eaaaaaab
00000000
00000000
00550057
00000000
00aa00a8
00000000
00000000
d5555557
00000000

2aaaaaa8
00000000
00000000
00000800
d5555557
00000000
2aaaaaa8
00000000
00000000
00000000
d5555557

22222220
00000000
00000000
00000200
2aaaa0a8
00000000
d5555557
00000000
00000000
00000000
11111113

00000000
2aaaaaa8
ffffffff
d5555557
d5005500
00000000
2a00aa00
2aaaaaa8
ffffffff
d5555557
00000000

08888888
2aaaaaa8
d5555557
2aaaaaa8
2aaaaaa8
00000000
d5555557
d5555557
2aaaaaa8
d5555557
c4444444

00000000
00000000
00000000
00000000
00550057
00000000
00aa00a8
00000000
00000000
00000000
00000000

2aaaaaa8
c0000003
00000000
00000000
d5555557
00000000
2aaaaaa8
00000000
00000000
00000000
d5555557

22222220
eaaaaaab
ffffffff
d5555557
2aaaaaa8
00000000
d5555557
2aaaaaa8
ffffffff
d5555557
11111113

00000000
eaaaaaab
d5555557
00000000
d5005500
00000000
2a00aa00
00000000
2aaaaaa8
d5555557
00000000

08888888
00000000
00000000
2aaaaaa8
2aaaaaa8
00000000
d5555557
d5555557
00000000
00000000
c4444444

00000000
00000000
d5555557
d5555557
00550057
00000000
00aa00a8
2aaaaaa8
2aaaaaa8
00000000
00000000

2a00aa00
eaaaaaab
ffffffff
d5555557
d5555557
00000000
2aaaaaa8
2aaaaaa8
ffffffff
d5555557
d5005500

00000000
2aaaaaa8
00000000
00000080
2aaaaa28
00000000
d5555557
00000000
00000000
d5555557
00000000

00000000
c0000003
00000000
00000000
ffaaffa8
00000000
3f55ff54
00000000
00000000
00000000
00000000

2a00aa00
c0000003
d5555557
ff55ff57
2aaaaaa8
00000000
15555554
ffaaffa8
2aaaaaa8
00000000
d5005500

00000000
eaaaaaab
ffffffff
ffffffff
2beaabe8
3ffffffc
17d557d4
ffffffff
ffffffff
d5555557
00000000

00000000
eaaaaaab
00000000
00aa00a8
00000000
00000000
c0000003
00550057
00000000
d5555557
00000000

2a00aa00
c0000003
00000000
00000000
d5005500
ff00ff00
2a00aa00
00000000
00000000
00000000
d5005500

00000000
00000000
00000000
2a00aa00
00000000
00000000
00000000
d5005500
00000000
00000000
00000000

00000000
2aaaaaa8
2aaaaaa8
2aaaaaa8
00000000
00000000
00000000
d5555557
d5555557
d5555557
00000000

2a00aa00
2aaaaaa8
00000000
00aa00a8
d7805780
ff00ff00
2b40ab40
00550057
00000000
d5555557
d5005500

00000000
00000000
00000000
00000000
00000000
00000000
00000000
00000000
00000000
00000000
00000000

00000000
00000000
00000000
00000000
00550057
00000000
00aa00a8
00000000
00000000
00000000
00000000

2aaaaaa8
2aaaaaa8
ffffffff
ffffffff
ffffffff
00000000
ffffffff
ffffffff
ffffffff
d5555557
d5555557

22222220
eaaaaaab
d5555557
d5555557
2aaaaaa8
00000000
d5555557
2aaaaaa8
2aaaaaa8
d5555557
11111113

00000000
c0000003
d5555557
d5555557
d5005500
00000000
2a00aa00
2aaaaaa8
2aaaaaa8
00000000
00000000

08888888
00000000
00000000
00000000
00000000
00000000
00000000
00000000
00000000
00000000
c4444444

00000000
2aaaaaa8
2aaaaaa8
2aaaaaa8
2affaaff
00000000
d5ff55ff
d5555557
d5555557
d5555557
00000000

2aaaaaa8
2aaaaaa8
d5555557
d5555557
ffffffff
00000000
ffffffff
2aaaaaa8
2aaaaaa8
d5555557
d5555557

22222220
00000000
d5555557
d5555557
00000000
00000000
00000000
2aaaaaa8
2aaaaaa8
00000000
11111113

00000000
00000000
00000000
00000000
d5005500
00000000
2a00aa00
00000000
00000000
00000000
00000000

08888888
2aaaaaa8
2aaaaaa8
2aaaaaa8
2aaaaaa8
00000000
d5555557
d5555557
d5555557
d5555557
c4444444

00000000
eaaaaaab
00000000
00000000
00550057
00000000
00aa00a8
00000000
00000000
d5555557
00000000

2aaaaaa8
c0000003
00000000
00000000
d5555557
00000000
2aaaaaa8
00000000
00000000
00000000
d5555557

22222220
00000000
00000000
00000000
2aaaaaa8
00000000
d5555557
00000000
00000000
00000000
11111113

00000000
2aaaaaa8
ffffffff
d5555557
d5005500
00000000
2a00aa00
2aaaaaa8
ffffffff
d5555557
00000000

08888888
2aaaaaa8
d5555557
2aaaaaa8
2aaaaaa8
00000000
d5555557
d5555557
2aaaaaa8
d5555557
c4444444

00000000
00000000
00000000
00000000
00550057
00000000
00aa00a8
00000000
00000000
00000000
00000000

2aaaaaa8
c0000003
00000000
00000000
d5555557
00000000
2aaaaaa8
00000000
00000000
00000000
d5555557

22222220
eaaaaaab
ffffffff
d5555557
2aaaaaa8
00000000
d5555557
2aaaaaa8
ffffffff
d5555557
11111113

00000000
eaaaaaab
d5555557
00000000
d5005500
00000000
2a00aa00
00000000
2aaaaaa8
d5555557
00000000

08888888
c0000003
00000000
2aaaaaa8
2aaaaaa8
00000000
d5555557
d5555557
00000000
00000000
c4444444

00000000
00000000
d5555557
d5555557
00550057
00000000
00aa00a8
2aaaaaa8
2aaaaaa8
00000000
00000000

2a00aa00
2aaaaaa8
ffffffff
d5555557
d5555557
00000000
2aaaaaa8
2aaaaaa8
ffffffff
d5555557
d5005500

00000000
eaaaaaab
00000000
00000000
2aaaaaa8
00000000
d5555557
00000000
00000000
d5555557
00000000

00000000
00000000
00000000
00000000
ffaaffa8
00000000
3f55ff54
00000000
00000000
00000000
00000000

2a00aa00
c0000003
d5555557
ff55ff57
2aaaaaa8
00000000
15555554
ffaaffa8
2aaaaaa8
00000000
d5005500

00000000
eaaaaaab
ffffffff
ffffffff
2beaabe8
3ffffffc
17d557d4
ffffffff
ffffffff
d5555557
00000000

00000000
eaaaaaab
00000000
00aa00a8
00000000
00000000
c0000003
00550057
00000000
d5555557
00000000

2a00aa00
c0000003
00000000
00000000
d5005500
ff00ff00
2a00aa00
00000000
00000000
00000000
d5005500

00000000
00000000
00000000
2a00aa00
02800280
00000000
01400140
d5005500
00000000
00000000
00000000

00000000
2aaaaaa8
2aaaaaa8
2aaaaaa8
02800280
00000000
01400140
d5555557
d5555557
d5555557
00000000

2a00aa00
2aaaaaa8
00000000
00aa00a8
d7805780
ff00ff00
2b40ab40
00550057
00000000
d5555557
d5005500

00000000
00000000
00000000
00000000
00000000
00000000
00000000
00000000
00000000
00000000
00000000

22222220
15555554
00000000
00000000
00550057
00000000
00aa00a8
00000000
00000000
2aaaaaa8
11111113

3ffffffc
3ffffffc
ffffffff
ffffffff
ffffffff
00000000
ffffffff
ffffffff
ffffffff
ffffffff
ffffffff

00000000
eaaaaaab
d5555557
d5555557
2aaaaaa8
00000000
d5555557
2aaaaaa8
2aaaaaa8
d5555557
00000000

08888888
c0000003
d5555557
d5555557
d5005500
00000000
2a00aa00
2aaaaaa8
2aaaaaa8
00000000
c4444444

00000000
15555554
00000000
00000000
00000000
00000000
00000000
00000000
00000000
2aaaaaa8
00000000

37777774
3ffffffc
2aaaaaa8
2aaaaaa8
2affaaff
00000000
d5ff55ff
d5555557
d5555557
ffffffff
3bbbbbbb

2aaaaaa8
2aaaaaa8
d5555557
d5555557
ffffffff
00000000
ffffffff
2aaaaaa8
2aaaaaa8
d5555557
d5555557

15555554
00000000
d5555557
d5555557
00000000
00000000
00000000
2aaaaaa8
2aaaaaa8
00000000
2aaaaaa8

1ddddddc
15555554
00000000
00000000
d5005500
00000000
2a00aa00
00000000
00000000
2aaaaaa8
eeeeeeec

00000000
ffffffff
2aaaaaa8
2aaaaaa8
2aaaaaa8
00000000
d5555557
d5555557
d5555557
ffffffff
00000000

22222220
eaaaaaab
00000000
00000000
00550057
00000000
00aa00a8
00000000
00000000
d5555557
11111113

3ffffffc
00000000
00000000
00000000
d5555557
00000000
2aaaaaa8
00000000
00000000
00000000
ffffffff

15555554
15555554
00000000
00000000
2aaaaaa8
00000000
d5555557
00000000
00000000
00000000
2aaaaaa8

08888888
3ffffffc
ffffffff
d5555557
d5005500
00000000
2a00aa00
2aaaaaa8
ffffffff
d5555557
c4444444

00000000
2aaaaaa8
d5555557
2aaaaaa8
2aaaaaa8
00000000
d5555557
d5555557
2aaaaaa8
d5555557
00000000

22222220
00000000
00000000
00000000
00550057
00000000
00aa00a8
00000000
00000000
00000000
11111113

3ffffffc
d5555557
00000000
00000000
d5555557
00000000
2aaaaaa8
00000000
00000000
00000000
ffffffff

00000000
ffffffff
ffffffff
d5555557
2aaaaaa8
00000000
d5555557
2aaaaaa8
ffffffff
d5555557
00000000

08888888
eaaaaaab
d5555557
00000000
d5005500
00000000
2a00aa00
00000000
2aaaaaa8
d5555557
c4444444

15555554
00000000
00000000
2aaaaaa8
2aaaaaa8
00000000
d5555557
d5555557
00000000
2aaaaaa8
2aaaaaa8

00000000
00000000
d5555557
d5555557
00550057
00000000
00aa00a8
2aaaaaa8
2aaaaaa8
00000000
00000000

2a00aa00
eaaaaaab
ffffffff
d5555557
d5555557
00000000
2aaaaaa8
2aaaaaa8
ffffffff
d5555557
d5005500

15555554
2aaaaaa8
00000000
00000000
2aaaaaa8
00000000
d5555557
00000000
00000000
d5555557
2aaaaaa8

15555554
c0000003
00000000
00000000
d5005500
00000000
2a00aa00
00000000
00000000
2aaaaaa8
2aaaaaa8

3f55ff54
c0000003
d5555557
ff55ff57
00000000
00000000
00000000
ffaaffa8
2aaaaaa8
00000000
ffaaffa8

00000000
ffffffff
ffffffff
ffffffff
15555554
00000000
00000000
ffffffff
ffffffff
ffffffff
00000000

15555554
eaaaaaab
00000000
00aa00a8
00000000
00000000
c0000003
00550057
00000000
ffffffff
2aaaaaa8

2a00aa00
c0000003
00000000
00000000
d5005500
ff00ff00
2a00aa00
00000000
00000000
00000000
d5005500

00000000
15555554
00000000
2a00aa00
00000000
00000000
00000000
d5005500
00000000
00000000
00000000

15555554
2aaaaaa8
2aaaaaa8
2aaaaaa8
02800280
00000000
00000000
d5555557
d5555557
d5555557
2aaaaaa8

3f55ff54
2aaaaaa8
00000000
00aa00a8
d7805780
ff00ff00
2a00aa00
00550057
00000000
d5555557
ffaaffa8

15555554
00000000
00000000
00000000
00000000
00000000
00000000
00000000
00000000
00000000
00000000

22222220
00000000
00000000
00000000
00550057
00000000
00aa00a8
00000000
00000000
00000000
11111113

2aaaaaa8
2aaaaaa8
ffffffff
ffffffff
ffffffff
00000000
ffffffff
ffffffff
ffffffff
d5555557
d5555557

00000000
eaaaaaab
d5555557
d5555557
2aaaaaa8
00000000
d5555557
2aaaaaa8
2aaaaaa8
d5555557
00000000

08888888
c0000003
d5555557
d5555557
d5005500
00000000
2a00aa00
2aaaaaa8
2aaaaaa8
00000000
c4444444

00000000
00000000
00000000
00000000
00000000
00000000
00000000
00000000
00000000
00000000
00000000

22222220
2aaaaaa8
2aaaaaa8
2aaaaaa8
2affaaff
00000000
d5ff55ff
d5555557
d5555557
d5555557
11111113

2aaaaaa8
eaaaaaab
d5555557
d5555557
ffffffff
00000000
ffffffff
2aaa8aa8
2aaaaaa8
d5555557
d5555557

00000000
00000000
d5555557
d5555557
00000000
00000000
00000000
2aaaaaa8
2aaaaaa8
00000000
00000000

08888888
00000000
00000000
00000000
d5005500
00000000
2a00aa00
00000000
00000000
00000000
c4444444

00000000
eaaaaaab
2aaaaaa8
2aaaaaa8
2aaaaaa8
00000000
d5555557
d5555557
d5555557
d5555557
00000000

22222220
eaaaaaab
00000000
00000000
00550057
00000000
00aa00a8
00000000
00000000
d5555557
11111113

2aaaaaa8
00000000
00000000
00000000
d5555557
00000000
2aaaaaa8
00002000
00000000
00000000
d5555557

00000000
00000000
00000000
00000000
2aaaaaa8
00000000
d5555557
00000000
00000000
00000000
00000000

08888888
eaaaaaab
ffffffff
d5555557
d5005500
00000000
2a00aa00
2aaaaaa8
ffffffff
d5555557
c4444444

00000000
2aaaaaa8
d5555557
2aaaaaa8
2aaaaaa8
00000000
d5555557
d5555557
2aaaaaa8
d5555557
00000000

22222220
00000000
00000000
00000000
00550057
00000000
00aa00a8
00000000
00000000
00000000
11111113

2aaaaaa8
c0000003
00000000
00000000
d5555557
00000000
2aaaaaa8
00000000
00000000
00000000
d5555557

00000000
eaaaaaab
ffffffff
d5555557
2aaaaaa8
00000000
d5555557
2aaaaaa8
ffffffff
d5555557
00000000

08888888
eaaaaaab
d5555557
00000000
d5005500
00000000
2a00aa00
00000000
2aa8aaa8
d5555557
c4444444

00000000
00000000
00000000
2aaaaaa8
2aa8aaa8
00000000
d5555557
d5555557
00020000
00000000
00000000

00000000
00000000
d5555557
d5555557
00550057
00000000
00aa00a8
2aaaaaa8
2aaaaaa8
00000000
00000000

2a00aa00
2aaaaaa8
ffffffff
d5555557
d5555557
00000000
2aaaaaa8
2aaaaaa8
ffffffff
d5555557
d5005500

00000000
2aaaaaa8
00000000
00000000
2aa8aaa8
00000000
d5555557
00000000
00000000
d5555557
00000000

00000000
c0000003
00000000
00000000
ffaaffa8
00000000
3f55ff54
00000000
00000000
00000000
00000000

2a00aa00
c0000003
d5555557
ff55ff57
2aaaaaa8
00000000
15555554
ffaaffa8
2aaaaaa8
00000000
d5005500

00000000
eaaaaaab
ffffffff
ffffffff
2beaabe8
3ffffffc
17d557d4
ffffffff
ffffffff
d5555557
00000000

00000000
eaaaaaab
00000000
00aa00a8
00000000
00000000
c0000003
00550057
00000000
d5555557
00000000

2a00aa00
c0000003
00000000
00000000
d5005500
ff00ff00
2a00aa00
00000000
00000000
00000000
d5005500

00000000
00000000
00000000
2a00aa00
02800280
00000000
01400140
d5005500
00000000
00000000
00000000

00000000
2aaaaaa8
2aaaaaa8
2aaaaaa8
02800280
00000000
01400140
d5555557
d5555557
d5555557
00000000

2a00aa00
eaaaaaab
00000000
00aa00a8
d7805780
ff00ff00
2b40ab40
00550057
00000000
d5555557
d5005500

00000000
00000000
00000000
00000000
00000000
00000000
00000000
00000000
00000000
00000000
00000000

00000000
00000000
00000000
00000000
00550057
00000000
00aa00a8
00000000
00000000
00000000
00000000

2aaaaaa8
2aaaaaa8
ffffffff
ffffffff
ffffffff
00000000
ffffffff
ffffffff
ffffffff
d5555557
d5555557

22222220
eaaaaaab
d5555557
d5555557
2aaaaaa8
00000000
d5555557
2aaaaaa8
2aaaaaa8
d5555557
11111113

00000000
c0000003
d5555557
d5555557
d5005500
00000000
2a00aa00
2aaaaaa8
2aaaaaa8
00000000
00000000

08888888
00000000
00000000
00000000
00000000
00000000
00000000
00000000
00000000
00000000
c4444444

00000000
2aaaaaa8
2aaaaaa8
2aaaaaa8
2affaaff
00000000
d5ff55ff
d5555557
d5555557
d5555557
00000000

2aaaaaa8
2aaaaaa8
d5555557
d5555557
ffffffff
00000000
ffffffff
2aaaaaa8
2aaaaaa8
d5555557
d5555557

22222220
00000000
d5555557
d5555557
00000000
00000000
00000000
2aaaaaa8
2aaaaaa8
00000000
11111113

00000000
00000000
00000000
00000000
d5005500
00000000
2a00aa00
00000000
00000000
00000000
00000000

08888888
2aaaaaa8
2aaaaaa8
2aaaaaa8
2aaaaaa8
00000000
d5555557
d5555557
d5555557
d5555557
c4444444

00000000
eaaaaaab
00000000
00000000
00550057
00000000
00aa00a8
00000000
00000000
d5555557
00000000

2aaaaaa8
c0000003
00000000
00000000
d5555557
00000000
2aaaaaa8
00000000
00000000
00000000
d5555557

22222220
00000000
00000000
00000000
2aaaaaa8
00000000
d5555557
00000000
00000000
00000000
11111113

00000000
2aaaaaa8
ffffffff
d5555557
d5005500
00000000
2a00aa00
2aaaaaa8
ffffffff
d5555557
00000000

08888888
2aaaaaa8
d5555557
2aaaaaa8
2aaaaaa8
00000000
d5555557
d5555557
2aaaaaa8
d5555557
c4444444

00000000
00000000
00000000
00000000
00550057
00000000
00aa00a8
00000000
00000000
00000000
00000000

2aaaaaa8
c0000003
00000000
00000000
d5555557
00000000
2aaaaaa8
00000000
00000000
00000000
d5555557

22222220
eaaaaaab
ffffffff
d5555557
2aaaaaa8
00000000
d5555557
2aaaaaa8
ffffffff
d5555557
11111113

00000000
eaaaaaab
d5555557
00000000
d5005500
00000000
2a00aa00
00000000
2aaaaaa8
d5555557
00000000

08888888
c0000003
00000000
2aaaaaa8
2aaaaaa8
00000000
d5555557
d5555557
00000000
00000000
c4444444

00000000
00000000
d5555557
d5555557
00550057
00000000
00aa00a8
2aaaaaa8
2aaaaaa8
00000000
00000000

2a00aa00
2aaaaaa8
ffffffff
d5555557
d5555557
00000000
2aaaaaa8
2aaaaaa8
ffffffff
d5555557
d5005500

00000000
eaaaaaab
00000000
00000000
2aaaaaa8
00000000
d5555557
00000000
00000000
d5555557
00000000

00000000
00000000
00000000
00000000
ffaaffa8
00000000
3f55ff54
00000000
00000000
00000000
00000000

2a00aa00
c0000003
d5555557
ff55ff57
2aaaaaa8
00000000
15555554
ffaaffa8
2aaaaaa8
00000000
d5005500

00000000
eaaaaaab
ffffffff
ffffffff
2beaabe8
3ffffffc
17d557d4
ffffffff
ffffffff
d5555557
00000000

00000000
eaaaaaab
00000000
00aa00a8
02800280
00000000
c1400143
00550057
00000000
d5555557
00000000

2a00aa00
c0000003
00000000
00000000
d7805780
ff00ff00
2b40ab40
00000000
00000000
00000000
d5005500

00000000
00000000
00000000
2a00aa00
00000000
00000000
00000000
d5005500
00000000
00000000
00000000

00000000
2aaaaaa8
2aaaaaa8
2aaaaaa8
00000000
00000000
00000000
d5555557
d5555557
d5555557
00000000

2a00aa00
2aaaaaa8
00000000
00aa00a8
d7805780
ff00ff00
2b40ab40
00550057
00000000
d5555557
d5005500

00000000
00000000
00000000
00000000
00000000
00000000
00000000
00000000
00000000
00000000
00000000

00000000
00000000
00000000
00000000
00550057
00000000
00aa00a8
00000000
00000000
00000000
00000000

3ffffffc
2aaaaaa8
ffffffff
ffffffff
ffffffff
00000000
ffffffff
ffffffff
ffffffff
d5555557
ffffffff

22222220
eaaaaaab
d5555557
d5555557
2aaaaaa8
00000000
d5555557
2aaaaaa8
2aaaaaa8
d5555557
11111113

00000000
c0000003
d5555557
d5555557
d5005500
00000000
2a00aa00
2aaaaaa8
2aaaaaa8
00000000
00000000

08888888
15555554
00000000
00000000
00000000
00000000
00000000
00000000
00000000
2aaaaaa8
c4444444

15555554
2aaaaaa8
2aaaaaa8
2aaaaaa8
2affaaff
00000000
d5ff55ff
d5555557
d5555557
ffffffff
2aaaaaa8

2aaaaaa8
eaaaaaab
d5555557
d5555557
ffffffff
00000000
ffffffff
2aaaaaa8
2aaaaaa8
d5555557
d5555557

37777774
15555554
d5555557
d5555557
00000000
00000000
00000000
2aaaaaa8
2aaaaaa8
00000000
3bbbbbbb

15555554
00000000
00000000
00000000
d5005500
00000000
2a00aa00
00000000
00000000
00000000
2aaaaaa8

08888888
eaaaaaab
2aaaaaa8
2aaaaaa8
2aaaaaa8
00000000
d5555557
d5555557
d5555557
ffffffff
c4444444

00000000
eaaaaaab
00000000
00000000
00550057
00000000
00aa00a8
00000000
00000000
d5555557
00000000

3ffffffc
00000000
00000000
00000000
d5555557
00000000
2aaaaaa8
00000000
00000000
00000000
ffffffff

37777774
15555554
00000000
00000000
2aaaaaa8
00000000
d5555557
00000000
00000000
00000000
3bbbbbbb

00000000
ffffffff
ffffffff
d5555557
d5005500
00000000
2a00aa00
2aaaaaa8
ffffffff
ffffffff
00000000

08888888
2aaaaaa8
d5555557
2aaaaaa8
2aaaaaa8
00000000
d5555557
d5555557
2aaaaaa8
d5555557
c4444444

00000000
00000000
00000000
00000000
00550057
00000000
00aa00a8
00000000
00000000
00000000
00000000

3ffffffc
d5555557
00000000
00000000
d5555557
00000000
2aaaaaa8
00000000
00000000
00000000
ffffffff

22222220
ffffffff
ffffffff
d5555557
2aaaaaa8
00000000
d5555557
2aaaaaa8
ffffffff
d5555557
11111113

00000000
eaaaaaab
d5555557
00000000
d5005500
00000000
2a00aa00
00000000
2aaaaaa8
d5555557
00000000

1ddddddc
00000000
00000000
2aaaaaa8
2aaaaaa8
00000000
d5555557
d5555557
00000000
00000000
eeeeeeec

00000000
15555554
d5555557
d5555557
00550057
00000000
00aa00a8
2aaaaaa8
2aaaaaa8
2aaaaaa8
00000000

2a00aa00
3ffffffc
ffffffff
d5555557
d5555557
00000000
2aaaaaa8
2aaaaaa8
ffffffff
ffffffff
d5005500

15555554
2aaaaaa8
00000000
00000000
2aaaaaa8
00000000
d5555557
00000000
00000000
d5555557
2aaaaaa8

15555554
c0000003
00000000
00000000
d5005500
00000000
2a00aa00
00000000
00000000
00000000
2aaaaaa8

2a00aa00
d5555557
d5555557
ff55ff57
00000000
00000000
00000000
ffaaffa8
2aaaaaa8
2aaaaaa8
ffaaffa8

00000000
ffffffff
ffffffff
ffffffff
15555554
00000000
00000000
ffffffff
ffffffff
ffffffff
00000000

15555554
eaaaaaab
00000000
00aa00a8
00000000
00000000
c0000003
00550057
00000000
d5555557
2aaaaaa8

2a00aa00
c0000003
00000000
00000000
d5005500
ff00ff00
2a00aa00
00000000
00000000
00000000
d5005500

00000000
15555554
00000000
2a00aa00
00000000
00000000
00000000
d5005500
00000000
2aaaaaa8
00000000

15555554
3ffffffc
2aaaaaa8
2aaaaaa8
02800280
00000000
00000000
d5555557
d5555557
ffffffff
2aaaaaa8

3f55ff54
eaaaaaab
00000000
00aa00a8
d7805780
ff00ff00
2a00aa00
00550057
00000000
d5555557
ffaaffa8

15555554
00000000
00000000
00000000
00000000
00000000
00000000
00000000
00000000
00000000
2aaaaaa8

22222220
00000000
00000000
00000000
00000000
00000000
00000000
00000000
00000000
00000000
11111113

2aaaaaa8
2aaaaaa8
ffffffff
ffffffff
ffffffff
00000000
ffffffff
ffffffff
ffffffff
d5555557
d5555557

00000000
eaaaaaab
d5555557
d5555557
2affaaff
00000000
d5ff55ff
2aaaaaa8
2aaaaaa8
d5555557
00000000

08888088
c0000003
d5555557
d5555557
00000000
00000000
00000000
2aaaaaa8
2aaaaaa8
00000000
c4444044

00000800
00000000
00000000
00000000
d5005500
00000000
2a00aa00
00000000
00000000
00000000
00000400

22222020
2aaaaaa8
2aaaaaa8
2aaaaaa8
2aaaaaa8
00000000
d5555557
d5555557
d5555557
d5555557
11111013

2aaaa8a8
2aaaaaa8
d5555457
d5555557
ffffffff
00000200
fffffdff
2aaaaaa8
2aaaaaa8
d5555557
d5555557

00000000
00000000
d5555557
d5555557
00550057
00000000
00aa00a8
2aaaaaa8
2aaaaaa8
00000000
00000000

08888888
00000000
00000000
00000000
00000000
00000200
00000000
00000000
00000000
00000000
c4444144

00000000
eaaaaaab
2aaaaba8
2aaaaaa8
ffaaffa8
00000000
ff55fd57
d5555557
d5555557
d5555557
00000400

22222220
eaaaaaab
00000000
00000000
00000000
00000000
00000000
00000000
00000000
d5555557
11111113

2aaaaaa8
00000000
00000000
00000000
d5555557
00001400
2aaaaaa8
00000000
00000000
00000000
d5555557

00000000
00000000
00000000
00000000
2affbaff
00001000
d5ff55ff
00000000
00000000
00000000
00000000

08888088
2aaaaaa8
ffffffff
d5555557
00000400
00000400
00000000
2aaaaaa8
ffffffff
d5555557
c4444044

00000800
2aaaaaa8
d5555557
2aaaaaa8
ffaaeba8
00000000
ff55ff57
d5555557
2aaaaaa8
d5555557
00000400

22222020
00000000
00000000
00000000
00000000
00000000
00000000
00000000
00000000
00000000
11111113

2aaaaaa8
c0000003
00000000
00000000
d5555557
00000700
2aaaa8a8
00000000
00000000
00000000
d5555557

00000000
eaaaaaab
ffffffff
d5555557
2affaaff
00000000
d5ff55ff
2aaaaaa8
ffffffff
d5555557
00000000

08888088
eaaaaaab
d5551557
00000000
00000500
00000700
00000000
00000000
2aaaa8a8
d5555557
c4444444

00000a00
00000000
00000000
2aaaeaa8
ffaafaa8
00000000
ff55fd57
d5555757
00000000
00000000
00000000

2a00aa00
00000000
d5555557
d5555557
00000400
00000400
00000000
2aaaaaa8
2aaaaaa8
00000000
d5005500

2aaaaaa8
eaaaaaab
ffffffff
d5555557
d5555557
00000400
2aaaaaa8
2aaaaaa8
ffffffff
d5555557
d5555557

00000000
2aaaaaa8
00000000
00000000
2affaaff
00000000
d5ff55ff
00000000
00000000
d5555557
00000000

00aa00a8
c0000003
00000000
00000000
2aaaaaa8
00000000
15555554
00000000
00000000
00000000
00550057

00000000
c0000003
d5555557
fffffeff
ffaafba8
00000000
3f55ff54
ffffffff
2aaaaaa8
00000000
00000000

00000000
eaaaa8ab
ffffffff
fffffeff
2beaabe8
3ffffffc
17d557d4
ffffffff
ffffffff
d5555557
00000000

2a00aa00
eaaaa8ab
00000000
00000000
02800280
00000000
c1400143
00000000
00000000
d5555557
d5005500

2aaaaaa8
c0000003
00000000
00000000
d7d557d7
ffffffff
2beaabe8
00000000
00000000
00000000
d5555557

00000000
00000000
00000000
2aaaaaa8
00000000
00000000
00000000
d5555557
00000000
00000000
00000000

00aa00a8
2aaaaaa8
2aaaaaa8
2aaaaaa8
00550057
00ff00ff
00aa00a8
d5555557
d5555557
d5551557
00550057

00000000
2aaaaaa8
00000000
00000000
02800280
00000000
01400140
00000000
00000000
d5551557
00000000

00000000
00000000
00000000
00000000
d5005500
ff00ff00
2a00aa00
00000000
00000000
00000000
00000000

22220220
00000000
00000500
00000000
00000000
00000000
00000000
00000000
00000200
00000800
11111013

2aaa82a8
2aaaaaa8
ffffffff
ffffeaff
ffffffff
00000000
ffffffff
ffffd5ff
ffffffff
d5555f57
d5555757

00000000
eaaaaaab
d5555557
d5555557
2affaaff
00000000
d5ff55ff
2aaa8aa8
2aaaaaa8
d5555f57
00000200

08888088
c0000003
d5555557
d5555557
00000000
00000000
00000000
2aaa8aa8
2aaaaaa8
00000800
c4444444

00000000
00000000
00000000
00000000
d5005500
00000000
2a00aa00
00000000
00000000
00000800
00000100

22222220
2aaaaaa8
2aaaaaa8
2aaaaaa8
2aaaaaa8
00000200
d5555757
d5555557
d5555557
d5555f57
11111313

2aaaaaa8
2aaaaaa8
d5555457
d5555557
ffffffff
00002a00
ffffffff
2aaaaaa8
2aaaa8a8
d5555f57
d5555757

00000000
00000000
d5555557
d5555557
00550057
00002000
00aa28a8
2aaaaaa8
2aaaaaa8
00000800
00000000

08888988
00000100
00000000
00000000
00000000
00000800
00000000
00000000
00000000
00000000
c4444844

00000100
2aaaaba8
2aaaaba8
2aaaaaa8
ffaaffa8
00000000
ff55d557
d5555557
d5555757
d5555757
00000e00

22222120
eaaaabab
00000000
00000000
00000400
00000400
00000000
00000000
00000000
d5555757
11111b13

2aaaa9a8
c0000103
00000000
00000000
d5555557
00001500
2aaaaaa8
00000000
00000000
00000000
d5555d57

00000100
00000100
00000000
00000000
2affbaff
00001000
d5ff55ff
00000000
00000000
00000000
00000800

08888988
2aaaaba8
ffffffff
d5555557
00000100
00000100
00000000
2aaaaaa8
ffffffff
d5555757
c4444a44

00000100
2aaaaba8
d5555557
2aaaaaa8
ffaaeaa8
00000000
ff55ff57
d5555557
2aaaaaa8
d5555757
00000e00

22222320
00000100
00000000
00000000
00000100
00000100
00000000
00000000
00000000
00000000
11111913

2aaaaaa8
c0001503
00000000
00000000
d5555557
00000100
2aaaaaa8
00000000
00000000
00002200
d5555557

00000400
eaaaabab
ffffffff
d5555157
2affaaff
00000000
d5ff55ff
2aaaaaa8
ffffffff
d5555f57
00000800

08888c88
eaaaafab
d5551157
00000000
00000000
00000000
00000000
00000000
2aaaaaa8
d5555757
c4444844

00000000
c0001503
00000000
2aaaeaa8
ffaafea8
00000000
ff55ff57
d5555557
00000000
00002200
00000400

2a00aa00
00001500
d5554057
d5554057
00000000
00000000
00000000
2aaaa2a8
2aaaa0a8
00002200
d5005500

2aaaaaa8
2aaaafa8
ffffeaff
d5554057
d5555557
00000200
2aaaaaa8
2aaaa2a8
fffff5ff
d5551757
d5555557

00000000
eaaaafab
00000000
00000000
2affaaff
00000000
d5ff55ff
00000000
00000000
d5551757
00000000

00aa00a8
00001500
00000000
00000000
2aaaa8a8
00000200
15555254
00000000
00000000
00002200
00550057

00001400
c0000403
d5554057
ffffffff
ffaafda8
00000000
3f55f854
fffffdff
2aaaa2a8
00000000
00002a00

00000000
eaaaaeab
ffffeaff
ffffffff
2beaa9e8
3fffe7fc
17d552d4
fffffdff
fffff7ff
d5555557
00000200

2a00aa00
eaaaaaab
00000000
00000000
00000010
00000000
c0000003
00000000
00000000
d5555d57
d5005600

2aaabea8
c0000403
00000000
00000000
d5555557
ffffffff
2aaaaaa8
00000000
00000000
00000000
d5557f57

00001400
00000400
00000000
2aaaaaa8
00000000
00000000
00000000
d5555457
00000000
00000200
00002900

00aa04a8
2aaaaea8
2aaaaab8
2aaaaaa8
00550047
00ff00ff
00aa00a8
d5555457
55555557
d5555357
00550857

00000400
2aaaaea8
00000000
00000000
02800280
00000000
01400140
00000000
00000000
55555357
00000800

00001400
00000400
00000010
00000000
d5005500
ff00ff00
2a00aa00
00000000
00000000
00000200
00002800

00000000
15554154
00000500
00000100
00000400
00000000
00000000
00000200
00000200
2aaaa0a8
00000000

3ffffcfc
3fffeffc
ffffffff
ffffffff
ffffffff
00000c00
ffffffff
ffffffff
ffffffff
fffff7ff
ffffffff

22222020
eaaaaaab
d5555057
d5555057
2affaaff
00000000
d5ff5dff
2aaaa0a8
2aaaa0a8
d5555757
11111513

00000000
c0000403
d5555457
d5555057
00000000
00000c00
00008000
2aaaa0a8
2aaaa0a8
00000000
00000000

08888888
15554054
00000000
00000000
d5005100
00000000
2a002200
00000000
00000000
2aaaa0a8
c4444044

15555c54
3fffeefc
2aaaaea8
2aaaaaa8
2aaaaaa8
00000000
d5555757
d5555557
d5555557
fffff7ff
2aaaaea8

2aaaaaa8
2aaaaaa8
d5555157
d5555057
ffffffff
00001e00
ffffffff
2aaaa0a8
2aaaa0a8
d5555757
d5554557

37777274
00000400
d5555157
d5555057
00551457
00001000
00aa00a8
2aaaa0a8
2aaaa0a8
00000000
3bbb89bb

15555054
15555454
00000000
00000000
00000000
00000e00
00008000
00000000
00000000
2aaaa0a8
2aaa88a8

08888088
fffffeff
2aaaaaa8
2aaaaaa8
ffaaeba8
00000000
ff557d57
d5555557
d5555557
fffff7ff
c4444044

00000000
eaaaaaab
00000000
00000000
00000000
00000000
00000000
00000000
00000000
d5555757
00001000

3ffffafc
00000000
00000000
00000000
d5555557
00000000
2aaaaaa8
00000000
00000000
00000000
fffffdff

37777774
15555054
00000000
00000000
2affaaff
00000000
d5ff55ff
00000000
00000000
00000000
3bbbabbb

00000800
3ffffafc
ffffffff
d5555057
00000000
00000000
00008000
2aaaa0a8
ffffffff
d5555d57
00000200

08888088
2aaaaaa8
d5555057
2aaaaaa8
ffaaffa8
00000000
ff557f57
d5555557
2aaaa0a8
d5555d57
c4444444

00000500
00000000
00000000
00000000
00000000
00000000
00000000
00000000
00000000
00000000
00001000

3ffff7fc
d5555057
00000000
00000000
d5555557
00000000
2aaaaaa8
00000000
00000000
00000200
fffffbff

22222220
fffffbff
ffffffff
d5555057
2affaaff
00000000
d5ff57ff
2aaaa0a8
ffffffff
d5555757
11110013

00000000
eaaaabab
d5555057
00000000
00000000
00000000
00008000
00000000
2aaaa0a8
d5555557
00000000

1dddd5dc
00000000
00000000
2aaaaaa8
ffaaffa8
00000000
ff557d57
d5555557
00000000
2aaaa8a8
eeeeebec

2a00aa00
00000100
d5554057
d5554057
00000000
00000000
00000000
2aaaa0a8
2aaaa2a8
00000000
d5005500

2aaaaba8
eaaaabab
ffffeaff
d5554557
d5555557
00000000
2aaaaaa8
2aaaa2a8
fffff7ff
d5555557
d5555557

15555454
2aaaaaa8
00000000
00000000
2affaaff
00000000
d5ff5dff
00000000
00000000
d5555557
2aaaaaa8

15ff55fc
c0000003
00000000
00000500
00000a00
00000000
00009400
00000200
00000000
2aaaa8a8
2affaaff

15555054
c0000003
d5554057
fffffdff
d5005f00
00000000
2a003600
fffff8ff
2aaaa2a8
00000000
2aaaa0a8

00000100
ffffffff
ffffefff
fffffdff
15557254
00000900
00001400
fffff8ff
fffff7ff
fffffdff
00000000

3f557f54
eaaaaaab
00000100
00000000
00000000
00000000
c0000003
00000000
00000000
fffffdff
ffaafda8

2aaaaaa8
c0000003
00000400
00000000
d5555557
ffffffff
2aaaaaa8
00000000
00000000
00000000
d5555557

00000000
15555554
00000000
2aaaa8a8
00000000
00000000
00000000
d5555057
00000000
00000000
00000000

15ff54fc
2aaaaba8
2aaaaaa8
2aaaa8a8
02d502d7
00ff00ff
00aa00a8
d5555057
d5555557
d5555557
2affa8ff

1555d554
2aaaaba8
00000000
00000000
02800080
00008000
00008000
00000000
00000000
d5555757
2aaaa8a8

15555054
00000000
00000000
00000000
d5005500
ff007f00
2a002a00
00000000
00000000
00000200
00000000

00000000
00001000
00000500
00000000
00000100
00000000
00000200
00000000
00000a00
00000000
00000400

2aaa8aa8
2aaabaa8
ffffffff
ffffeaff
ffffffff
00000700
ffffffff
ffffd5ff
ffffffff
d5555557
d5555d57

22220220
eaaabaab
d5551457
d5554057
2affaaff
00000000
d5ff55ff
2aaaa0a8
2aaaa0a8
d5555557
11111013

00000000
c0001003
d5555457
d5554057
00000400
00000700
00000000
2aaaa2a8
2aaaa2a8
00000000
00000100

08889c88
00000000
00004000
00000000
d5005000
00000000
2a00a800
00000000
00000000
00000a00
c4444844

00001400
2aaaaaa8
2aaaaaa8
2aaaaaa8
2aaaaaa8
00000000
d5555557
d4555757
d5555757
d5555f57
00000000

2aaabca8
2aaaaaa8
d5554057
d5554057
ffffffff
00003a00
fefffdff
2aaaa0a8
2aaaa0a8
d5555f57
d5554d57

22223c20
00000000
d5554157
d5554057
00551057
00003000
00aa28a8
2aaaa2a8
2aaaa0a8
00000a00
11110913

00000100
00001100
00000000
00000000
00000000
00000a00
00000000
00000000
00000000
00000200
00000400

08888588
eaaabbab
2aaaaba8
2aaaaaa8
ffaaefa8
00000000
ff55d557
d5555557
d5555557
d5555557
c4444044

00000300
eaaabbab
00000000
00000000
00000000
00000000
00000000
00000200
00000000
d5555757
00001000

2aaa8ba8
00001100
00000000
00000000
d5555557
00000000
2aaaaaa8
00000000
00000000
00000000
d5555557

22221520
00000000
00000000
00000000
2affaaff
00000000
d5ff55ff
00000000
00000200
00000800
11110d13

00001900
2aaaaaa8
ffffffff
d5554057
00000000
00000000
00000000
2aaaa2a8
ffffffff
d5555f57
00000800

08889588
2aaaaaa8
d5554057
2aaaaaa8
ffaaffa8
00000000
ff55ff57
d5555557
2aaaa0a8
d5555d57
c4444844

00001500
00000000
00000000
00000000
00000000
00000000
00000200
00000000
00000000
00000a00
00001900

2aaab2a8
c0001103
00000000
00000000
d5555557
00000700
2aaaaaa8
00000000
00000000
00000000
d5557757

22222620
eaaabfab
ffffffff
d5554057
2affaaff
00000000
d5ff55ff
2aaaa2a8
ffffffff
d5555557
11110a13

00000400
eaaabfab
d5550057
00000000
00000500
00000700
00000000
00000000
2aaaa0a8
d5555557
00000e00

08889088
00001100
00000000
2aaaeaa8
ffaafaa8
00000000
ff55fd57
d5555757
00000000
00000000
c4446244

2a00ba00
00000100
d5554057
d5555057
00000000
00000400
00000000
2aaa80a8
2aaaa0a8
00000200
d5007700

2aaaaea8
eaaaadab
fffffbff
d5555557
d5555157
00000400
2aaaaaa8
2aaaaaa8
ffffffff
d5555757
d5555f57

00000400
2aaaada8
00000000
00000100
2affaaff
00000000
d5ff55ff
00000a00
00000800
d5555757
00000a00

00aa10a8
c0000103
00001100
00000400
2aaaa0a8
00000000
15555554
00002000
00000200
00000200
00552257

00000400
c0001003
d5554157
fffffdff
ffaad1a8
00000000
3f55fa54
ffffe8ff
2aaaa2a8
00000200
00000000

00000000
eaaabeab
ffffffff
ffffffff
2beaa1e8
3fffeefc
17d553d4
ffffeaff
ffffffff
d5555557
00000800

2a00ae00
eaaabeab
00001400
00000200
00000000
00000000
c0000003
00000200
00000800
d5555757
d5005500

2aaaaaa8
c0001003
00000000
00000000
d5555557
ffffffff
2aaaaaa8
00000000
00000000
00000000
d5555d57

00000000
00000100
00000000
2aaaa8a8
01000000
00000000
00000000
d5554057
00000000
00000000
00000000

00aa04a8
2aaaafa8
2aaaaaa8
2aaaaaa8
00550057
00ff00ff
00aa00a8
d5554057
d5555557
d5551757
00550857

00000400
2aaaafa8
00000000
00000200
02800280
00000000
01400140
00000000
00000000
d5551557
00000800

00000000
00000100
00000000
00000000
d4005500
ff00ff00
2a00aa00
00000000
00000000
00000200
00000000

22222220
00000000
00000000
00000000
00000000
00000000
00000000
00000000
00000000
00000000
11111113

2aaaaaa8
2aaaaaa8
ffffffff
ffffffff
ffffffff
00000000
ffffffff
ffffffff
ffffffff
d5555557
d5555557

00000000
eaaaaaab
d5555557
d5555557
2affaaff
00000000
d5ff55ff
2aaaaaa8
2aaaaaa8
d5555557
00000000

08888888
c0000003
d5555557
d5555557
00000000
00000000
00000000
2aaaaaa8
2aaaaaa8
00000000
c4444444

00000000
00000000
00000000
00000000
d5005500
00000000
2a00aa00
00000000
00000000
00000000
00000000

22222220
2aaaaaa8
2aaaaaa8
2aaaaaa8
2aaaaaa8
00000000
d5555557
d5555557
d5555557
d5555557
11111113

2aaaaaa8
2aaaaaa8
d5555557
d5555557
ffffffff
00000000
ffffffff
2aaaaaa8
2aaaaaa8
d5555557
d5555557

00000000
00000000
d5555557
d5555557
00550057
00000000
00aa00a8
2aaaaaa8
2aaaaaa8
00000000
00000000

08888888
00000000
00000000
00000000
00000000
00000000
00000000
00000000
00000000
00000000
c4444444

00000000
2aaaaaa8
2aaaaaa8
2aaaaaa8
ffaaffa8
00000000
ff55ff57
d5555557
d5555557
d5555557
00000000

22222220
eaaaaaab
00000000
00000000
00000000
00000000
00000000
00000000
00000000
d5555557
11111113

2aaaaaa8
c0000003
00000000
00000000
d5555557
00000000
2aaaaaa8
00000000
00000000
00000000
d5555557

00000000
00000000
00000000
00000000
2affaaff
00000000
d5ff55ff
00000000
00000000
00000000
00000000

08888888
2aaaaaa8
ffffffff
d5555557
00000000
00000000
00000000
2aaaaaa8
ffffffff
d5555557
c4444444

00000000
2aaaaaa8
d5555557
2aaaaaa8
ffaaffa8
00000000
ff55ff57
d5555557
2aaaaaa8
d5555557
00000000

22222220
00000000
00000000
00000000
00000000
00000000
00000000
00000000
00000000
00000000
11111113

2aaaaaa8
c0000003
00000000
00000000
d5555557
00000000
2aaaaaa8
00000000
00000000
00000000
d5555557

00000000
eaaaaaab
ffffffff
d5555557
2affaaff
00000000
d5ff55ff
2aaaaaa8
ffffffff
d5555557
00000000

08888888
eaaaaaab
d5555557
00000000
00000000
00000000
00000000
00000000
2aaaaaa8
d5555557
c4444444

00000000
c0000003
00000000
2aaaaaa8
ffaaffa8
00000000
ff55ff57
d5555557
00000000
00000000
00000000

2a00aa00
00000000
d5555557
d5555557
00000000
00000000
00000000
2aaaaaa8
2aaaaaa8
00000000
d5005500

2aaaaaa8
2aaaaaa8
ffffffff
d5555557
d5555557
00000000
2aaaaaa8
2aaaaaa8
ffffffff
d5555557
d5555557

00000000
eaaaaaab
00000000
00000000
2affaaff
00000000
d5ff55ff
00000000
00000000
d5555557
00000000

00aa00a8
00000000
00000000
00000000
2aaaaaa8
00000000
15555554
00000000
00000000
00000000
00550057

00000000
c0000003
d5555557
ffffffff
ffaaffa8
00000000
3f55ff54
ffffffff
2aaaaaa8
00000000
00000000

00000000
eaaaaaab
ffffffff
ffffffff
2beaabe8
3ffffffc
17d557d4
ffffffff
ffffffff
d5555557
00000000

2a00aa00
eaaaaaab
00000000
00000000
02800280
00000000
c1400143
00000000
00000000
d5555557
d5005500

2aaaaaa8
c0000003
00000000
00000000
d7d557d7
ffffffff
2beaabe8
00000000
00000000
00000000
d5555557

00000000
00000000
00000000
2aaaaaa8
00000000
00000000
00000000
d5555557
00000000
00000000
00000000

00aa00a8
2aaaaaa8
2aaaaea8
2aaaaaa8
00550457
00ff00ff
00aa00a8
d5555557
d5555557
d5555557
00550057

00000000
2aaaaaa8
00000400
00000000
02800280
00000000
01400140
00000000
00000000
d5555557
00000000

00000000
00000000
00000000
00000000
d5005100
ff00ff00
2a00aa00
00000000
00000000
00000000
00000000

22222220
00000000
00000000
00000020
00000000
00000000
00000000
00000000
00000000
00000000
11111113

3ffffffc
2aaaaaa8
ffffffff
ffffffff
ffffffff
00000000
ffffffff
ffffffef
ffffffff
d5555557
ffffffff

00000000
eaaaaaab
d5555557
d5555557
2affaadf
00000000
d5ff55ef
2aaaaaa8
2aaaaaa8
d5555557
00000000

08888888
c0000003
d5555557
d5555557
00000000
00000000
02000000
2aaaaaa8
2aaaaaa8
00000000
c4444444

00000000
15555554
00000000
00000000
d5005500
00000000
2800aa00
00000000
00000000
2aaaaaa8
00000000

37777774
2aaaaaa8
2aaaaaa8
2aaaaaa8
2aaaaaa8
00000000
d5555557
d5555557
d5555557
ffffffff
3bbbbbbb

2aaaaaa8
eaaaaaab
d5555557
d5555557
ffffffff
00000000
ffffffff
2aaaaaa8
2aaaaaa8
d5555557
d5555557

15555554
15555554
d5555557
d5555557
00550057
00000000
00aa00a8
2aaaaaa8
2aaaaaa8
00000000
2aaaaaa8

1ddddddc
00000000
00000000
00000000
00000000
00000000
02000000
00000000
00000000
00000000
eeeeeeec

00000000
eaaaaaab
2aaaaaa8
2aaaaaa8
ffaaffa8
00000000
fd55ff57
d5555557
d5555557
ffffffff
00000000

22222220
eaaaaaab
00000000
00000000
00000000
00000010
00000000
00000000
00000000
d5555557
11111113

3ffffffc
00000000
00000000
00000000
d5555547
00000110
2aaaaaa8
00000000
00000000
00000000
ffffffff

15555554
15555554
00000000
00000000
2affaaef
00000100
d5ff55ff
00000000
00000000
00000000
2aaaaaa8

08888888
ffffffff
ffffffff
d5555557
00000000
00000000
02000000
2aaaaaa8
ffffffff
ffffffff
c4444444

00000000
2aaaaaa8
d5555557
2aaaaaa8
ffaaffa8
00000000
fd55ff57
d5555557
2a8aaaa8
d5555557
00000000

22222220
00000000
00000000
00000000
00000000
00000000
00000000
00200000
00000000
00000000
11111113

3ffffffc
d5755557
00000000
00000000
d5555557
00000000
2aaaaaa8
00000000
00000000
00000000
ffffffff

00000000
ffffffff
ffffffff
d5555557
2affaaff
00000000
d5ff55ff
2aaaaaa8
ffffffff
d5555557
00000000

08888888
ea8aaaab
d5555557
00000000
00000000
00000000
02000000
00000000
2aaaaaa8
d5555557
c4444444

15555554
00000000
00000000
2aaaaaa8
ffaaffa8
00000000
fd55ff57
d5555557
00000000
00000000
2aaaaaa8

2800aa00
15755554
d5555557
d5555557
00000000
00000000
00000000
2aaaaaa8
2aaaaaa8
2aaaaaa8
d5005500

2aaaaaa8
3ffffffc
ffffffff
d5555557
d5555557
00200000
2aaaaaa8
2aaaaaa8
ffffffff
ffffffff
d5555557

15555554
2a8aaaa8
00000000
00000000
2affaaff
00000000
d5df55ff
00000000
00000000
d5555557
2aaaaaa8

15ff55fc
c0000003
00000000
00000000
00000000
00200000
00200000
00000000
00000000
00000000
2affaaff

02000000
d5555557
d5555557
ffffffff
d5005500
00000000
2a00aa00
ffffffff
2aaaaaa8
2aaaaaa8
2aaaaaa8

00000000
ffffffff
ffffffff
ffffffff
15555554
00000000
00000000
ffffffff
ffffffef
ffffffff
00000000

3d55ff54
eaaaaaab
00000000
00000000
00000100
00000000
c0000203
00000000
00000000
d5555547
ffaaffa8

2aaaaa88
c0000003
00000000
00000000
d5555557
ffffffff
2aaaaaa8
00000000
00000000
00000000
d5555547

00000000
15555554
00000000
2aaaaa88
00000000
00000000
00000000
d5555547
00000000
2aaaaaa8
00000000

15ff55dc
3ffffffc
2aaaafa8
2aaaaaa8
02d506d7
00ff00ff
00aa00a8
d5555557
d5555757
ffffffff
2affaaef

17555554
eaaaaaab
00000400
00000020
02800280
02000000
02000000
00000010
00000000
d5555557
2aaaaaa8

15555554
00000000
00000100
00000000
d5005000
fd00ff00
2800a800
00000000
00000200
00000000
2aaaaaa8

00000000
00000000
00000000
00000000
00000000
00000000
00000000
00000000
00000000
00000000
00000000

2aaaaaa8
2aaaaaa8
ffffffff
ffffffff
ffffffff
00000000
ffffffff
ffffffff
ffffffff
d5555557
d5555557

22222220
eaaaaaab
d5555557
d5555557
2affaaff
00000000
d5ff55ff
2aaaaaa8
2aaaaaa8
d5555557
11111113

00000000
c0000003
d5555557
d5555557
00000000
00000000
00000000
2aaaaaa8
2aaaaaa8
00000000
00000000

08888888
00000000
00000000
00000000
d5005500
00000000
2a00aa00
00000000
00000000
00000000
c4444444

00000000
2aaaaaa8
2aaaaaa8
2aaaaaa8
2aaaaaa8
00000000
d5555557
d5555557
d5555557
d5555557
00000000

2aaaaaa8
2aaaaaa8
d5555557
d5555157
ffffffff
00000000
ffffffff
2aaaaaa8
2aaaaaa8
d5555557
d5555557

22222220
00000000
d5555557
d5555557
00550057
00000000
00aa00a8
2aaaaaa8
2aaaaaa8
00000000
11111103

00000000
00000000
00000000
00000000
00000000
00000000
00000000
00000000
00000000
00000000
00000010

08888888
eaaaaaab
2aaaaaa8
2aaaaaa8
ffaaffa8
00000000
ff55ff57
d5555557
d5555557
d5555557
c4444444

00000000
eaaaaaab
00000000
00000400
00000000
00000000
00000000
00000000
00000000
d5555557
00000000

2aaaaaa8
00000000
00000000
00000000
d5555557
00000000
2aaaaaa8
00000000
00000000
00000000
d5555557

22222220
00000000
00000000
00000000
2affaaff
00000000
d5ff55ff
00000000
00000000
00000000
11111113

00000000
2aaaaaa8
ffffffff
d5555557
00000000
00000000
00000000
2aaaaaa8
ffffffff
d5555557
00000000

08888888
2aaaaaa8
d5555557
2aaaaaa8
ffaaffa8
00000000
ff55ff57
d5555557
2aaaaaa8
d5555557
c4444444

00000000
00000000
00000000
00000000
00000000
00000000
00000000
00000000
00000000
00000000
00000000

2aaaaaa8
c0000003
00000000
00000000
d5555557
00000040
2aaaaaa8
00000000
00000000
00000000
d5555557

22222220
eaaaaaab
ffffffff
d5555557
2affaabf
00000040
d5ff55ff
2aaaaaa8
ffffffff
d5555557
11111113

00000000
eaaaaaab
d5555557
00000000
00000040
00000000
00000000
00000000
2aaaaaa8
d5555557
00000000

08888888
00000000
00000000
2aaaaaa8
ffaaffa8
00000000
ff55ff57
d5555557
00000000
00000000
c4444444

2a00aa00
00000000
d5555557
d5555557
00000000
00000000
00000000
2aaaaaa8
2aaaaaa8
00000000
d5005500

2aaaaaa8
eaaaaaab
ffffffff
d5555557
d5555557
00000000
2aaaaaa8
2aaaaaa8
ffffffff
d5555557
d5555557

00000000
2aaaaaa8
00000000
00000000
2affaaff
00000000
d5ff55ff
00000000
00000000
d5555557
00000000

00aa00a8
c0000003
00000000
00000000
2aaaaaa8
00000000
15555554
00000000
00000000
00000000
00550057

00000000
c0000003
d5555557
fffffeff
ffaaffa8
00000000
3f55ff54
fffffbff
2aaaaaa8
00000000
00000000

00000000
eaaaaaab
ffffffff
fffffeff
2beaabe8
3ffffffc
17d557d4
fffffbff
ffffffff
d5555557
00000000

2a00aa00
eaaaaaab
00000000
00000000
02800280
00000000
c1400143
00000000
00000000
d5555557
d5005500

2aaaaaa8
c0000003
00000000
00000000
d7d557d7
ffffffff
2beaabe8
00000000
00000000
00000000
d5555557

00000000
00000000
00000000
2aaaaaa8
00000000
00000000
00000000
d5555157
00000000
00000000
00000000

00aa00a8
2aaaaaa8
2aaaaaa8
2aaaaaa8
00550057
00ff00ff
00aa00a8
d5555157
d5555557
d5555557
00550057

00000000
2aaaaaa8
00000000
00000000
02800280
00000000
01400140
00000000
00000000
d5555557
00000000

00000000
00000000
00000000
00000000
d5005500
ff00ff00
2a00aa00
00000000
00000000
00000000
00000000

00000000
00000000
00000000
00000000
00000000
00000000
00000000
00000000
00000000
00000000
04000050

2aaaaaa8
2aaaaaa8
faffffaf
ffffffff
ffffffff
00000040
ffffffff
ffffffff
f5ffffdf
d5555557
d4555557

22622360
fffffeef
d5155557
d5155557
2affaabf
00000040
d5ff55ff
2aaaaaa8
2aaaaaa8
fd7ffd5f
10111103

01c00140
d5555447
d5155557
d5155557
05000040
00000000
00000000
2aaaaaa8
2aaaaaa8
282aa828
00000000

09088888
00000000
00000000
00000000
d0005500
00000000
2a00aa00
00000400
00000000
00000020
c0444404

00000000
2aaaaaa8
2aaaaaa8
2aaaaaa8
2baaaaa8
01000000
d5555557
d5555557
d5555557
d5555557
00000110

2aeaabe8
fefffebf
d5155557
d5550157
ffffffff
01000000
fffffbff
2aaaaaa8
2aaaaaa8
f57ffd7f
d5555557

22222220
00000000
d5155557
d5555557
00550057
00000000
00aa00a8
2aaaaaa8
2aaaaaa8
00000000
11111003

08800000
00000000
00000000
00000000
00000000
00000000
00000000
00000000
00000000
00000000
00000000

00088888
2aaaaaa8
2aaaaaa8
2aaaaaa8
feaaffa8
00000000
ff55ff57
d5555557
d5555557
d5555557
c4444444

01400140
fafffebf
00000000
00005400
00000000
00000000
00000000
00000000
00000000
f57ffd7f
01000100

2beaabe8
d0555417
00000000
00000000
d5555557
00000000
2aaaaaa8
00000000
00000000
202aa828
d5555557

22222220
00000000
00000000
00000000
2affaaff
00000000
d5ff55ff
00000000
00000000
00000000
10111013

08000000
2aaaaaa8
ffffffff
d5155557
00000000
00000000
00000000
2aaaaaa8
ffffffff
d5555557
00000000

01c889c8
fafffebf
d1155557
2aaaaaa8
ffaaffa8
00000000
ff50ff57
d5555557
2aaaaaa8
f57ffd7f
c4444444

00000000
00000000
04000000
00000000
00000000
00000000
00000000
00000000
00000000
00000000
00000110

2baaaae8
d5555557
00000000
00000000
d5555557
00000000
2aaaaaa8
00000000
00000000
2c2aa828
d5555557

23622360
ffffffff
ffffffff
d5155557
2affaaff
00000000
d5fa55ff
2aaaaaa8
ffffffff
fd7ffd7f
11111003

09c00140
fabfffbf
d5105557
00000000
00000000
00000000
00000000
00000000
2aaaaaa8
f17ffd7f
00000000

014889c8
d0555517
00050000
2aaaaaa8
ffaaffa8
00000000
ff55ff57
d5555557
00000000
202aa828
c4444444

2a00aa00
00400000
d5555457
d5155457
00000000
00000000
00000000
2a2aaaa8
2a2aaaa8
00000000
d5005500

2aaaaaa8
2aaaaaa8
fffffeff
d5155457
d5555557
00000000
2aaaaaa8
2a2aaaa8
ff7fffff
d5555557
d5555557

00000000
2faaabe8
00000000
00000000
2affaaff
00000000
d5ff55ff
00000000
00000000
dd555557
00000000

00aa00a8
00400100
00000000
00000000
00800200
00000000
00400000
00000000
00000000
00000000
00550057

01400140
d5155457
d5155457
ffbffeff
d5805500
00000000
2a40ab00
ffbfabff
2a2aaaa8
282aa828
00000000

01400140
ffffffff
ffbffeff
ffbfffff
00800200
00000300
00400100
ffbfabff
ff7fffff
fd7ffd7f
00000000

2b40ab40
fafffebf
00000000
00000100
2aaaaaa8
00000000
d5155457
00000000
00000000
f57ffd7f
d5005500

2beaabe8
d0555417
00000000
00000000
d5555557
ffffffff
2aaaaaa8
00000000
00000000
202aa828
d5555557

00000000
00000000
00000000
2aaaaaa8
00000400
00000000
00000000
d5150157
00000000
00000000
00000000

00aa00a8
2aaaaaa8
2aaaaaa8
2aaaaaa8
00550057
00ff00ff
00aa00a8
d5150157
d5555557
d5555557
00550057

01400140
fafffebf
00000000
00000000
00000000
00000000
00000000
00000000
00000000
f57ffd7f
00000000

00000000
00000000
00000000
00000000
d5005100
ff00ff00
2a00aa00
00000000
00000000
00000000
00000000

