Created 0 new nets from flattening submodules.
Flattened netlist for module cnc_sequencer:
    0: port: i_clk, orig_name i_clk, INPUT index 0
                Port O:      i_clk bit -1, net  120:i_clk_ibuf
    1: port: i_rst, orig_name i_rst, INPUT index 1
                Port O:      i_rst bit -1, net  121:i_rst_ibuf
    2: port: i_x_dir, orig_name i_x_dir, INPUT index 2
                Port O:    i_x_dir bit -1, net    8:i_x_dir
    3: port: i_x_step, orig_name i_x_step, INPUT index 3
                Port O:   i_x_step bit -1, net    9:i_x_step
    4: port: i_y_dir, orig_name i_y_dir, INPUT index 4
                Port O:    i_y_dir bit -1, net    2:i_y_dir
    5: port: i_y_step, orig_name i_y_step, INPUT index 5
                Port O:   i_y_step bit -1, net    3:i_y_step
    6: port: i_z_dir, orig_name i_z_dir, INPUT index 6
                Port O:    i_z_dir bit -1, net    4:i_z_dir
    7: port: i_z_step, orig_name i_z_step, INPUT index 7
                Port O:   i_z_step bit -1, net    5:i_z_step
    8: port: o_led_en, orig_name o_led_en, OUTPUT index 8
                Port I:   o_led_en bit -1, net  122:o_led_en_obuf
    9: port: o_motor_en, orig_name o_motor_en, OUTPUT index 9
                Port I: o_motor_en bit -1, net  123:o_motor_en_obuf
    10: port: o_status_led, orig_name o_status_led, OUTPUT index 10
                Port I: o_status_led bit -1, net  124:o_status_led_obuf
    11: port: o_x_motor, orig_name o_x_motor[0], OUTPUT WARNING, port 11 not found in indexing structure!
    12: port: o_x_motor, orig_name o_x_motor[1], OUTPUT WARNING, port 12 not found in indexing structure!
    13: port: o_x_motor, orig_name o_x_motor[2], OUTPUT WARNING, port 13 not found in indexing structure!
    14: port: o_x_motor, orig_name o_x_motor[3], OUTPUT WARNING, port 14 not found in indexing structure!
    15: port: o_y_motor, orig_name o_y_motor[0], OUTPUT WARNING, port 15 not found in indexing structure!
    16: port: o_y_motor, orig_name o_y_motor[1], OUTPUT WARNING, port 16 not found in indexing structure!
    17: port: o_y_motor, orig_name o_y_motor[2], OUTPUT WARNING, port 17 not found in indexing structure!
    18: port: o_y_motor, orig_name o_y_motor[3], OUTPUT WARNING, port 18 not found in indexing structure!
    19: port: o_z_motor, orig_name o_z_motor[0], OUTPUT WARNING, port 19 not found in indexing structure!
    20: port: o_z_motor, orig_name o_z_motor[1], OUTPUT WARNING, port 20 not found in indexing structure!
    21: port: o_z_motor, orig_name o_z_motor[2], OUTPUT WARNING, port 21 not found in indexing structure!
    22: port: o_z_motor, orig_name o_z_motor[3], OUTPUT WARNING, port 22 not found in indexing structure!
    23: GND: GND, orig_name GND,  index 23
                Port O:          G bit -1, net    1:GND_NET
    24: VCC: VCC, orig_name VCC,  index 24
                Port O:          P bit -1, net    0:VCC_NET
    25: LUT4: id00011, orig_name $abc$3021$lut$0\clk_div[23:0][0], 16'h1555 index 25
                Port O:          O bit -1, net   59:id00120
                Port I:         I0 bit -1, net   97:id00158
                Port I:         I3 bit -1, net   99:id00160
                Port I:         I2 bit -1, net  100:id00161
                Port I:         I1 bit -1, net  101:id00162
    26: LUT4: id00012, orig_name $abc$3021$lut$0\clk_div[23:0][11], 16'h2AAA index 26
                Port O:          O bit -1, net   55:id00116
                Port I:         I0 bit -1, net   98:id00159
                Port I:         I3 bit -1, net   99:id00160
                Port I:         I2 bit -1, net  100:id00161
                Port I:         I1 bit -1, net  101:id00162
    27: LUT4: id00013, orig_name $abc$3021$lut$0\clk_div[23:0][12], 16'h2AAA index 27
                Port O:          O bit -1, net   68:id00129
                Port I:         I0 bit -1, net   57:id00118
                Port I:         I3 bit -1, net   99:id00160
                Port I:         I2 bit -1, net  100:id00161
                Port I:         I1 bit -1, net  101:id00162
    28: LUT4: id00014, orig_name $abc$3021$lut$0\clk_div[23:0][16], 16'h70F0 index 28
                Port O:          O bit -1, net  119:id00180
                Port I:         I3 bit -1, net   99:id00160
                Port I:         I1 bit -1, net  100:id00161
                Port I:         I0 bit -1, net  101:id00162
                Port I:         I2 bit -1, net  105:id00166
    29: LUT4: id00015, orig_name $abc$3021$lut$0\clk_div[23:0][17], 16'h7F00 index 29
                Port O:          O bit -1, net   65:id00126
                Port I:         I3 bit -1, net   85:id00146
                Port I:         I2 bit -1, net   99:id00160
                Port I:         I1 bit -1, net  100:id00161
                Port I:         I0 bit -1, net  101:id00162
    30: LUT4: id00016, orig_name $abc$3021$lut$0\clk_div[23:0][18], 16'h70F0 index 30
                Port O:          O bit -1, net   51:id00112
                Port I:         I3 bit -1, net   99:id00160
                Port I:         I1 bit -1, net  100:id00161
                Port I:         I0 bit -1, net  101:id00162
                Port I:         I2 bit -1, net  103:id00164
    31: LUT4: id00017, orig_name $abc$3021$lut$0\clk_div[23:0][20], 16'h7F00 index 31
                Port O:          O bit -1, net   72:id00133
                Port I:         I2 bit -1, net   99:id00160
                Port I:         I1 bit -1, net  100:id00161
                Port I:         I0 bit -1, net  101:id00162
                Port I:         I3 bit -1, net  108:id00169
    32: LUT4: id00018, orig_name $abc$3021$lut$0\clk_div[23:0][21], 16'h7F00 index 32
                Port O:          O bit -1, net   63:id00124
                Port I:         I3 bit -1, net   52:id00113
                Port I:         I2 bit -1, net   99:id00160
                Port I:         I1 bit -1, net  100:id00161
                Port I:         I0 bit -1, net  101:id00162
    33: LUT4: id00019, orig_name $abc$3021$lut$0\clk_div[23:0][23], 16'h7F00 index 33
                Port O:          O bit -1, net   71:id00132
                Port I:         I2 bit -1, net   99:id00160
                Port I:         I1 bit -1, net  100:id00161
                Port I:         I0 bit -1, net  101:id00162
                Port I:         I3 bit -1, net  104:id00165
    34: LUT4: id00020, orig_name $abc$3021$lut$0\clk_div[23:0][8], 16'h2AAA index 34
                Port O:          O bit -1, net   61:id00122
                Port I:         I0 bit -1, net   56:id00117
                Port I:         I3 bit -1, net   99:id00160
                Port I:         I2 bit -1, net  100:id00161
                Port I:         I1 bit -1, net  101:id00162
    35: LUT4: id00021, orig_name $abc$3021$lut$0\clk_div[23:0][9], 16'h2AAA index 35
                Port O:          O bit -1, net   70:id00131
                Port I:         I3 bit -1, net   99:id00160
                Port I:         I2 bit -1, net  100:id00161
                Port I:         I1 bit -1, net  101:id00162
                Port I:         I0 bit -1, net  102:id00163
    36: LUT4: id00022, orig_name $abc$3021$lut$aiger3020$121, 16'h0001 index 36
                Port O:          O bit -1, net   86:id00147
                Port I:         I2 bit -1, net   79:id00140
                Port I:         I3 bit -1, net   80:id00141
                Port I:         I0 bit -1, net   81:id00142
                Port I:         I1 bit -1, net   82:id00143
    37: LUT2: id00023, orig_name $abc$3021$lut$aiger3020$122, 4'h8 index 37
                Port O:          O bit -1, net   95:id00156
                Port I:         I0 bit -1, net   77:id00138
                Port I:         I1 bit -1, net   78:id00139
    38: LUT2: id00024, orig_name $abc$3021$lut$aiger3020$123, 4'h2 index 38
                Port O:          O bit -1, net   94:id00155
                Port I:         I0 bit -1, net   83:id00144
                Port I:         I1 bit -1, net   84:id00145
    39: LUT2: id00025, orig_name $abc$3021$lut$aiger3020$124, 4'h8 index 39
                Port O:          O bit -1, net  111:id00172
                Port I:         I0 bit -1, net   75:id00136
                Port I:         I1 bit -1, net   76:id00137
    40: LUT2: id00026, orig_name $abc$3021$lut$aiger3020$125, 4'h2 index 40
                Port O:          O bit -1, net  110:id00171
                Port I:         I0 bit -1, net   73:id00134
                Port I:         I1 bit -1, net   74:id00135
    41: LUT5: id00027, orig_name $abc$3021$lut$aiger3020$129, 32'h00010000 index 41
                Port O:          O bit -1, net   99:id00160
                Port I:         I4 bit -1, net   86:id00147
                Port I:         I2 bit -1, net   87:id00148
                Port I:         I0 bit -1, net   88:id00149
                Port I:         I1 bit -1, net   89:id00150
                Port I:         I3 bit -1, net   97:id00158
    42: LUT6: id00028, orig_name $abc$3021$lut$aiger3020$134, 64'h0004000000000000 index 42
                Port O:          O bit -1, net  100:id00161
                Port I:         I2 bit -1, net   90:id00151
                Port I:         I3 bit -1, net   91:id00152
                Port I:         I0 bit -1, net   92:id00153
                Port I:         I1 bit -1, net   93:id00154
                Port I:         I4 bit -1, net   94:id00155
                Port I:         I5 bit -1, net   95:id00156
    43: LUT6: id00029, orig_name $abc$3021$lut$aiger3020$139, 64'h0080000000000000 index 43
                Port O:          O bit -1, net  101:id00162
                Port I:         I4 bit -1, net  110:id00171
                Port I:         I5 bit -1, net  111:id00172
                Port I:         I2 bit -1, net  112:id00173
                Port I:         I3 bit -1, net  113:id00174
                Port I:         I0 bit -1, net  114:id00175
                Port I:         I1 bit -1, net  115:id00176
    44: LUT2: id00030, orig_name $abc$3021$lut$aiger3020$175, 4'h1 index 44
                Port O:          O bit -1, net  106:id00167
                Port I:         I1 bit -1, net   96:id00157
                Port I:         I0 bit -1, net  109:id00170
    45: INV: id00031, orig_name $abc$3021$lut$not$aiger3020$36,  index 45
                Port O:          O bit -1, net   47:id00108
                Port I:          I bit -1, net   96:id00157
    46: INV: id00032, orig_name $abc$3021$lut$not$aiger3020$47,  index 46
                Port O:          O bit -1, net   37:id00098
                Port I:          I bit -1, net   97:id00158
    47: LUT3: id00033, orig_name $abc$3021$lut\o_status_led, 8'h80 index 47
                Port O:          O bit -1, net   14:o_status_led
                Port I:         I2 bit -1, net   99:id00160
                Port I:         I1 bit -1, net  100:id00161
                Port I:         I0 bit -1, net  101:id00162
    48: LUT2: id00034, orig_name $abc$3021$lut\o_x_motor[0], 4'h2 index 48
                Port O:          O bit -1, net   11:id00073
                Port I:         I1 bit -1, net  106:id00167
                Port I:         I0 bit -1, net  107:id00168
    49: LUT3: id00035, orig_name $abc$3021$lut\o_x_motor[1], 8'h74 index 49
                Port O:          O bit -1, net   10:id00072
                Port I:         I1 bit -1, net  107:id00168
                Port I:         I0 bit -1, net  109:id00170
                Port I:         I2 bit -1, net  116:id00177
    50: LUT2: id00036, orig_name $abc$3021$lut\o_x_motor[2], 4'h1 index 50
                Port O:          O bit -1, net   13:id00075
                Port I:         I1 bit -1, net  106:id00167
                Port I:         I0 bit -1, net  107:id00168
    51: LUT3: id00037, orig_name $auto$abc9_ops.cc:1550:reintegrate$3023, 8'hF1 index 51
                Port O:          O bit -1, net   12:id00074
                Port I:         I2 bit -1, net   53:id00114
                Port I:         I1 bit -1, net  107:id00168
                Port I:         I0 bit -1, net  109:id00170
    52: CARRY4: id00038, orig_name $auto$alumacc.cc:485:replace_alu$1281.genblk1.slice[0].genblk1.carry4,  index 52
                Port O:         CO bit  0, net   36:id00097
                Port O:         CO bit  3, net   38:id00099
                Port O:         CO bit  1, net   39:id00100
                Port O:          O bit  3, net   40:id00101
                Port O:          O bit  2, net   48:id00109
                Port O:          O bit  1, net   49:id00110
                Port O:          O bit  0, net   53:id00114
                Port O:         CO bit  2, net  116:id00177
                Port I:         DI bit  3, net    0:VCC_NET
                Port I:         DI bit  0, net    1:GND_NET
                Port I:         DI bit  1, net    1:GND_NET
                Port I:         DI bit  2, net    1:GND_NET
                Port I:          S bit  0, net    1:GND_NET
                Port I:         CI bit -1, net    1:GND_NET
                Port I:     CYINIT bit -1, net    1:GND_NET
                Port I:          S bit  3, net   47:id00108
                Port I:          S bit  1, net  107:id00168
                Port I:          S bit  2, net  109:id00170
    53: CARRY4: id00039, orig_name $auto$alumacc.cc:485:replace_alu$1284.genblk1.slice[0].genblk1.carry4,  index 53
                Port O:         CO bit  0, net   22:id00083
                Port O:         CO bit  2, net   23:id00084
                Port O:         CO bit  3, net   24:id00085
                Port O:         CO bit  1, net   25:id00086
                Port O:          O bit  3, net   26:id00087
                Port O:          O bit  1, net   50:id00111
                Port O:          O bit  2, net   60:id00121
                Port O:          O bit  0, net   67:id00128
                Port I:         DI bit  3, net    0:VCC_NET
                Port I:         DI bit  0, net    1:GND_NET
                Port I:         DI bit  1, net    1:GND_NET
                Port I:         DI bit  2, net    1:GND_NET
                Port I:         CI bit -1, net    1:GND_NET
                Port I:     CYINIT bit -1, net    1:GND_NET
                Port I:          S bit  3, net   37:id00098
                Port I:          S bit  2, net   87:id00148
                Port I:          S bit  0, net   88:id00149
                Port I:          S bit  1, net   89:id00150
    54: CARRY4: id00040, orig_name $auto$alumacc.cc:485:replace_alu$1284.genblk1.slice[1].genblk1.carry4,  index 54
                Port O:         CO bit  2, net   20:id00081
                Port O:         CO bit  3, net   21:id00082
                Port O:         CO bit  1, net   30:id00091
                Port O:         CO bit  0, net   31:id00092
                Port O:          O bit  0, net   54:id00115
                Port O:          O bit  2, net   58:id00119
                Port O:          O bit  1, net  117:id00178
                Port O:          O bit  3, net  118:id00179
                Port I:         DI bit  0, net    1:GND_NET
                Port I:         DI bit  1, net    1:GND_NET
                Port I:         DI bit  2, net    1:GND_NET
                Port I:         DI bit  3, net    1:GND_NET
                Port I:     CYINIT bit -1, net    1:GND_NET
                Port I:         CI bit -1, net   22:id00083
                Port I:          S bit  3, net   79:id00140
                Port I:          S bit  1, net   80:id00141
                Port I:          S bit  0, net   81:id00142
                Port I:          S bit  2, net   82:id00143
    55: CARRY4: id00041, orig_name $auto$alumacc.cc:485:replace_alu$1284.genblk1.slice[2].genblk1.carry4,  index 55
                Port O:         CO bit  1, net   27:id00088
                Port O:         CO bit  3, net   28:id00089
                Port O:         CO bit  2, net   29:id00090
                Port O:         CO bit  0, net   43:id00104
                Port O:          O bit  1, net   46:id00107
                Port O:          O bit  3, net   56:id00117
                Port O:          O bit  0, net   98:id00159
                Port O:          O bit  2, net  102:id00163
                Port I:         DI bit  0, net    1:GND_NET
                Port I:         DI bit  1, net    1:GND_NET
                Port I:         DI bit  2, net    1:GND_NET
                Port I:         DI bit  3, net    1:GND_NET
                Port I:     CYINIT bit -1, net    1:GND_NET
                Port I:         CI bit -1, net   31:id00092
                Port I:          S bit  3, net   77:id00138
                Port I:          S bit  2, net   78:id00139
                Port I:          S bit  0, net   83:id00144
                Port I:          S bit  1, net   84:id00145
    56: CARRY4: id00042, orig_name $auto$alumacc.cc:485:replace_alu$1284.genblk1.slice[3].genblk1.carry4,  index 56
                Port O:         CO bit  2, net   41:id00102
                Port O:         CO bit  3, net   42:id00103
                Port O:         CO bit  0, net   44:id00105
                Port O:         CO bit  1, net   45:id00106
                Port O:          O bit  3, net   57:id00118
                Port O:          O bit  0, net   62:id00123
                Port O:          O bit  2, net   66:id00127
                Port O:          O bit  1, net   69:id00130
                Port I:         DI bit  0, net    1:GND_NET
                Port I:         DI bit  1, net    1:GND_NET
                Port I:         DI bit  2, net    1:GND_NET
                Port I:         DI bit  3, net    1:GND_NET
                Port I:     CYINIT bit -1, net    1:GND_NET
                Port I:         CI bit -1, net   43:id00104
                Port I:          S bit  1, net   90:id00151
                Port I:          S bit  0, net   91:id00152
                Port I:          S bit  2, net   92:id00153
                Port I:          S bit  3, net   93:id00154
    57: CARRY4: id00043, orig_name $auto$alumacc.cc:485:replace_alu$1284.genblk1.slice[4].genblk1.carry4,  index 57
                Port O:          O bit  0, net   15:id00076
                Port O:         CO bit  0, net   16:id00077
                Port O:         CO bit  3, net   17:id00078
                Port O:         CO bit  1, net   18:id00079
                Port O:         CO bit  2, net   19:id00080
                Port O:          O bit  2, net   85:id00146
                Port O:          O bit  1, net  103:id00164
                Port O:          O bit  3, net  105:id00166
                Port I:         DI bit  0, net    1:GND_NET
                Port I:         DI bit  1, net    1:GND_NET
                Port I:         DI bit  2, net    1:GND_NET
                Port I:         DI bit  3, net    1:GND_NET
                Port I:     CYINIT bit -1, net    1:GND_NET
                Port I:         CI bit -1, net   44:id00105
                Port I:          S bit  3, net  112:id00173
                Port I:          S bit  0, net  113:id00174
                Port I:          S bit  2, net  114:id00175
                Port I:          S bit  1, net  115:id00176
    58: CARRY4: id00044, orig_name $auto$alumacc.cc:485:replace_alu$1284.genblk1.slice[5].genblk1.carry4,  index 58
                Port O:         CO bit  0, net   32:id00093
                Port O:         CO bit  1, net   33:id00094
                Port O:         CO bit  2, net   34:id00095
                Port O:         CO bit  3, net   35:id00096
                Port O:          O bit  2, net   52:id00113
                Port O:          O bit  1, net   64:id00125
                Port O:          O bit  0, net  104:id00165
                Port O:          O bit  3, net  108:id00169
                Port I:         DI bit  0, net    1:GND_NET
                Port I:         DI bit  1, net    1:GND_NET
                Port I:         DI bit  2, net    1:GND_NET
                Port I:         DI bit  3, net    1:GND_NET
                Port I:     CYINIT bit -1, net    1:GND_NET
                Port I:         CI bit -1, net   16:id00077
                Port I:          S bit  0, net   73:id00134
                Port I:          S bit  1, net   74:id00135
                Port I:          S bit  2, net   75:id00136
                Port I:          S bit  3, net   76:id00137
    59: FDCE: id00045, orig_name $auto$ff.cc:266:slice$1825, 1'h0 index 59
                Port O:          Q bit -1, net   96:id00157
                Port I:        CLR bit -1, net    6:i_rst
                Port I:          C bit -1, net    7:i_clk
                Port I:         CE bit -1, net   14:o_status_led
                Port I:          D bit -1, net   47:id00108
    60: FDCE: id00046, orig_name $auto$ff.cc:266:slice$1826, 1'h0 index 60
                Port O:          Q bit -1, net  109:id00170
                Port I:        CLR bit -1, net    6:i_rst
                Port I:          C bit -1, net    7:i_clk
                Port I:         CE bit -1, net   14:o_status_led
                Port I:          D bit -1, net   48:id00109
    61: FDCE: id00047, orig_name $auto$ff.cc:266:slice$1827, 1'h0 index 61
                Port O:          Q bit -1, net  107:id00168
                Port I:        CLR bit -1, net    6:i_rst
                Port I:          C bit -1, net    7:i_clk
                Port I:         CE bit -1, net   14:o_status_led
                Port I:          D bit -1, net   49:id00110
    62: FDCE: id00048, orig_name $auto$ff.cc:266:slice$1828, 1'h0 index 62
                Port O:          Q bit -1, net   97:id00158
                Port I:         CE bit -1, net    0:VCC_NET
                Port I:        CLR bit -1, net    6:i_rst
                Port I:          C bit -1, net    7:i_clk
                Port I:          D bit -1, net   59:id00120
    63: FDCE: id00049, orig_name $auto$ff.cc:266:slice$1829, 1'h0 index 63
                Port O:          Q bit -1, net   87:id00148
                Port I:         CE bit -1, net    0:VCC_NET
                Port I:        CLR bit -1, net    6:i_rst
                Port I:          C bit -1, net    7:i_clk
                Port I:          D bit -1, net   60:id00121
    64: FDCE: id00050, orig_name $auto$ff.cc:266:slice$1830, 1'h0 index 64
                Port O:          Q bit -1, net   89:id00150
                Port I:         CE bit -1, net    0:VCC_NET
                Port I:        CLR bit -1, net    6:i_rst
                Port I:          C bit -1, net    7:i_clk
                Port I:          D bit -1, net   50:id00111
    65: FDCE: id00051, orig_name $auto$ff.cc:266:slice$1831, 1'h0 index 65
                Port O:          Q bit -1, net   88:id00149
                Port I:         CE bit -1, net    0:VCC_NET
                Port I:        CLR bit -1, net    6:i_rst
                Port I:          C bit -1, net    7:i_clk
                Port I:          D bit -1, net   67:id00128
    66: FDCE: id00052, orig_name $auto$ff.cc:266:slice$1832, 1'h0 index 66
                Port O:          Q bit -1, net   79:id00140
                Port I:         CE bit -1, net    0:VCC_NET
                Port I:        CLR bit -1, net    6:i_rst
                Port I:          C bit -1, net    7:i_clk
                Port I:          D bit -1, net  118:id00179
    67: FDCE: id00053, orig_name $auto$ff.cc:266:slice$1833, 1'h0 index 67
                Port O:          Q bit -1, net   82:id00143
                Port I:         CE bit -1, net    0:VCC_NET
                Port I:        CLR bit -1, net    6:i_rst
                Port I:          C bit -1, net    7:i_clk
                Port I:          D bit -1, net   58:id00119
    68: FDCE: id00054, orig_name $auto$ff.cc:266:slice$1834, 1'h0 index 68
                Port O:          Q bit -1, net   80:id00141
                Port I:         CE bit -1, net    0:VCC_NET
                Port I:        CLR bit -1, net    6:i_rst
                Port I:          C bit -1, net    7:i_clk
                Port I:          D bit -1, net  117:id00178
    69: FDCE: id00055, orig_name $auto$ff.cc:266:slice$1835, 1'h0 index 69
                Port O:          Q bit -1, net   81:id00142
                Port I:         CE bit -1, net    0:VCC_NET
                Port I:        CLR bit -1, net    6:i_rst
                Port I:          C bit -1, net    7:i_clk
                Port I:          D bit -1, net   54:id00115
    70: FDCE: id00056, orig_name $auto$ff.cc:266:slice$1836, 1'h0 index 70
                Port O:          Q bit -1, net   77:id00138
                Port I:         CE bit -1, net    0:VCC_NET
                Port I:        CLR bit -1, net    6:i_rst
                Port I:          C bit -1, net    7:i_clk
                Port I:          D bit -1, net   61:id00122
    71: FDCE: id00057, orig_name $auto$ff.cc:266:slice$1837, 1'h0 index 71
                Port O:          Q bit -1, net   78:id00139
                Port I:         CE bit -1, net    0:VCC_NET
                Port I:        CLR bit -1, net    6:i_rst
                Port I:          C bit -1, net    7:i_clk
                Port I:          D bit -1, net   70:id00131
    72: FDCE: id00058, orig_name $auto$ff.cc:266:slice$1838, 1'h0 index 72
                Port O:          Q bit -1, net   84:id00145
                Port I:         CE bit -1, net    0:VCC_NET
                Port I:        CLR bit -1, net    6:i_rst
                Port I:          C bit -1, net    7:i_clk
                Port I:          D bit -1, net   46:id00107
    73: FDCE: id00059, orig_name $auto$ff.cc:266:slice$1839, 1'h0 index 73
                Port O:          Q bit -1, net   83:id00144
                Port I:         CE bit -1, net    0:VCC_NET
                Port I:        CLR bit -1, net    6:i_rst
                Port I:          C bit -1, net    7:i_clk
                Port I:          D bit -1, net   55:id00116
    74: FDCE: id00060, orig_name $auto$ff.cc:266:slice$1840, 1'h0 index 74
                Port O:          Q bit -1, net   93:id00154
                Port I:         CE bit -1, net    0:VCC_NET
                Port I:        CLR bit -1, net    6:i_rst
                Port I:          C bit -1, net    7:i_clk
                Port I:          D bit -1, net   68:id00129
    75: FDCE: id00061, orig_name $auto$ff.cc:266:slice$1841, 1'h0 index 75
                Port O:          Q bit -1, net   92:id00153
                Port I:         CE bit -1, net    0:VCC_NET
                Port I:        CLR bit -1, net    6:i_rst
                Port I:          C bit -1, net    7:i_clk
                Port I:          D bit -1, net   66:id00127
    76: FDCE: id00062, orig_name $auto$ff.cc:266:slice$1842, 1'h0 index 76
                Port O:          Q bit -1, net   90:id00151
                Port I:         CE bit -1, net    0:VCC_NET
                Port I:        CLR bit -1, net    6:i_rst
                Port I:          C bit -1, net    7:i_clk
                Port I:          D bit -1, net   69:id00130
    77: FDCE: id00063, orig_name $auto$ff.cc:266:slice$1843, 1'h0 index 77
                Port O:          Q bit -1, net   91:id00152
                Port I:         CE bit -1, net    0:VCC_NET
                Port I:        CLR bit -1, net    6:i_rst
                Port I:          C bit -1, net    7:i_clk
                Port I:          D bit -1, net   62:id00123
    78: FDCE: id00064, orig_name $auto$ff.cc:266:slice$1844, 1'h0 index 78
                Port O:          Q bit -1, net  112:id00173
                Port I:         CE bit -1, net    0:VCC_NET
                Port I:        CLR bit -1, net    6:i_rst
                Port I:          C bit -1, net    7:i_clk
                Port I:          D bit -1, net  119:id00180
    79: FDCE: id00065, orig_name $auto$ff.cc:266:slice$1845, 1'h0 index 79
                Port O:          Q bit -1, net  114:id00175
                Port I:         CE bit -1, net    0:VCC_NET
                Port I:        CLR bit -1, net    6:i_rst
                Port I:          C bit -1, net    7:i_clk
                Port I:          D bit -1, net   65:id00126
    80: FDCE: id00066, orig_name $auto$ff.cc:266:slice$1846, 1'h0 index 80
                Port O:          Q bit -1, net  115:id00176
                Port I:         CE bit -1, net    0:VCC_NET
                Port I:        CLR bit -1, net    6:i_rst
                Port I:          C bit -1, net    7:i_clk
                Port I:          D bit -1, net   51:id00112
    81: FDCE: id00067, orig_name $auto$ff.cc:266:slice$1847, 1'h0 index 81
                Port O:          Q bit -1, net  113:id00174
                Port I:         CE bit -1, net    0:VCC_NET
                Port I:        CLR bit -1, net    6:i_rst
                Port I:          C bit -1, net    7:i_clk
                Port I:          D bit -1, net   15:id00076
    82: FDCE: id00068, orig_name $auto$ff.cc:266:slice$1848, 1'h0 index 82
                Port O:          Q bit -1, net   76:id00137
                Port I:         CE bit -1, net    0:VCC_NET
                Port I:        CLR bit -1, net    6:i_rst
                Port I:          C bit -1, net    7:i_clk
                Port I:          D bit -1, net   72:id00133
    83: FDCE: id00069, orig_name $auto$ff.cc:266:slice$1849, 1'h0 index 83
                Port O:          Q bit -1, net   75:id00136
                Port I:         CE bit -1, net    0:VCC_NET
                Port I:        CLR bit -1, net    6:i_rst
                Port I:          C bit -1, net    7:i_clk
                Port I:          D bit -1, net   63:id00124
    84: FDCE: id00070, orig_name $auto$ff.cc:266:slice$1850, 1'h0 index 84
                Port O:          Q bit -1, net   74:id00135
                Port I:         CE bit -1, net    0:VCC_NET
                Port I:        CLR bit -1, net    6:i_rst
                Port I:          C bit -1, net    7:i_clk
                Port I:          D bit -1, net   64:id00125
    85: FDCE: id00071, orig_name $auto$ff.cc:266:slice$1851, 1'h0 index 85
                Port O:          Q bit -1, net   73:id00134
                Port I:         CE bit -1, net    0:VCC_NET
                Port I:        CLR bit -1, net    6:i_rst
                Port I:          C bit -1, net    7:i_clk
                Port I:          D bit -1, net   71:id00132
    86: IBUF: g_86_i_clk_ibuf, orig_name g_86_i_clk_ibuf, 2'h1 index 86
                Port O:          O bit  0, net    7:i_clk
                Port I:          I bit  0, net  120:i_clk_ibuf
    87: IBUF: g_87_i_rst_ibuf, orig_name g_87_i_rst_ibuf, 2'h1 index 87
                Port O:          O bit  0, net    6:i_rst
                Port I:          I bit  0, net  121:i_rst_ibuf
    88: OBUF: g_88_o_led_en_obuf, orig_name g_88_o_led_en_obuf, 2'h1 index 88
                Port O:          O bit  0, net  122:o_led_en_obuf
                Port I:          I bit  0, net    0:VCC_NET
    89: OBUF: g_89_o_motor_en_obuf, orig_name g_89_o_motor_en_obuf, 2'h1 index 89
                Port O:          O bit  0, net  123:o_motor_en_obuf
                Port I:          I bit  0, net    0:VCC_NET
    90: OBUF: g_90_o_status_led_obuf, orig_name g_90_o_status_led_obuf, 2'h1 index 90
                Port O:          O bit  0, net  124:o_status_led_obuf
                Port I:          I bit  0, net   14:o_status_led
    91: OBUF: g_91_o_x_motor_0_obuf, orig_name g_91_o_x_motor_0_obuf, 2'h1 index 91
                Port O:          O bit  0, net  125:o_x_motor_0_obuf
                Port I:          I bit  0, net   11:id00073
    92: OBUF: g_92_o_x_motor_1_obuf, orig_name g_92_o_x_motor_1_obuf, 2'h1 index 92
                Port O:          O bit  0, net  126:o_x_motor_1_obuf
                Port I:          I bit  0, net   10:id00072
    93: OBUF: g_93_o_x_motor_2_obuf, orig_name g_93_o_x_motor_2_obuf, 2'h1 index 93
                Port O:          O bit  0, net  127:o_x_motor_2_obuf
                Port I:          I bit  0, net   13:id00075
    94: OBUF: g_94_o_x_motor_3_obuf, orig_name g_94_o_x_motor_3_obuf, 2'h1 index 94
                Port O:          O bit  0, net  128:o_x_motor_3_obuf
                Port I:          I bit  0, net   12:id00074
    95: OBUF: g_95_o_y_motor_0_obuf, orig_name g_95_o_y_motor_0_obuf, 2'h1 index 95
                Port O:          O bit  0, net  129:o_y_motor_0_obuf
                Port I:          I bit  0, net    1:GND_NET
    96: OBUF: g_96_o_y_motor_1_obuf, orig_name g_96_o_y_motor_1_obuf, 2'h1 index 96
                Port O:          O bit  0, net  130:o_y_motor_1_obuf
                Port I:          I bit  0, net    1:GND_NET
    97: OBUF: g_97_o_y_motor_2_obuf, orig_name g_97_o_y_motor_2_obuf, 2'h1 index 97
                Port O:          O bit  0, net  131:o_y_motor_2_obuf
                Port I:          I bit  0, net    1:GND_NET
    98: OBUF: g_98_o_y_motor_3_obuf, orig_name g_98_o_y_motor_3_obuf, 2'h1 index 98
                Port O:          O bit  0, net  132:o_y_motor_3_obuf
                Port I:          I bit  0, net    1:GND_NET
    99: OBUF: g_99_o_z_motor_0_obuf, orig_name g_99_o_z_motor_0_obuf, 2'h1 index 99
                Port O:          O bit  0, net  133:o_z_motor_0_obuf
                Port I:          I bit  0, net    1:GND_NET
    100: OBUF: g_100_o_z_motor_1_obuf, orig_name g_100_o_z_motor_1_obuf, 2'h1 index 100
                Port O:          O bit  0, net  134:o_z_motor_1_obuf
                Port I:          I bit  0, net    1:GND_NET
    101: OBUF: g_101_o_z_motor_2_obuf, orig_name g_101_o_z_motor_2_obuf, 2'h1 index 101
                Port O:          O bit  0, net  135:o_z_motor_2_obuf
                Port I:          I bit  0, net    1:GND_NET
    102: OBUF: g_102_o_z_motor_3_obuf, orig_name g_102_o_z_motor_3_obuf, 2'h1 index 102
                Port O:          O bit  0, net  136:o_z_motor_3_obuf
                Port I:          I bit  0, net    1:GND_NET
    net 0:VCC_NET, orig_name: VCC_NET
            Port O: inst        VCC, port P bit -1
            Port I: inst    id00038, port DI bit  3
            Port I: inst    id00039, port DI bit  3
            Port I: inst    id00048, port CE bit -1
            Port I: inst    id00049, port CE bit -1
            Port I: inst    id00050, port CE bit -1
            Port I: inst    id00051, port CE bit -1
            Port I: inst    id00052, port CE bit -1
            Port I: inst    id00053, port CE bit -1
            Port I: inst    id00054, port CE bit -1
            Port I: inst    id00055, port CE bit -1
            Port I: inst    id00056, port CE bit -1
            Port I: inst    id00057, port CE bit -1
            Port I: inst    id00058, port CE bit -1
            Port I: inst    id00059, port CE bit -1
            Port I: inst    id00060, port CE bit -1
            Port I: inst    id00061, port CE bit -1
            Port I: inst    id00062, port CE bit -1
            Port I: inst    id00063, port CE bit -1
            Port I: inst    id00064, port CE bit -1
            Port I: inst    id00065, port CE bit -1
            Port I: inst    id00066, port CE bit -1
            Port I: inst    id00067, port CE bit -1
            Port I: inst    id00068, port CE bit -1
            Port I: inst    id00069, port CE bit -1
            Port I: inst    id00070, port CE bit -1
            Port I: inst    id00071, port CE bit -1
            Port I: inst g_88_o_led_en_obuf, port I bit  0
            Port I: inst g_89_o_motor_en_obuf, port I bit  0
    net 1:GND_NET, orig_name: GND_NET
            Port O: inst        GND, port G bit -1
            Port I: inst    id00038, port DI bit  0
            Port I: inst    id00039, port DI bit  0
            Port I: inst    id00040, port DI bit  0
            Port I: inst    id00041, port DI bit  0
            Port I: inst    id00042, port DI bit  0
            Port I: inst    id00043, port DI bit  0
            Port I: inst    id00044, port DI bit  0
            Port I: inst    id00038, port DI bit  1
            Port I: inst    id00039, port DI bit  1
            Port I: inst    id00040, port DI bit  1
            Port I: inst    id00041, port DI bit  1
            Port I: inst    id00042, port DI bit  1
            Port I: inst    id00043, port DI bit  1
            Port I: inst    id00044, port DI bit  1
            Port I: inst    id00038, port DI bit  2
            Port I: inst    id00039, port DI bit  2
            Port I: inst    id00040, port DI bit  2
            Port I: inst    id00041, port DI bit  2
            Port I: inst    id00042, port DI bit  2
            Port I: inst    id00043, port DI bit  2
            Port I: inst    id00044, port DI bit  2
            Port I: inst    id00040, port DI bit  3
            Port I: inst    id00041, port DI bit  3
            Port I: inst    id00042, port DI bit  3
            Port I: inst    id00043, port DI bit  3
            Port I: inst    id00044, port DI bit  3
            Port I: inst    id00038, port S bit  0
            Port I: inst g_98_o_y_motor_3_obuf, port I bit  0
            Port I: inst g_97_o_y_motor_2_obuf, port I bit  0
            Port I: inst g_96_o_y_motor_1_obuf, port I bit  0
            Port I: inst g_95_o_y_motor_0_obuf, port I bit  0
            Port I: inst g_102_o_z_motor_3_obuf, port I bit  0
            Port I: inst g_101_o_z_motor_2_obuf, port I bit  0
            Port I: inst g_100_o_z_motor_1_obuf, port I bit  0
            Port I: inst g_99_o_z_motor_0_obuf, port I bit  0
            Port I: inst    id00038, port CI bit -1
            Port I: inst    id00039, port CI bit -1
            Port I: inst    id00038, port CYINIT bit -1
            Port I: inst    id00039, port CYINIT bit -1
            Port I: inst    id00040, port CYINIT bit -1
            Port I: inst    id00041, port CYINIT bit -1
            Port I: inst    id00042, port CYINIT bit -1
            Port I: inst    id00043, port CYINIT bit -1
            Port I: inst    id00044, port CYINIT bit -1
    net 2:i_y_dir, orig_name: i_y_dir
            Port O: inst    i_y_dir, port i_y_dir bit -1
    net 3:i_y_step, orig_name: i_y_step
            Port O: inst   i_y_step, port i_y_step bit -1
    net 4:i_z_dir, orig_name: i_z_dir
            Port O: inst    i_z_dir, port i_z_dir bit -1
    net 5:i_z_step, orig_name: i_z_step
            Port O: inst   i_z_step, port i_z_step bit -1
    net 6:i_rst, orig_name: i_rst
            Port O: inst g_87_i_rst_ibuf, port O bit  0
            Port I: inst    id00045, port CLR bit -1
            Port I: inst    id00046, port CLR bit -1
            Port I: inst    id00047, port CLR bit -1
            Port I: inst    id00048, port CLR bit -1
            Port I: inst    id00049, port CLR bit -1
            Port I: inst    id00050, port CLR bit -1
            Port I: inst    id00051, port CLR bit -1
            Port I: inst    id00052, port CLR bit -1
            Port I: inst    id00053, port CLR bit -1
            Port I: inst    id00054, port CLR bit -1
            Port I: inst    id00055, port CLR bit -1
            Port I: inst    id00056, port CLR bit -1
            Port I: inst    id00057, port CLR bit -1
            Port I: inst    id00058, port CLR bit -1
            Port I: inst    id00059, port CLR bit -1
            Port I: inst    id00060, port CLR bit -1
            Port I: inst    id00061, port CLR bit -1
            Port I: inst    id00062, port CLR bit -1
            Port I: inst    id00063, port CLR bit -1
            Port I: inst    id00064, port CLR bit -1
            Port I: inst    id00065, port CLR bit -1
            Port I: inst    id00066, port CLR bit -1
            Port I: inst    id00067, port CLR bit -1
            Port I: inst    id00068, port CLR bit -1
            Port I: inst    id00069, port CLR bit -1
            Port I: inst    id00070, port CLR bit -1
            Port I: inst    id00071, port CLR bit -1
    net 7:i_clk, orig_name: i_clk
            Port O: inst g_86_i_clk_ibuf, port O bit  0
            Port I: inst    id00045, port C bit -1
            Port I: inst    id00046, port C bit -1
            Port I: inst    id00047, port C bit -1
            Port I: inst    id00048, port C bit -1
            Port I: inst    id00049, port C bit -1
            Port I: inst    id00050, port C bit -1
            Port I: inst    id00051, port C bit -1
            Port I: inst    id00052, port C bit -1
            Port I: inst    id00053, port C bit -1
            Port I: inst    id00054, port C bit -1
            Port I: inst    id00055, port C bit -1
            Port I: inst    id00056, port C bit -1
            Port I: inst    id00057, port C bit -1
            Port I: inst    id00058, port C bit -1
            Port I: inst    id00059, port C bit -1
            Port I: inst    id00060, port C bit -1
            Port I: inst    id00061, port C bit -1
            Port I: inst    id00062, port C bit -1
            Port I: inst    id00063, port C bit -1
            Port I: inst    id00064, port C bit -1
            Port I: inst    id00065, port C bit -1
            Port I: inst    id00066, port C bit -1
            Port I: inst    id00067, port C bit -1
            Port I: inst    id00068, port C bit -1
            Port I: inst    id00069, port C bit -1
            Port I: inst    id00070, port C bit -1
            Port I: inst    id00071, port C bit -1
    net 8:i_x_dir, orig_name: i_x_dir
            Port O: inst    i_x_dir, port i_x_dir bit -1
    net 9:i_x_step, orig_name: i_x_step
            Port O: inst   i_x_step, port i_x_step bit -1
    net 10:id00072, orig_name: o_x_motor[1]
            Port O: inst    id00035, port O bit -1
            Port I: inst g_92_o_x_motor_1_obuf, port I bit  0
    net 11:id00073, orig_name: o_x_motor[0]
            Port O: inst    id00034, port O bit -1
            Port I: inst g_91_o_x_motor_0_obuf, port I bit  0
    net 12:id00074, orig_name: o_x_motor[3]
            Port O: inst    id00037, port O bit -1
            Port I: inst g_94_o_x_motor_3_obuf, port I bit  0
    net 13:id00075, orig_name: o_x_motor[2]
            Port O: inst    id00036, port O bit -1
            Port I: inst g_93_o_x_motor_2_obuf, port I bit  0
    net 14:o_status_led, orig_name: o_status_led
            Port O: inst    id00033, port O bit -1
            Port I: inst    id00045, port CE bit -1
            Port I: inst    id00046, port CE bit -1
            Port I: inst    id00047, port CE bit -1
            Port I: inst g_90_o_status_led_obuf, port I bit  0
    net 15:id00076, orig_name: $techmap2176$auto$ff.cc:266:slice$1847.D
            Port O: inst    id00043, port O bit  0
            Port I: inst    id00067, port D bit -1
    net 16:id00077, orig_name: $abc$3021$aiger3020$106
            Port O: inst    id00043, port CO bit  0
            Port I: inst    id00044, port CI bit -1
    net 17:id00078, orig_name: $abc$3021$aiger3020$103
            Port O: inst    id00043, port CO bit  3
    net 18:id00079, orig_name: $abc$3021$aiger3020$105
            Port O: inst    id00043, port CO bit  1
    net 19:id00080, orig_name: $abc$3021$aiger3020$104
            Port O: inst    id00043, port CO bit  2
    net 20:id00081, orig_name: $abc$3021$aiger3020$68
            Port O: inst    id00040, port CO bit  2
    net 21:id00082, orig_name: $abc$3021$aiger3020$67
            Port O: inst    id00040, port CO bit  3
    net 22:id00083, orig_name: $abc$3021$aiger3020$58
            Port O: inst    id00039, port CO bit  0
            Port I: inst    id00040, port CI bit -1
    net 23:id00084, orig_name: $abc$3021$aiger3020$56
            Port O: inst    id00039, port CO bit  2
    net 24:id00085, orig_name: $abc$3021$aiger3020$55
            Port O: inst    id00039, port CO bit  3
    net 25:id00086, orig_name: $abc$3021$aiger3020$57
            Port O: inst    id00039, port CO bit  1
    net 26:id00087, orig_name: $abc$3021$aiger3020$51
            Port O: inst    id00039, port O bit  3
    net 27:id00088, orig_name: $abc$3021$aiger3020$81
            Port O: inst    id00041, port CO bit  1
    net 28:id00089, orig_name: $abc$3021$aiger3020$79
            Port O: inst    id00041, port CO bit  3
    net 29:id00090, orig_name: $abc$3021$aiger3020$80
            Port O: inst    id00041, port CO bit  2
    net 30:id00091, orig_name: $abc$3021$aiger3020$69
            Port O: inst    id00040, port CO bit  1
    net 31:id00092, orig_name: $abc$3021$aiger3020$70
            Port O: inst    id00040, port CO bit  0
            Port I: inst    id00041, port CI bit -1
    net 32:id00093, orig_name: $abc$3021$aiger3020$118
            Port O: inst    id00044, port CO bit  0
    net 33:id00094, orig_name: $abc$3021$aiger3020$117
            Port O: inst    id00044, port CO bit  1
    net 34:id00095, orig_name: $abc$3021$aiger3020$116
            Port O: inst    id00044, port CO bit  2
    net 35:id00096, orig_name: $abc$3021$aiger3020$115
            Port O: inst    id00044, port CO bit  3
    net 36:id00097, orig_name: $abc$3021$aiger3020$46
            Port O: inst    id00038, port CO bit  0
    net 37:id00098, orig_name: $abc$3021$aiger3020$47b
            Port O: inst    id00032, port O bit -1
            Port I: inst    id00039, port S bit  3
    net 38:id00099, orig_name: $abc$3021$aiger3020$43
            Port O: inst    id00038, port CO bit  3
    net 39:id00100, orig_name: $abc$3021$aiger3020$45
            Port O: inst    id00038, port CO bit  1
    net 40:id00101, orig_name: $abc$3021$aiger3020$39
            Port O: inst    id00038, port O bit  3
    net 41:id00102, orig_name: $abc$3021$aiger3020$92
            Port O: inst    id00042, port CO bit  2
    net 42:id00103, orig_name: $abc$3021$aiger3020$91
            Port O: inst    id00042, port CO bit  3
    net 43:id00104, orig_name: $abc$3021$aiger3020$82
            Port O: inst    id00041, port CO bit  0
            Port I: inst    id00042, port CI bit -1
    net 44:id00105, orig_name: $abc$3021$aiger3020$94
            Port O: inst    id00042, port CO bit  0
            Port I: inst    id00043, port CI bit -1
    net 45:id00106, orig_name: $abc$3021$aiger3020$93
            Port O: inst    id00042, port CO bit  1
    net 46:id00107, orig_name: $techmap2196$auto$ff.cc:266:slice$1838.D
            Port O: inst    id00041, port O bit  1
            Port I: inst    id00058, port D bit -1
    net 47:id00108, orig_name: $auto$alumacc.cc:485:replace_alu$1281.Y[0]
            Port O: inst    id00031, port O bit -1
            Port I: inst    id00038, port S bit  3
            Port I: inst    id00045, port D bit -1
    net 48:id00109, orig_name: $auto$alumacc.cc:485:replace_alu$1281.Y[1]
            Port O: inst    id00038, port O bit  2
            Port I: inst    id00046, port D bit -1
    net 49:id00110, orig_name: $auto$alumacc.cc:485:replace_alu$1281.Y[2]
            Port O: inst    id00038, port O bit  1
            Port I: inst    id00047, port D bit -1
    net 50:id00111, orig_name: $techmap2198$auto$ff.cc:266:slice$1830.D
            Port O: inst    id00039, port O bit  1
            Port I: inst    id00050, port D bit -1
    net 51:id00112, orig_name: $techmap2178$auto$ff.cc:266:slice$1846.D
            Port O: inst    id00016, port O bit -1
            Port I: inst    id00066, port D bit -1
    net 52:id00113, orig_name: $techmap3074$abc$3021$lut$0clk_div[23:0][21].A[3]
            Port O: inst    id00044, port O bit  2
            Port I: inst    id00018, port I3 bit -1
    net 53:id00114, orig_name: $techmap3080$auto$abc9_ops.cc:1550:reintegrate$3023.A[2]
            Port O: inst    id00038, port O bit  0
            Port I: inst    id00037, port I2 bit -1
    net 54:id00115, orig_name: $techmap2201$auto$ff.cc:266:slice$1835.D
            Port O: inst    id00040, port O bit  0
            Port I: inst    id00055, port D bit -1
    net 55:id00116, orig_name: $techmap2197$auto$ff.cc:266:slice$1839.D
            Port O: inst    id00012, port O bit -1
            Port I: inst    id00059, port D bit -1
    net 56:id00117, orig_name: $techmap3066$abc$3021$lut$0clk_div[23:0][8].A[0]
            Port O: inst    id00041, port O bit  3
            Port I: inst    id00020, port I0 bit -1
    net 57:id00118, orig_name: $techmap3069$abc$3021$lut$0clk_div[23:0][12].A[0]
            Port O: inst    id00042, port O bit  3
            Port I: inst    id00013, port I0 bit -1
    net 58:id00119, orig_name: $techmap2200$auto$ff.cc:266:slice$1833.D
            Port O: inst    id00040, port O bit  2
            Port I: inst    id00053, port D bit -1
    net 59:id00120, orig_name: $techmap2191$auto$ff.cc:266:slice$1828.D
            Port O: inst    id00011, port O bit -1
            Port I: inst    id00048, port D bit -1
    net 60:id00121, orig_name: $techmap2184$auto$ff.cc:266:slice$1829.D
            Port O: inst    id00039, port O bit  2
            Port I: inst    id00049, port D bit -1
    net 61:id00122, orig_name: $techmap2194$auto$ff.cc:266:slice$1836.D
            Port O: inst    id00020, port O bit -1
            Port I: inst    id00056, port D bit -1
    net 62:id00123, orig_name: $techmap2179$auto$ff.cc:266:slice$1843.D
            Port O: inst    id00042, port O bit  0
            Port I: inst    id00063, port D bit -1
    net 63:id00124, orig_name: $techmap2182$auto$ff.cc:266:slice$1849.D
            Port O: inst    id00018, port O bit -1
            Port I: inst    id00069, port D bit -1
    net 64:id00125, orig_name: $techmap2183$auto$ff.cc:266:slice$1850.D
            Port O: inst    id00044, port O bit  1
            Port I: inst    id00070, port D bit -1
    net 65:id00126, orig_name: $techmap2181$auto$ff.cc:266:slice$1845.D
            Port O: inst    id00015, port O bit -1
            Port I: inst    id00065, port D bit -1
    net 66:id00127, orig_name: $techmap2193$auto$ff.cc:266:slice$1841.D
            Port O: inst    id00042, port O bit  2
            Port I: inst    id00061, port D bit -1
    net 67:id00128, orig_name: $techmap2202$auto$ff.cc:266:slice$1831.D
            Port O: inst    id00039, port O bit  0
            Port I: inst    id00051, port D bit -1
    net 68:id00129, orig_name: $techmap2192$auto$ff.cc:266:slice$1840.D
            Port O: inst    id00013, port O bit -1
            Port I: inst    id00060, port D bit -1
    net 69:id00130, orig_name: $techmap2188$auto$ff.cc:266:slice$1842.D
            Port O: inst    id00042, port O bit  1
            Port I: inst    id00062, port D bit -1
    net 70:id00131, orig_name: $techmap2187$auto$ff.cc:266:slice$1837.D
            Port O: inst    id00021, port O bit -1
            Port I: inst    id00057, port D bit -1
    net 71:id00132, orig_name: $techmap2189$auto$ff.cc:266:slice$1851.D
            Port O: inst    id00019, port O bit -1
            Port I: inst    id00071, port D bit -1
    net 72:id00133, orig_name: $techmap2180$auto$ff.cc:266:slice$1848.D
            Port O: inst    id00017, port O bit -1
            Port I: inst    id00068, port D bit -1
    net 73:id00134, orig_name: $techmap3060$abc$3021$lut$aiger3020$125.A[0]
            Port O: inst    id00071, port Q bit -1
            Port I: inst    id00044, port S bit  0
            Port I: inst    id00026, port I0 bit -1
    net 74:id00135, orig_name: $techmap3060$abc$3021$lut$aiger3020$125.A[1]
            Port O: inst    id00070, port Q bit -1
            Port I: inst    id00044, port S bit  1
            Port I: inst    id00026, port I1 bit -1
    net 75:id00136, orig_name: $techmap3059$abc$3021$lut$aiger3020$124.A[0]
            Port O: inst    id00069, port Q bit -1
            Port I: inst    id00044, port S bit  2
            Port I: inst    id00025, port I0 bit -1
    net 76:id00137, orig_name: $techmap3059$abc$3021$lut$aiger3020$124.A[1]
            Port O: inst    id00068, port Q bit -1
            Port I: inst    id00044, port S bit  3
            Port I: inst    id00025, port I1 bit -1
    net 77:id00138, orig_name: $techmap3057$abc$3021$lut$aiger3020$122.A[0]
            Port O: inst    id00056, port Q bit -1
            Port I: inst    id00041, port S bit  3
            Port I: inst    id00023, port I0 bit -1
    net 78:id00139, orig_name: $techmap3057$abc$3021$lut$aiger3020$122.A[1]
            Port O: inst    id00057, port Q bit -1
            Port I: inst    id00041, port S bit  2
            Port I: inst    id00023, port I1 bit -1
    net 79:id00140, orig_name: $techmap3056$abc$3021$lut$aiger3020$121.A[2]
            Port O: inst    id00052, port Q bit -1
            Port I: inst    id00040, port S bit  3
            Port I: inst    id00022, port I2 bit -1
    net 80:id00141, orig_name: $techmap3056$abc$3021$lut$aiger3020$121.A[3]
            Port O: inst    id00054, port Q bit -1
            Port I: inst    id00040, port S bit  1
            Port I: inst    id00022, port I3 bit -1
    net 81:id00142, orig_name: $techmap3056$abc$3021$lut$aiger3020$121.A[0]
            Port O: inst    id00055, port Q bit -1
            Port I: inst    id00040, port S bit  0
            Port I: inst    id00022, port I0 bit -1
    net 82:id00143, orig_name: $techmap3056$abc$3021$lut$aiger3020$121.A[1]
            Port O: inst    id00053, port Q bit -1
            Port I: inst    id00040, port S bit  2
            Port I: inst    id00022, port I1 bit -1
    net 83:id00144, orig_name: $techmap3058$abc$3021$lut$aiger3020$123.A[0]
            Port O: inst    id00059, port Q bit -1
            Port I: inst    id00041, port S bit  0
            Port I: inst    id00024, port I0 bit -1
    net 84:id00145, orig_name: $techmap3058$abc$3021$lut$aiger3020$123.A[1]
            Port O: inst    id00058, port Q bit -1
            Port I: inst    id00041, port S bit  1
            Port I: inst    id00024, port I1 bit -1
    net 85:id00146, orig_name: $techmap3071$abc$3021$lut$0clk_div[23:0][17].A[3]
            Port O: inst    id00043, port O bit  2
            Port I: inst    id00015, port I3 bit -1
    net 86:id00147, orig_name: $techmap3061$abc$3021$lut$aiger3020$129.A[4]
            Port O: inst    id00022, port O bit -1
            Port I: inst    id00027, port I4 bit -1
    net 87:id00148, orig_name: $techmap3061$abc$3021$lut$aiger3020$129.A[2]
            Port O: inst    id00049, port Q bit -1
            Port I: inst    id00039, port S bit  2
            Port I: inst    id00027, port I2 bit -1
    net 88:id00149, orig_name: $techmap3061$abc$3021$lut$aiger3020$129.A[0]
            Port O: inst    id00051, port Q bit -1
            Port I: inst    id00039, port S bit  0
            Port I: inst    id00027, port I0 bit -1
    net 89:id00150, orig_name: $techmap3061$abc$3021$lut$aiger3020$129.A[1]
            Port O: inst    id00050, port Q bit -1
            Port I: inst    id00039, port S bit  1
            Port I: inst    id00027, port I1 bit -1
    net 90:id00151, orig_name: $techmap3062$abc$3021$lut$aiger3020$134.A[2]
            Port O: inst    id00062, port Q bit -1
            Port I: inst    id00042, port S bit  1
            Port I: inst    id00028, port I2 bit -1
    net 91:id00152, orig_name: $techmap3062$abc$3021$lut$aiger3020$134.A[3]
            Port O: inst    id00063, port Q bit -1
            Port I: inst    id00042, port S bit  0
            Port I: inst    id00028, port I3 bit -1
    net 92:id00153, orig_name: $techmap3062$abc$3021$lut$aiger3020$134.A[0]
            Port O: inst    id00061, port Q bit -1
            Port I: inst    id00042, port S bit  2
            Port I: inst    id00028, port I0 bit -1
    net 93:id00154, orig_name: $techmap3062$abc$3021$lut$aiger3020$134.A[1]
            Port O: inst    id00060, port Q bit -1
            Port I: inst    id00042, port S bit  3
            Port I: inst    id00028, port I1 bit -1
    net 94:id00155, orig_name: $techmap3062$abc$3021$lut$aiger3020$134.A[4]
            Port O: inst    id00024, port O bit -1
            Port I: inst    id00028, port I4 bit -1
    net 95:id00156, orig_name: $techmap3062$abc$3021$lut$aiger3020$134.A[5]
            Port O: inst    id00023, port O bit -1
            Port I: inst    id00028, port I5 bit -1
    net 96:id00157, orig_name: $techmap3054$abc$3021$lut$not$aiger3020$36.A
            Port O: inst    id00045, port Q bit -1
            Port I: inst    id00031, port I bit -1
            Port I: inst    id00030, port I1 bit -1
    net 97:id00158, orig_name: $techmap3055$abc$3021$lut$not$aiger3020$47.A
            Port O: inst    id00048, port Q bit -1
            Port I: inst    id00032, port I bit -1
            Port I: inst    id00011, port I0 bit -1
            Port I: inst    id00027, port I3 bit -1
    net 98:id00159, orig_name: $techmap3068$abc$3021$lut$0clk_div[23:0][11].A[0]
            Port O: inst    id00041, port O bit  0
            Port I: inst    id00012, port I0 bit -1
    net 99:id00160, orig_name: $techmap3064$abc$3021$luto_status_led.A[2]
            Port O: inst    id00027, port O bit -1
            Port I: inst    id00015, port I2 bit -1
            Port I: inst    id00017, port I2 bit -1
            Port I: inst    id00018, port I2 bit -1
            Port I: inst    id00019, port I2 bit -1
            Port I: inst    id00033, port I2 bit -1
            Port I: inst    id00011, port I3 bit -1
            Port I: inst    id00012, port I3 bit -1
            Port I: inst    id00013, port I3 bit -1
            Port I: inst    id00014, port I3 bit -1
            Port I: inst    id00016, port I3 bit -1
            Port I: inst    id00020, port I3 bit -1
            Port I: inst    id00021, port I3 bit -1
    net 100:id00161, orig_name: $techmap3064$abc$3021$luto_status_led.A[1]
            Port O: inst    id00028, port O bit -1
            Port I: inst    id00014, port I1 bit -1
            Port I: inst    id00015, port I1 bit -1
            Port I: inst    id00016, port I1 bit -1
            Port I: inst    id00017, port I1 bit -1
            Port I: inst    id00018, port I1 bit -1
            Port I: inst    id00019, port I1 bit -1
            Port I: inst    id00033, port I1 bit -1
            Port I: inst    id00011, port I2 bit -1
            Port I: inst    id00012, port I2 bit -1
            Port I: inst    id00013, port I2 bit -1
            Port I: inst    id00020, port I2 bit -1
            Port I: inst    id00021, port I2 bit -1
    net 101:id00162, orig_name: $techmap3064$abc$3021$luto_status_led.A[0]
            Port O: inst    id00029, port O bit -1
            Port I: inst    id00014, port I0 bit -1
            Port I: inst    id00015, port I0 bit -1
            Port I: inst    id00016, port I0 bit -1
            Port I: inst    id00017, port I0 bit -1
            Port I: inst    id00018, port I0 bit -1
            Port I: inst    id00019, port I0 bit -1
            Port I: inst    id00033, port I0 bit -1
            Port I: inst    id00011, port I1 bit -1
            Port I: inst    id00012, port I1 bit -1
            Port I: inst    id00013, port I1 bit -1
            Port I: inst    id00020, port I1 bit -1
            Port I: inst    id00021, port I1 bit -1
    net 102:id00163, orig_name: $techmap3067$abc$3021$lut$0clk_div[23:0][9].A[0]
            Port O: inst    id00041, port O bit  2
            Port I: inst    id00021, port I0 bit -1
    net 103:id00164, orig_name: $techmap3072$abc$3021$lut$0clk_div[23:0][18].A[2]
            Port O: inst    id00043, port O bit  1
            Port I: inst    id00016, port I2 bit -1
    net 104:id00165, orig_name: $techmap3075$abc$3021$lut$0clk_div[23:0][23].A[3]
            Port O: inst    id00044, port O bit  0
            Port I: inst    id00019, port I3 bit -1
    net 105:id00166, orig_name: $techmap3070$abc$3021$lut$0clk_div[23:0][16].A[2]
            Port O: inst    id00043, port O bit  3
            Port I: inst    id00014, port I2 bit -1
    net 106:id00167, orig_name: $techmap3077$abc$3021$luto_x_motor[0].A[1]
            Port O: inst    id00030, port O bit -1
            Port I: inst    id00034, port I1 bit -1
            Port I: inst    id00036, port I1 bit -1
    net 107:id00168, orig_name: $techmap3077$abc$3021$luto_x_motor[0].A[0]
            Port O: inst    id00047, port Q bit -1
            Port I: inst    id00038, port S bit  1
            Port I: inst    id00034, port I0 bit -1
            Port I: inst    id00036, port I0 bit -1
            Port I: inst    id00035, port I1 bit -1
            Port I: inst    id00037, port I1 bit -1
    net 108:id00169, orig_name: $techmap3073$abc$3021$lut$0clk_div[23:0][20].A[3]
            Port O: inst    id00044, port O bit  3
            Port I: inst    id00017, port I3 bit -1
    net 109:id00170, orig_name: $techmap3076$abc$3021$lut$aiger3020$175.A[0]
            Port O: inst    id00046, port Q bit -1
            Port I: inst    id00038, port S bit  2
            Port I: inst    id00030, port I0 bit -1
            Port I: inst    id00035, port I0 bit -1
            Port I: inst    id00037, port I0 bit -1
    net 110:id00171, orig_name: $techmap3063$abc$3021$lut$aiger3020$139.A[4]
            Port O: inst    id00026, port O bit -1
            Port I: inst    id00029, port I4 bit -1
    net 111:id00172, orig_name: $techmap3063$abc$3021$lut$aiger3020$139.A[5]
            Port O: inst    id00025, port O bit -1
            Port I: inst    id00029, port I5 bit -1
    net 112:id00173, orig_name: $techmap3063$abc$3021$lut$aiger3020$139.A[2]
            Port O: inst    id00064, port Q bit -1
            Port I: inst    id00043, port S bit  3
            Port I: inst    id00029, port I2 bit -1
    net 113:id00174, orig_name: $techmap3063$abc$3021$lut$aiger3020$139.A[3]
            Port O: inst    id00067, port Q bit -1
            Port I: inst    id00043, port S bit  0
            Port I: inst    id00029, port I3 bit -1
    net 114:id00175, orig_name: $techmap3063$abc$3021$lut$aiger3020$139.A[0]
            Port O: inst    id00065, port Q bit -1
            Port I: inst    id00043, port S bit  2
            Port I: inst    id00029, port I0 bit -1
    net 115:id00176, orig_name: $techmap3063$abc$3021$lut$aiger3020$139.A[1]
            Port O: inst    id00066, port Q bit -1
            Port I: inst    id00043, port S bit  1
            Port I: inst    id00029, port I1 bit -1
    net 116:id00177, orig_name: $techmap3078$abc$3021$luto_x_motor[1].A[2]
            Port O: inst    id00038, port CO bit  2
            Port I: inst    id00035, port I2 bit -1
    net 117:id00178, orig_name: $techmap2195$auto$ff.cc:266:slice$1834.D
            Port O: inst    id00040, port O bit  1
            Port I: inst    id00054, port D bit -1
    net 118:id00179, orig_name: $techmap2199$auto$ff.cc:266:slice$1832.D
            Port O: inst    id00040, port O bit  3
            Port I: inst    id00052, port D bit -1
    net 119:id00180, orig_name: $techmap2177$auto$ff.cc:266:slice$1844.D
            Port O: inst    id00014, port O bit -1
            Port I: inst    id00064, port D bit -1
    net 120:i_clk_ibuf, orig_name: i_clk_ibuf
            Port O: inst      i_clk, port i_clk bit -1
            Port I: inst g_86_i_clk_ibuf, port I bit  0
    net 121:i_rst_ibuf, orig_name: i_rst_ibuf
            Port O: inst      i_rst, port i_rst bit -1
            Port I: inst g_87_i_rst_ibuf, port I bit  0
    net 122:o_led_en_obuf, orig_name: o_led_en_obuf
            Port O: inst g_88_o_led_en_obuf, port O bit  0
            Port I: inst   o_led_en, port o_led_en bit -1
    net 123:o_motor_en_obuf, orig_name: o_motor_en_obuf
            Port O: inst g_89_o_motor_en_obuf, port O bit  0
            Port I: inst o_motor_en, port o_motor_en bit -1
    net 124:o_status_led_obuf, orig_name: o_status_led_obuf
            Port O: inst g_90_o_status_led_obuf, port O bit  0
            Port I: inst o_status_led, port o_status_led bit -1
    net 125:o_x_motor_0_obuf, orig_name: o_x_motor_0_obuf
            Port O: inst g_91_o_x_motor_0_obuf, port O bit  0
            Port I: inst  o_x_motor, port o_x_motor bit  3
    net 126:o_x_motor_1_obuf, orig_name: o_x_motor_1_obuf
            Port O: inst g_92_o_x_motor_1_obuf, port O bit  0
            Port I: inst  o_x_motor, port o_x_motor bit  2
    net 127:o_x_motor_2_obuf, orig_name: o_x_motor_2_obuf
            Port O: inst g_93_o_x_motor_2_obuf, port O bit  0
            Port I: inst  o_x_motor, port o_x_motor bit  1
    net 128:o_x_motor_3_obuf, orig_name: o_x_motor_3_obuf
            Port O: inst g_94_o_x_motor_3_obuf, port O bit  0
            Port I: inst  o_x_motor, port o_x_motor bit  0
    net 129:o_y_motor_0_obuf, orig_name: o_y_motor_0_obuf
            Port O: inst g_95_o_y_motor_0_obuf, port O bit  0
            Port I: inst  o_y_motor, port o_y_motor bit  3
    net 130:o_y_motor_1_obuf, orig_name: o_y_motor_1_obuf
            Port O: inst g_96_o_y_motor_1_obuf, port O bit  0
            Port I: inst  o_y_motor, port o_y_motor bit  2
    net 131:o_y_motor_2_obuf, orig_name: o_y_motor_2_obuf
            Port O: inst g_97_o_y_motor_2_obuf, port O bit  0
            Port I: inst  o_y_motor, port o_y_motor bit  1
    net 132:o_y_motor_3_obuf, orig_name: o_y_motor_3_obuf
            Port O: inst g_98_o_y_motor_3_obuf, port O bit  0
            Port I: inst  o_y_motor, port o_y_motor bit  0
    net 133:o_z_motor_0_obuf, orig_name: o_z_motor_0_obuf
            Port O: inst g_99_o_z_motor_0_obuf, port O bit  0
            Port I: inst  o_z_motor, port o_z_motor bit  3
    net 134:o_z_motor_1_obuf, orig_name: o_z_motor_1_obuf
            Port O: inst g_100_o_z_motor_1_obuf, port O bit  0
            Port I: inst  o_z_motor, port o_z_motor bit  2
    net 135:o_z_motor_2_obuf, orig_name: o_z_motor_2_obuf
            Port O: inst g_101_o_z_motor_2_obuf, port O bit  0
            Port I: inst  o_z_motor, port o_z_motor bit  1
    net 136:o_z_motor_3_obuf, orig_name: o_z_motor_3_obuf
            Port O: inst g_102_o_z_motor_3_obuf, port O bit  0
            Port I: inst  o_z_motor, port o_z_motor bit  0
Starting FF-reduction iteration 0
Finished importing EDIF netlist into EFLX database.
Total 103 instances to pack...
Pre-IOB-packing timing:
Timing Summary
==============

   PRE-PACKING TSMC 40nm ULP tt1p1v25c_Typical

          Group  No. Clocks  No. Clock Pairs  WNS(ps)   TNS(ps)  TNS Endpoints      
    -----------  ----------  ---------------  -------   -------  -------------      
   <UDEF_i_clk>           1                1  -107425  -1965232             30      




Clocks
======

            Clock    Clock net         Group  Constrained Period(ps)      Waveform(ps)   Achievable Period(ps)  Achievable Frequency(MHz)
   --------------  -----------   -----------  ----------------------  -----------------  ---------------------  -------------------------
            i_clk        i_clk  <UDEF_i_clk>           (auto) 2000            (0,1000)                 109424                      9.139 




Clock Relationships
===================

       From Clock        To Clock               Group    Endpoints     WNS(ps)    TNS(ps)  TNS Endpoints
   --------------  --------------  ------------------  -----------  ----------  ---------  -------------
            i_clk           i_clk        <UDEF_i_clk>           30     -107425   -1965232             30




Timing Details for Clock Pair i_clk and i_clk
=============================================

       From Clock        To Clock               Group    Endpoints     WNS(ps)    TNS(ps)  TNS Endpoints
   --------------  --------------  ------------------  -----------  ----------  ---------  -------------
            i_clk           i_clk        <UDEF_i_clk>           30     -107425   -1965232             30

   Slack (not met):                       -107425ps
     Path type:                               SETUP
     Group:                            <UDEF_i_clk>
     Launching clock:                         i_clk (rising edge)
     Capturing clock:                         i_clk (rising edge)

     Requested period:                       2000ps
   + Delay of the capturing clock:              0ps
   - Clock uncertainty:                       150ps
   = Required time:                          1850ps
   - Propagation time:                     109275ps (22.2% logic, 77.8% route, logic stage 9)
   - Delay of the launching clock:              0ps
   = Slack:                               -107425ps

   Instance/Pin or Net Name                                                     Type         ID  Location or Fanout   Delay(ps)  Edge  Arrival Time(ps)
   ------------------------------------------------------------------------------------------------------------------------------------------------------
   i_clk                                                                        CLOCK-PORT    -                   -     launch     r               0   
   i_clk                                                                        Clock net     7         (fanout=27)          0                     -   
   $auto$ff.cc:266:slice$1828/CLK                                               FD           62                   -          -     r               0   
   ------------------------------------------------------------------------------------------------------------------------------------------------------
   $auto$ff.cc:266:slice$1828/Q                                                 FD           62                   -          5     r               5   
   $techmap3055$abc$3021$lut$not$aiger3020$47.A                                 Net          97          (fanout=3)      10003                     -   
   $abc$3021$lut$not$aiger3020$47/I0                                            LUT          46                   -          -     r           10008   
   $abc$3021$lut$not$aiger3020$47/O                                             LUT          46                   -      10000     r           20008   
   $abc$3021$aiger3020$47b                                                      Net          37          (fanout=1)      10001                     -   
   $auto$alumacc.cc:485:replace_alu$1284.genblk1.slice[0].genblk1.carry4/S [0]  CARRY4       53                   -          -     r           30009   
   $auto$alumacc.cc:485:replace_alu$1284.genblk1.slice[0].genblk1.carry4/CO[3]  CARRY4       53                   -        710     r           30719   
   $abc$3021$aiger3020$58                                                       Net          22          (fanout=1)      10001                     -   
   $auto$alumacc.cc:485:replace_alu$1284.genblk1.slice[1].genblk1.carry4/CI     CARRY4       54                   -          -     r           40720   
   $auto$alumacc.cc:485:replace_alu$1284.genblk1.slice[1].genblk1.carry4/CO[3]  CARRY4       54                   -        710     r           41430   
   $abc$3021$aiger3020$70                                                       Net          31          (fanout=1)      10001                     -   
   $auto$alumacc.cc:485:replace_alu$1284.genblk1.slice[2].genblk1.carry4/CI     CARRY4       55                   -          -     r           51431   
   $auto$alumacc.cc:485:replace_alu$1284.genblk1.slice[2].genblk1.carry4/CO[3]  CARRY4       55                   -        710     r           52141   
   $abc$3021$aiger3020$82                                                       Net          43          (fanout=1)      10001                     -   
   $auto$alumacc.cc:485:replace_alu$1284.genblk1.slice[3].genblk1.carry4/CI     CARRY4       56                   -          -     r           62142   
   $auto$alumacc.cc:485:replace_alu$1284.genblk1.slice[3].genblk1.carry4/CO[3]  CARRY4       56                   -        710     r           62852   
   $abc$3021$aiger3020$94                                                       Net          44          (fanout=1)      10001                     -   
   $auto$alumacc.cc:485:replace_alu$1284.genblk1.slice[4].genblk1.carry4/CI     CARRY4       57                   -          -     r           72853   
   $auto$alumacc.cc:485:replace_alu$1284.genblk1.slice[4].genblk1.carry4/CO[3]  CARRY4       57                   -        710     r           73563   
   $abc$3021$aiger3020$106                                                      Net          16          (fanout=1)      10001                     -   
   $auto$alumacc.cc:485:replace_alu$1284.genblk1.slice[5].genblk1.carry4/CI     CARRY4       58                   -          -     r           83564   
   $auto$alumacc.cc:485:replace_alu$1284.genblk1.slice[5].genblk1.carry4/O [3]  CARRY4       58                   -        710     r           84274   
   $techmap3075$abc$3021$lut$0clk_div[23:0][23].A[3]                            Net         104          (fanout=1)      10001                     -   
   $abc$3021$lut$0\clk_div[23:0][23]/I3                                         LUT          33                   -          -     r           94275   
   $abc$3021$lut$0\clk_div[23:0][23]/O                                          LUT          33                   -      10000     r          104275   
   $techmap2189$auto$ff.cc:266:slice$1851.D                                     Net          71          (fanout=1)       5000                     -   
   $auto$ff.cc:266:slice$1851/D                                                 FD           85                   -          -     r          109275   
   ------------------------------------------------------------------------------------------------------------------------------------------------------
   $auto$ff.cc:266:slice$1851/CLK                                               FD           85                   -          0     r          109275   
   i_clk                                                                        Clock net     7         (fanout=27)          0                     -   
   i_clk                                                                        CLOCK-PORT    -                   -    capture     r          109275   
   ------------------------------------------------------------------------------------------------------------------------------------------------------


   Slack (not met):                       -107425ps
     Path type:                               SETUP
     Group:                            <UDEF_i_clk>
     Launching clock:                         i_clk (rising edge)
     Capturing clock:                         i_clk (rising edge)

     Requested period:                       2000ps
   + Delay of the capturing clock:              0ps
   - Clock uncertainty:                       150ps
   = Required time:                          1850ps
   - Propagation time:                     109275ps (22.2% logic, 77.8% route, logic stage 9)
   - Delay of the launching clock:              0ps
   = Slack:                               -107425ps

   Instance/Pin or Net Name                                                     Type         ID  Location or Fanout   Delay(ps)  Edge  Arrival Time(ps)
   ------------------------------------------------------------------------------------------------------------------------------------------------------
   i_clk                                                                        CLOCK-PORT    -                   -     launch     r               0   
   i_clk                                                                        Clock net     7         (fanout=27)          0                     -   
   $auto$ff.cc:266:slice$1828/CLK                                               FD           62                   -          -     r               0   
   ------------------------------------------------------------------------------------------------------------------------------------------------------
   $auto$ff.cc:266:slice$1828/Q                                                 FD           62                   -          5     r               5   
   $techmap3055$abc$3021$lut$not$aiger3020$47.A                                 Net          97          (fanout=3)      10003                     -   
   $abc$3021$lut$not$aiger3020$47/I0                                            LUT          46                   -          -     r           10008   
   $abc$3021$lut$not$aiger3020$47/O                                             LUT          46                   -      10000     r           20008   
   $abc$3021$aiger3020$47b                                                      Net          37          (fanout=1)      10001                     -   
   $auto$alumacc.cc:485:replace_alu$1284.genblk1.slice[0].genblk1.carry4/S [0]  CARRY4       53                   -          -     r           30009   
   $auto$alumacc.cc:485:replace_alu$1284.genblk1.slice[0].genblk1.carry4/CO[3]  CARRY4       53                   -        710     r           30719   
   $abc$3021$aiger3020$58                                                       Net          22          (fanout=1)      10001                     -   
   $auto$alumacc.cc:485:replace_alu$1284.genblk1.slice[1].genblk1.carry4/CI     CARRY4       54                   -          -     r           40720   
   $auto$alumacc.cc:485:replace_alu$1284.genblk1.slice[1].genblk1.carry4/CO[3]  CARRY4       54                   -        710     r           41430   
   $abc$3021$aiger3020$70                                                       Net          31          (fanout=1)      10001                     -   
   $auto$alumacc.cc:485:replace_alu$1284.genblk1.slice[2].genblk1.carry4/CI     CARRY4       55                   -          -     r           51431   
   $auto$alumacc.cc:485:replace_alu$1284.genblk1.slice[2].genblk1.carry4/CO[3]  CARRY4       55                   -        710     r           52141   
   $abc$3021$aiger3020$82                                                       Net          43          (fanout=1)      10001                     -   
   $auto$alumacc.cc:485:replace_alu$1284.genblk1.slice[3].genblk1.carry4/CI     CARRY4       56                   -          -     r           62142   
   $auto$alumacc.cc:485:replace_alu$1284.genblk1.slice[3].genblk1.carry4/CO[3]  CARRY4       56                   -        710     r           62852   
   $abc$3021$aiger3020$94                                                       Net          44          (fanout=1)      10001                     -   
   $auto$alumacc.cc:485:replace_alu$1284.genblk1.slice[4].genblk1.carry4/CI     CARRY4       57                   -          -     r           72853   
   $auto$alumacc.cc:485:replace_alu$1284.genblk1.slice[4].genblk1.carry4/CO[3]  CARRY4       57                   -        710     r           73563   
   $abc$3021$aiger3020$106                                                      Net          16          (fanout=1)      10001                     -   
   $auto$alumacc.cc:485:replace_alu$1284.genblk1.slice[5].genblk1.carry4/CI     CARRY4       58                   -          -     r           83564   
   $auto$alumacc.cc:485:replace_alu$1284.genblk1.slice[5].genblk1.carry4/O [1]  CARRY4       58                   -        710     r           84274   
   $techmap3074$abc$3021$lut$0clk_div[23:0][21].A[3]                            Net          52          (fanout=1)      10001                     -   
   $abc$3021$lut$0\clk_div[23:0][21]/I3                                         LUT          32                   -          -     r           94275   
   $abc$3021$lut$0\clk_div[23:0][21]/O                                          LUT          32                   -      10000     r          104275   
   $techmap2182$auto$ff.cc:266:slice$1849.D                                     Net          63          (fanout=1)       5000                     -   
   $auto$ff.cc:266:slice$1849/D                                                 FD           83                   -          -     r          109275   
   ------------------------------------------------------------------------------------------------------------------------------------------------------
   $auto$ff.cc:266:slice$1849/CLK                                               FD           83                   -          0     r          109275   
   i_clk                                                                        Clock net     7         (fanout=27)          0                     -   
   i_clk                                                                        CLOCK-PORT    -                   -    capture     r          109275   
   ------------------------------------------------------------------------------------------------------------------------------------------------------


   Slack (not met):                       -107425ps
     Path type:                               SETUP
     Group:                            <UDEF_i_clk>
     Launching clock:                         i_clk (rising edge)
     Capturing clock:                         i_clk (rising edge)

     Requested period:                       2000ps
   + Delay of the capturing clock:              0ps
   - Clock uncertainty:                       150ps
   = Required time:                          1850ps
   - Propagation time:                     109275ps (22.2% logic, 77.8% route, logic stage 9)
   - Delay of the launching clock:              0ps
   = Slack:                               -107425ps

   Instance/Pin or Net Name                                                     Type         ID  Location or Fanout   Delay(ps)  Edge  Arrival Time(ps)
   ------------------------------------------------------------------------------------------------------------------------------------------------------
   i_clk                                                                        CLOCK-PORT    -                   -     launch     r               0   
   i_clk                                                                        Clock net     7         (fanout=27)          0                     -   
   $auto$ff.cc:266:slice$1828/CLK                                               FD           62                   -          -     r               0   
   ------------------------------------------------------------------------------------------------------------------------------------------------------
   $auto$ff.cc:266:slice$1828/Q                                                 FD           62                   -          5     r               5   
   $techmap3055$abc$3021$lut$not$aiger3020$47.A                                 Net          97          (fanout=3)      10003                     -   
   $abc$3021$lut$not$aiger3020$47/I0                                            LUT          46                   -          -     r           10008   
   $abc$3021$lut$not$aiger3020$47/O                                             LUT          46                   -      10000     r           20008   
   $abc$3021$aiger3020$47b                                                      Net          37          (fanout=1)      10001                     -   
   $auto$alumacc.cc:485:replace_alu$1284.genblk1.slice[0].genblk1.carry4/S [0]  CARRY4       53                   -          -     r           30009   
   $auto$alumacc.cc:485:replace_alu$1284.genblk1.slice[0].genblk1.carry4/CO[3]  CARRY4       53                   -        710     r           30719   
   $abc$3021$aiger3020$58                                                       Net          22          (fanout=1)      10001                     -   
   $auto$alumacc.cc:485:replace_alu$1284.genblk1.slice[1].genblk1.carry4/CI     CARRY4       54                   -          -     r           40720   
   $auto$alumacc.cc:485:replace_alu$1284.genblk1.slice[1].genblk1.carry4/CO[3]  CARRY4       54                   -        710     r           41430   
   $abc$3021$aiger3020$70                                                       Net          31          (fanout=1)      10001                     -   
   $auto$alumacc.cc:485:replace_alu$1284.genblk1.slice[2].genblk1.carry4/CI     CARRY4       55                   -          -     r           51431   
   $auto$alumacc.cc:485:replace_alu$1284.genblk1.slice[2].genblk1.carry4/CO[3]  CARRY4       55                   -        710     r           52141   
   $abc$3021$aiger3020$82                                                       Net          43          (fanout=1)      10001                     -   
   $auto$alumacc.cc:485:replace_alu$1284.genblk1.slice[3].genblk1.carry4/CI     CARRY4       56                   -          -     r           62142   
   $auto$alumacc.cc:485:replace_alu$1284.genblk1.slice[3].genblk1.carry4/CO[3]  CARRY4       56                   -        710     r           62852   
   $abc$3021$aiger3020$94                                                       Net          44          (fanout=1)      10001                     -   
   $auto$alumacc.cc:485:replace_alu$1284.genblk1.slice[4].genblk1.carry4/CI     CARRY4       57                   -          -     r           72853   
   $auto$alumacc.cc:485:replace_alu$1284.genblk1.slice[4].genblk1.carry4/CO[3]  CARRY4       57                   -        710     r           73563   
   $abc$3021$aiger3020$106                                                      Net          16          (fanout=1)      10001                     -   
   $auto$alumacc.cc:485:replace_alu$1284.genblk1.slice[5].genblk1.carry4/CI     CARRY4       58                   -          -     r           83564   
   $auto$alumacc.cc:485:replace_alu$1284.genblk1.slice[5].genblk1.carry4/O [0]  CARRY4       58                   -        710     r           84274   
   $techmap3073$abc$3021$lut$0clk_div[23:0][20].A[3]                            Net         108          (fanout=1)      10001                     -   
   $abc$3021$lut$0\clk_div[23:0][20]/I3                                         LUT          31                   -          -     r           94275   
   $abc$3021$lut$0\clk_div[23:0][20]/O                                          LUT          31                   -      10000     r          104275   
   $techmap2180$auto$ff.cc:266:slice$1848.D                                     Net          72          (fanout=1)       5000                     -   
   $auto$ff.cc:266:slice$1848/D                                                 FD           82                   -          -     r          109275   
   ------------------------------------------------------------------------------------------------------------------------------------------------------
   $auto$ff.cc:266:slice$1848/CLK                                               FD           82                   -          0     r          109275   
   i_clk                                                                        Clock net     7         (fanout=27)          0                     -   
   i_clk                                                                        CLOCK-PORT    -                   -    capture     r          109275   
   ------------------------------------------------------------------------------------------------------------------------------------------------------













Initializing pre-pack timing analysis...
Total timing paths for clock-domain i_clk: 19.
Total timing paths for clock-domain i_clk: 30.
Printing pre-packing critical path...

Reading user I/O spec for I/O packing...
Pre-LUT-packing timing:
Timing Summary
==============

   PRE-PACKING TSMC 40nm ULP tt1p1v25c_Typical

          Group  No. Clocks  No. Clock Pairs  WNS(ps)   TNS(ps)  TNS Endpoints      
    -----------  ----------  ---------------  -------   -------  -------------      
   <UDEF_i_clk>           1                1  -107425  -1965232             30      




Clocks
======

            Clock    Clock net         Group  Constrained Period(ps)      Waveform(ps)   Achievable Period(ps)  Achievable Frequency(MHz)
   --------------  -----------   -----------  ----------------------  -----------------  ---------------------  -------------------------
            i_clk        i_clk  <UDEF_i_clk>           (auto) 2000            (0,1000)                 109424                      9.139 




Clock Relationships
===================

       From Clock        To Clock               Group    Endpoints     WNS(ps)    TNS(ps)  TNS Endpoints
   --------------  --------------  ------------------  -----------  ----------  ---------  -------------
            i_clk           i_clk        <UDEF_i_clk>           30     -107425   -1965232             30




Timing Details for Clock Pair i_clk and i_clk
=============================================

       From Clock        To Clock               Group    Endpoints     WNS(ps)    TNS(ps)  TNS Endpoints
   --------------  --------------  ------------------  -----------  ----------  ---------  -------------
            i_clk           i_clk        <UDEF_i_clk>           30     -107425   -1965232             30

   Slack (not met):                       -107425ps
     Path type:                               SETUP
     Group:                            <UDEF_i_clk>
     Launching clock:                         i_clk (rising edge)
     Capturing clock:                         i_clk (rising edge)

     Requested period:                       2000ps
   + Delay of the capturing clock:              0ps
   - Clock uncertainty:                       150ps
   = Required time:                          1850ps
   - Propagation time:                     109275ps (22.2% logic, 77.8% route, logic stage 9)
   - Delay of the launching clock:              0ps
   = Slack:                               -107425ps

   Instance/Pin or Net Name                                                     Type         ID  Location or Fanout   Delay(ps)  Edge  Arrival Time(ps)
   ------------------------------------------------------------------------------------------------------------------------------------------------------
   i_clk                                                                        CLOCK-PORT    -                   -     launch     r               0   
   i_clk                                                                        Clock net     7         (fanout=27)          0                     -   
   $auto$ff.cc:266:slice$1828/CLK                                               FD           62                   -          -     r               0   
   ------------------------------------------------------------------------------------------------------------------------------------------------------
   $auto$ff.cc:266:slice$1828/Q                                                 FD           62                   -          5     r               5   
   $techmap3055$abc$3021$lut$not$aiger3020$47.A                                 Net          97          (fanout=3)      10003                     -   
   $abc$3021$lut$not$aiger3020$47/I0                                            LUT          46                   -          -     r           10008   
   $abc$3021$lut$not$aiger3020$47/O                                             LUT          46                   -      10000     r           20008   
   $abc$3021$aiger3020$47b                                                      Net          37          (fanout=1)      10001                     -   
   $auto$alumacc.cc:485:replace_alu$1284.genblk1.slice[0].genblk1.carry4/S [0]  CARRY4       53                   -          -     r           30009   
   $auto$alumacc.cc:485:replace_alu$1284.genblk1.slice[0].genblk1.carry4/CO[3]  CARRY4       53                   -        710     r           30719   
   $abc$3021$aiger3020$58                                                       Net          22          (fanout=1)      10001                     -   
   $auto$alumacc.cc:485:replace_alu$1284.genblk1.slice[1].genblk1.carry4/CI     CARRY4       54                   -          -     r           40720   
   $auto$alumacc.cc:485:replace_alu$1284.genblk1.slice[1].genblk1.carry4/CO[3]  CARRY4       54                   -        710     r           41430   
   $abc$3021$aiger3020$70                                                       Net          31          (fanout=1)      10001                     -   
   $auto$alumacc.cc:485:replace_alu$1284.genblk1.slice[2].genblk1.carry4/CI     CARRY4       55                   -          -     r           51431   
   $auto$alumacc.cc:485:replace_alu$1284.genblk1.slice[2].genblk1.carry4/CO[3]  CARRY4       55                   -        710     r           52141   
   $abc$3021$aiger3020$82                                                       Net          43          (fanout=1)      10001                     -   
   $auto$alumacc.cc:485:replace_alu$1284.genblk1.slice[3].genblk1.carry4/CI     CARRY4       56                   -          -     r           62142   
   $auto$alumacc.cc:485:replace_alu$1284.genblk1.slice[3].genblk1.carry4/CO[3]  CARRY4       56                   -        710     r           62852   
   $abc$3021$aiger3020$94                                                       Net          44          (fanout=1)      10001                     -   
   $auto$alumacc.cc:485:replace_alu$1284.genblk1.slice[4].genblk1.carry4/CI     CARRY4       57                   -          -     r           72853   
   $auto$alumacc.cc:485:replace_alu$1284.genblk1.slice[4].genblk1.carry4/CO[3]  CARRY4       57                   -        710     r           73563   
   $abc$3021$aiger3020$106                                                      Net          16          (fanout=1)      10001                     -   
   $auto$alumacc.cc:485:replace_alu$1284.genblk1.slice[5].genblk1.carry4/CI     CARRY4       58                   -          -     r           83564   
   $auto$alumacc.cc:485:replace_alu$1284.genblk1.slice[5].genblk1.carry4/O [3]  CARRY4       58                   -        710     r           84274   
   $techmap3075$abc$3021$lut$0clk_div[23:0][23].A[3]                            Net         104          (fanout=1)      10001                     -   
   $abc$3021$lut$0\clk_div[23:0][23]/I3                                         LUT          33                   -          -     r           94275   
   $abc$3021$lut$0\clk_div[23:0][23]/O                                          LUT          33                   -      10000     r          104275   
   $techmap2189$auto$ff.cc:266:slice$1851.D                                     Net          71          (fanout=1)       5000                     -   
   $auto$ff.cc:266:slice$1851/D                                                 FD           85                   -          -     r          109275   
   ------------------------------------------------------------------------------------------------------------------------------------------------------
   $auto$ff.cc:266:slice$1851/CLK                                               FD           85                   -          0     r          109275   
   i_clk                                                                        Clock net     7         (fanout=27)          0                     -   
   i_clk                                                                        CLOCK-PORT    -                   -    capture     r          109275   
   ------------------------------------------------------------------------------------------------------------------------------------------------------


   Slack (not met):                       -107425ps
     Path type:                               SETUP
     Group:                            <UDEF_i_clk>
     Launching clock:                         i_clk (rising edge)
     Capturing clock:                         i_clk (rising edge)

     Requested period:                       2000ps
   + Delay of the capturing clock:              0ps
   - Clock uncertainty:                       150ps
   = Required time:                          1850ps
   - Propagation time:                     109275ps (22.2% logic, 77.8% route, logic stage 9)
   - Delay of the launching clock:              0ps
   = Slack:                               -107425ps

   Instance/Pin or Net Name                                                     Type         ID  Location or Fanout   Delay(ps)  Edge  Arrival Time(ps)
   ------------------------------------------------------------------------------------------------------------------------------------------------------
   i_clk                                                                        CLOCK-PORT    -                   -     launch     r               0   
   i_clk                                                                        Clock net     7         (fanout=27)          0                     -   
   $auto$ff.cc:266:slice$1828/CLK                                               FD           62                   -          -     r               0   
   ------------------------------------------------------------------------------------------------------------------------------------------------------
   $auto$ff.cc:266:slice$1828/Q                                                 FD           62                   -          5     r               5   
   $techmap3055$abc$3021$lut$not$aiger3020$47.A                                 Net          97          (fanout=3)      10003                     -   
   $abc$3021$lut$not$aiger3020$47/I0                                            LUT          46                   -          -     r           10008   
   $abc$3021$lut$not$aiger3020$47/O                                             LUT          46                   -      10000     r           20008   
   $abc$3021$aiger3020$47b                                                      Net          37          (fanout=1)      10001                     -   
   $auto$alumacc.cc:485:replace_alu$1284.genblk1.slice[0].genblk1.carry4/S [0]  CARRY4       53                   -          -     r           30009   
   $auto$alumacc.cc:485:replace_alu$1284.genblk1.slice[0].genblk1.carry4/CO[3]  CARRY4       53                   -        710     r           30719   
   $abc$3021$aiger3020$58                                                       Net          22          (fanout=1)      10001                     -   
   $auto$alumacc.cc:485:replace_alu$1284.genblk1.slice[1].genblk1.carry4/CI     CARRY4       54                   -          -     r           40720   
   $auto$alumacc.cc:485:replace_alu$1284.genblk1.slice[1].genblk1.carry4/CO[3]  CARRY4       54                   -        710     r           41430   
   $abc$3021$aiger3020$70                                                       Net          31          (fanout=1)      10001                     -   
   $auto$alumacc.cc:485:replace_alu$1284.genblk1.slice[2].genblk1.carry4/CI     CARRY4       55                   -          -     r           51431   
   $auto$alumacc.cc:485:replace_alu$1284.genblk1.slice[2].genblk1.carry4/CO[3]  CARRY4       55                   -        710     r           52141   
   $abc$3021$aiger3020$82                                                       Net          43          (fanout=1)      10001                     -   
   $auto$alumacc.cc:485:replace_alu$1284.genblk1.slice[3].genblk1.carry4/CI     CARRY4       56                   -          -     r           62142   
   $auto$alumacc.cc:485:replace_alu$1284.genblk1.slice[3].genblk1.carry4/CO[3]  CARRY4       56                   -        710     r           62852   
   $abc$3021$aiger3020$94                                                       Net          44          (fanout=1)      10001                     -   
   $auto$alumacc.cc:485:replace_alu$1284.genblk1.slice[4].genblk1.carry4/CI     CARRY4       57                   -          -     r           72853   
   $auto$alumacc.cc:485:replace_alu$1284.genblk1.slice[4].genblk1.carry4/CO[3]  CARRY4       57                   -        710     r           73563   
   $abc$3021$aiger3020$106                                                      Net          16          (fanout=1)      10001                     -   
   $auto$alumacc.cc:485:replace_alu$1284.genblk1.slice[5].genblk1.carry4/CI     CARRY4       58                   -          -     r           83564   
   $auto$alumacc.cc:485:replace_alu$1284.genblk1.slice[5].genblk1.carry4/O [1]  CARRY4       58                   -        710     r           84274   
   $techmap3074$abc$3021$lut$0clk_div[23:0][21].A[3]                            Net          52          (fanout=1)      10001                     -   
   $abc$3021$lut$0\clk_div[23:0][21]/I3                                         LUT          32                   -          -     r           94275   
   $abc$3021$lut$0\clk_div[23:0][21]/O                                          LUT          32                   -      10000     r          104275   
   $techmap2182$auto$ff.cc:266:slice$1849.D                                     Net          63          (fanout=1)       5000                     -   
   $auto$ff.cc:266:slice$1849/D                                                 FD           83                   -          -     r          109275   
   ------------------------------------------------------------------------------------------------------------------------------------------------------
   $auto$ff.cc:266:slice$1849/CLK                                               FD           83                   -          0     r          109275   
   i_clk                                                                        Clock net     7         (fanout=27)          0                     -   
   i_clk                                                                        CLOCK-PORT    -                   -    capture     r          109275   
   ------------------------------------------------------------------------------------------------------------------------------------------------------


   Slack (not met):                       -107425ps
     Path type:                               SETUP
     Group:                            <UDEF_i_clk>
     Launching clock:                         i_clk (rising edge)
     Capturing clock:                         i_clk (rising edge)

     Requested period:                       2000ps
   + Delay of the capturing clock:              0ps
   - Clock uncertainty:                       150ps
   = Required time:                          1850ps
   - Propagation time:                     109275ps (22.2% logic, 77.8% route, logic stage 9)
   - Delay of the launching clock:              0ps
   = Slack:                               -107425ps

   Instance/Pin or Net Name                                                     Type         ID  Location or Fanout   Delay(ps)  Edge  Arrival Time(ps)
   ------------------------------------------------------------------------------------------------------------------------------------------------------
   i_clk                                                                        CLOCK-PORT    -                   -     launch     r               0   
   i_clk                                                                        Clock net     7         (fanout=27)          0                     -   
   $auto$ff.cc:266:slice$1828/CLK                                               FD           62                   -          -     r               0   
   ------------------------------------------------------------------------------------------------------------------------------------------------------
   $auto$ff.cc:266:slice$1828/Q                                                 FD           62                   -          5     r               5   
   $techmap3055$abc$3021$lut$not$aiger3020$47.A                                 Net          97          (fanout=3)      10003                     -   
   $abc$3021$lut$not$aiger3020$47/I0                                            LUT          46                   -          -     r           10008   
   $abc$3021$lut$not$aiger3020$47/O                                             LUT          46                   -      10000     r           20008   
   $abc$3021$aiger3020$47b                                                      Net          37          (fanout=1)      10001                     -   
   $auto$alumacc.cc:485:replace_alu$1284.genblk1.slice[0].genblk1.carry4/S [0]  CARRY4       53                   -          -     r           30009   
   $auto$alumacc.cc:485:replace_alu$1284.genblk1.slice[0].genblk1.carry4/CO[3]  CARRY4       53                   -        710     r           30719   
   $abc$3021$aiger3020$58                                                       Net          22          (fanout=1)      10001                     -   
   $auto$alumacc.cc:485:replace_alu$1284.genblk1.slice[1].genblk1.carry4/CI     CARRY4       54                   -          -     r           40720   
   $auto$alumacc.cc:485:replace_alu$1284.genblk1.slice[1].genblk1.carry4/CO[3]  CARRY4       54                   -        710     r           41430   
   $abc$3021$aiger3020$70                                                       Net          31          (fanout=1)      10001                     -   
   $auto$alumacc.cc:485:replace_alu$1284.genblk1.slice[2].genblk1.carry4/CI     CARRY4       55                   -          -     r           51431   
   $auto$alumacc.cc:485:replace_alu$1284.genblk1.slice[2].genblk1.carry4/CO[3]  CARRY4       55                   -        710     r           52141   
   $abc$3021$aiger3020$82                                                       Net          43          (fanout=1)      10001                     -   
   $auto$alumacc.cc:485:replace_alu$1284.genblk1.slice[3].genblk1.carry4/CI     CARRY4       56                   -          -     r           62142   
   $auto$alumacc.cc:485:replace_alu$1284.genblk1.slice[3].genblk1.carry4/CO[3]  CARRY4       56                   -        710     r           62852   
   $abc$3021$aiger3020$94                                                       Net          44          (fanout=1)      10001                     -   
   $auto$alumacc.cc:485:replace_alu$1284.genblk1.slice[4].genblk1.carry4/CI     CARRY4       57                   -          -     r           72853   
   $auto$alumacc.cc:485:replace_alu$1284.genblk1.slice[4].genblk1.carry4/CO[3]  CARRY4       57                   -        710     r           73563   
   $abc$3021$aiger3020$106                                                      Net          16          (fanout=1)      10001                     -   
   $auto$alumacc.cc:485:replace_alu$1284.genblk1.slice[5].genblk1.carry4/CI     CARRY4       58                   -          -     r           83564   
   $auto$alumacc.cc:485:replace_alu$1284.genblk1.slice[5].genblk1.carry4/O [0]  CARRY4       58                   -        710     r           84274   
   $techmap3073$abc$3021$lut$0clk_div[23:0][20].A[3]                            Net         108          (fanout=1)      10001                     -   
   $abc$3021$lut$0\clk_div[23:0][20]/I3                                         LUT          31                   -          -     r           94275   
   $abc$3021$lut$0\clk_div[23:0][20]/O                                          LUT          31                   -      10000     r          104275   
   $techmap2180$auto$ff.cc:266:slice$1848.D                                     Net          72          (fanout=1)       5000                     -   
   $auto$ff.cc:266:slice$1848/D                                                 FD           82                   -          -     r          109275   
   ------------------------------------------------------------------------------------------------------------------------------------------------------
   $auto$ff.cc:266:slice$1848/CLK                                               FD           82                   -          0     r          109275   
   i_clk                                                                        Clock net     7         (fanout=27)          0                     -   
   i_clk                                                                        CLOCK-PORT    -                   -    capture     r          109275   
   ------------------------------------------------------------------------------------------------------------------------------------------------------













Initializing pre-pack timing analysis...
Total timing paths for clock-domain i_clk: 16.
Total timing paths for clock-domain i_clk: 27.
Printing pre-packing critical path...

Pre-pack database information:
    inst 0: i_clk, UNUSED, dont_pack: 1, dont_place: 1, dont_touch: 0, RBB -1, cluster -1
                Output port O, net  120:i_clk_ibuf
    inst 1: i_rst, UNUSED, dont_pack: 1, dont_place: 1, dont_touch: 0, RBB -1, cluster -1
                Output port O, net  121:i_rst_ibuf
    inst 2: i_x_dir, UNUSED, dont_pack: 1, dont_place: 1, dont_touch: 0, RBB -1, cluster -1
                Output port O, net    8:i_x_dir
    inst 3: i_x_step, UNUSED, dont_pack: 1, dont_place: 1, dont_touch: 0, RBB -1, cluster -1
                Output port O, net    9:i_x_step
    inst 4: i_y_dir, UNUSED, dont_pack: 1, dont_place: 1, dont_touch: 0, RBB -1, cluster -1
                Output port O, net    2:i_y_dir
    inst 5: i_y_step, UNUSED, dont_pack: 1, dont_place: 1, dont_touch: 0, RBB -1, cluster -1
                Output port O, net    3:i_y_step
    inst 6: i_z_dir, UNUSED, dont_pack: 1, dont_place: 1, dont_touch: 0, RBB -1, cluster -1
                Output port O, net    4:i_z_dir
    inst 7: i_z_step, UNUSED, dont_pack: 1, dont_place: 1, dont_touch: 0, RBB -1, cluster -1
                Output port O, net    5:i_z_step
    inst 8: o_led_en, UNUSED, dont_pack: 1, dont_place: 1, dont_touch: 0, RBB -1, cluster -1
                 Input port I, net  122:o_led_en_obuf
    inst 9: o_motor_en, UNUSED, dont_pack: 1, dont_place: 1, dont_touch: 0, RBB -1, cluster -1
                 Input port I, net  123:o_motor_en_obuf
    inst 10: o_status_led, UNUSED, dont_pack: 1, dont_place: 1, dont_touch: 0, RBB -1, cluster -1
                 Input port I, net  124:o_status_led_obuf
    inst 11: o_x_motor[0], UNUSED, dont_pack: 1, dont_place: 1, dont_touch: 0, RBB -1, cluster -1
                 Input port I, net  125:o_x_motor_0_obuf
    inst 12: o_x_motor[1], UNUSED, dont_pack: 1, dont_place: 1, dont_touch: 0, RBB -1, cluster -1
                 Input port I, net  126:o_x_motor_1_obuf
    inst 13: o_x_motor[2], UNUSED, dont_pack: 1, dont_place: 1, dont_touch: 0, RBB -1, cluster -1
                 Input port I, net  127:o_x_motor_2_obuf
    inst 14: o_x_motor[3], UNUSED, dont_pack: 1, dont_place: 1, dont_touch: 0, RBB -1, cluster -1
                 Input port I, net  128:o_x_motor_3_obuf
    inst 15: o_y_motor[0], UNUSED, dont_pack: 1, dont_place: 1, dont_touch: 0, RBB -1, cluster -1
                 Input port I, net  129:o_y_motor_0_obuf
    inst 16: o_y_motor[1], UNUSED, dont_pack: 1, dont_place: 1, dont_touch: 0, RBB -1, cluster -1
                 Input port I, net  130:o_y_motor_1_obuf
    inst 17: o_y_motor[2], UNUSED, dont_pack: 1, dont_place: 1, dont_touch: 0, RBB -1, cluster -1
                 Input port I, net  131:o_y_motor_2_obuf
    inst 18: o_y_motor[3], UNUSED, dont_pack: 1, dont_place: 1, dont_touch: 0, RBB -1, cluster -1
                 Input port I, net  132:o_y_motor_3_obuf
    inst 19: o_z_motor[0], UNUSED, dont_pack: 1, dont_place: 1, dont_touch: 0, RBB -1, cluster -1
                 Input port I, net  133:o_z_motor_0_obuf
    inst 20: o_z_motor[1], UNUSED, dont_pack: 1, dont_place: 1, dont_touch: 0, RBB -1, cluster -1
                 Input port I, net  134:o_z_motor_1_obuf
    inst 21: o_z_motor[2], UNUSED, dont_pack: 1, dont_place: 1, dont_touch: 0, RBB -1, cluster -1
                 Input port I, net  135:o_z_motor_2_obuf
    inst 22: o_z_motor[3], UNUSED, dont_pack: 1, dont_place: 1, dont_touch: 0, RBB -1, cluster -1
                 Input port I, net  136:o_z_motor_3_obuf
    inst 23: GND, VDDGND, dont_pack: 0, dont_place: 0, dont_touch: 0, RBB -1, cluster -1, GND
                Output port P/G, net    1:GND_NET
    inst 24: VCC, VDDGND, dont_pack: 0, dont_place: 0, dont_touch: 0, RBB -1, cluster -1, VDD
                Output port P/G, net    0:VCC_NET
    inst 25: $abc$3021$lut$0\clk_div[23:0][0], LUT, dont_pack: 0, dont_place: 0, dont_touch: 0, RBB -1, cluster -1 output_local : 0  INIT=1010101010101000
                Output port O  , net   59:$techmap2191$auto$ff.cc:266:slice$1828.D
                 Input port I0 , net   97:$techmap3055$abc$3021$lut$not$aiger3020$47.A
                 Input port I1 , net  101:$techmap3064$abc$3021$luto_status_led.A[0]
                 Input port I2 , net  100:$techmap3064$abc$3021$luto_status_led.A[1]
                 Input port I3 , net   99:$techmap3064$abc$3021$luto_status_led.A[2]
    inst 26: $abc$3021$lut$0\clk_div[23:0][11], LUT, dont_pack: 0, dont_place: 0, dont_touch: 0, RBB -1, cluster -1 output_local : 0  INIT=0101010101010100
                Output port O  , net   55:$techmap2197$auto$ff.cc:266:slice$1839.D
                 Input port I0 , net   98:$techmap3068$abc$3021$lut$0clk_div[23:0][11].A[0]
                 Input port I1 , net  101:$techmap3064$abc$3021$luto_status_led.A[0]
                 Input port I2 , net  100:$techmap3064$abc$3021$luto_status_led.A[1]
                 Input port I3 , net   99:$techmap3064$abc$3021$luto_status_led.A[2]
    inst 27: $abc$3021$lut$0\clk_div[23:0][12], LUT, dont_pack: 0, dont_place: 0, dont_touch: 0, RBB -1, cluster -1 output_local : 0  INIT=0101010101010100
                Output port O  , net   68:$techmap2192$auto$ff.cc:266:slice$1840.D
                 Input port I0 , net   57:$techmap3069$abc$3021$lut$0clk_div[23:0][12].A[0]
                 Input port I1 , net  101:$techmap3064$abc$3021$luto_status_led.A[0]
                 Input port I2 , net  100:$techmap3064$abc$3021$luto_status_led.A[1]
                 Input port I3 , net   99:$techmap3064$abc$3021$luto_status_led.A[2]
    inst 28: $abc$3021$lut$0\clk_div[23:0][16], LUT, dont_pack: 0, dont_place: 0, dont_touch: 0, RBB -1, cluster -1 output_local : 0  INIT=0000111100001110
                Output port O  , net  119:$techmap2177$auto$ff.cc:266:slice$1844.D
                 Input port I0 , net  101:$techmap3064$abc$3021$luto_status_led.A[0]
                 Input port I1 , net  100:$techmap3064$abc$3021$luto_status_led.A[1]
                 Input port I2 , net  105:$techmap3070$abc$3021$lut$0clk_div[23:0][16].A[2]
                 Input port I3 , net   99:$techmap3064$abc$3021$luto_status_led.A[2]
    inst 29: $abc$3021$lut$0\clk_div[23:0][17], LUT, dont_pack: 0, dont_place: 0, dont_touch: 0, RBB -1, cluster -1 output_local : 0  INIT=0000000011111110
                Output port O  , net   65:$techmap2181$auto$ff.cc:266:slice$1845.D
                 Input port I0 , net  101:$techmap3064$abc$3021$luto_status_led.A[0]
                 Input port I1 , net  100:$techmap3064$abc$3021$luto_status_led.A[1]
                 Input port I2 , net   99:$techmap3064$abc$3021$luto_status_led.A[2]
                 Input port I3 , net   85:$techmap3071$abc$3021$lut$0clk_div[23:0][17].A[3]
    inst 30: $abc$3021$lut$0\clk_div[23:0][18], LUT, dont_pack: 0, dont_place: 0, dont_touch: 0, RBB -1, cluster -1 output_local : 0  INIT=0000111100001110
                Output port O  , net   51:$techmap2178$auto$ff.cc:266:slice$1846.D
                 Input port I0 , net  101:$techmap3064$abc$3021$luto_status_led.A[0]
                 Input port I1 , net  100:$techmap3064$abc$3021$luto_status_led.A[1]
                 Input port I2 , net  103:$techmap3072$abc$3021$lut$0clk_div[23:0][18].A[2]
                 Input port I3 , net   99:$techmap3064$abc$3021$luto_status_led.A[2]
    inst 31: $abc$3021$lut$0\clk_div[23:0][20], LUT, dont_pack: 0, dont_place: 0, dont_touch: 0, RBB -1, cluster -1 output_local : 0  INIT=0000000011111110
                Output port O  , net   72:$techmap2180$auto$ff.cc:266:slice$1848.D
                 Input port I0 , net  101:$techmap3064$abc$3021$luto_status_led.A[0]
                 Input port I1 , net  100:$techmap3064$abc$3021$luto_status_led.A[1]
                 Input port I2 , net   99:$techmap3064$abc$3021$luto_status_led.A[2]
                 Input port I3 , net  108:$techmap3073$abc$3021$lut$0clk_div[23:0][20].A[3]
    inst 32: $abc$3021$lut$0\clk_div[23:0][21], LUT, dont_pack: 0, dont_place: 0, dont_touch: 0, RBB -1, cluster -1 output_local : 0  INIT=0000000011111110
                Output port O  , net   63:$techmap2182$auto$ff.cc:266:slice$1849.D
                 Input port I0 , net  101:$techmap3064$abc$3021$luto_status_led.A[0]
                 Input port I1 , net  100:$techmap3064$abc$3021$luto_status_led.A[1]
                 Input port I2 , net   99:$techmap3064$abc$3021$luto_status_led.A[2]
                 Input port I3 , net   52:$techmap3074$abc$3021$lut$0clk_div[23:0][21].A[3]
    inst 33: $abc$3021$lut$0\clk_div[23:0][23], LUT, dont_pack: 0, dont_place: 0, dont_touch: 0, RBB -1, cluster -1 output_local : 0  INIT=0000000011111110
                Output port O  , net   71:$techmap2189$auto$ff.cc:266:slice$1851.D
                 Input port I0 , net  101:$techmap3064$abc$3021$luto_status_led.A[0]
                 Input port I1 , net  100:$techmap3064$abc$3021$luto_status_led.A[1]
                 Input port I2 , net   99:$techmap3064$abc$3021$luto_status_led.A[2]
                 Input port I3 , net  104:$techmap3075$abc$3021$lut$0clk_div[23:0][23].A[3]
    inst 34: $abc$3021$lut$0\clk_div[23:0][8], LUT, dont_pack: 0, dont_place: 0, dont_touch: 0, RBB -1, cluster -1 output_local : 0  INIT=0101010101010100
                Output port O  , net   61:$techmap2194$auto$ff.cc:266:slice$1836.D
                 Input port I0 , net   56:$techmap3066$abc$3021$lut$0clk_div[23:0][8].A[0]
                 Input port I1 , net  101:$techmap3064$abc$3021$luto_status_led.A[0]
                 Input port I2 , net  100:$techmap3064$abc$3021$luto_status_led.A[1]
                 Input port I3 , net   99:$techmap3064$abc$3021$luto_status_led.A[2]
    inst 35: $abc$3021$lut$0\clk_div[23:0][9], LUT, dont_pack: 0, dont_place: 0, dont_touch: 0, RBB -1, cluster -1 output_local : 0  INIT=0101010101010100
                Output port O  , net   70:$techmap2187$auto$ff.cc:266:slice$1837.D
                 Input port I0 , net  102:$techmap3067$abc$3021$lut$0clk_div[23:0][9].A[0]
                 Input port I1 , net  101:$techmap3064$abc$3021$luto_status_led.A[0]
                 Input port I2 , net  100:$techmap3064$abc$3021$luto_status_led.A[1]
                 Input port I3 , net   99:$techmap3064$abc$3021$luto_status_led.A[2]
    inst 36: $abc$3021$lut$aiger3020$121, LUT, dont_pack: 0, dont_place: 0, dont_touch: 0, RBB -1, cluster -1 output_local : 0  INIT=1000000000000000
                Output port O  , net   86:$techmap3061$abc$3021$lut$aiger3020$129.A[4]
                 Input port I0 , net   81:$techmap3056$abc$3021$lut$aiger3020$121.A[0]
                 Input port I1 , net   82:$techmap3056$abc$3021$lut$aiger3020$121.A[1]
                 Input port I2 , net   79:$techmap3056$abc$3021$lut$aiger3020$121.A[2]
                 Input port I3 , net   80:$techmap3056$abc$3021$lut$aiger3020$121.A[3]
    inst 37: $abc$3021$lut$aiger3020$122, LUT, dont_pack: 0, dont_place: 0, dont_touch: 0, RBB -1, cluster -1 output_local : 0  INIT=0001000100010001
                Output port O  , net   95:$techmap3062$abc$3021$lut$aiger3020$134.A[5]
                 Input port I0 , net   77:$techmap3057$abc$3021$lut$aiger3020$122.A[0]
                 Input port I1 , net   78:$techmap3057$abc$3021$lut$aiger3020$122.A[1]
    inst 38: $abc$3021$lut$aiger3020$123, LUT, dont_pack: 0, dont_place: 0, dont_touch: 0, RBB -1, cluster -1 output_local : 0  INIT=0100010001000100
                Output port O  , net   94:$techmap3062$abc$3021$lut$aiger3020$134.A[4]
                 Input port I0 , net   83:$techmap3058$abc$3021$lut$aiger3020$123.A[0]
                 Input port I1 , net   84:$techmap3058$abc$3021$lut$aiger3020$123.A[1]
    inst 39: $abc$3021$lut$aiger3020$124, LUT, dont_pack: 0, dont_place: 0, dont_touch: 0, RBB -1, cluster -1 output_local : 0  INIT=0001000100010001
                Output port O  , net  111:$techmap3063$abc$3021$lut$aiger3020$139.A[5]
                 Input port I0 , net   75:$techmap3059$abc$3021$lut$aiger3020$124.A[0]
                 Input port I1 , net   76:$techmap3059$abc$3021$lut$aiger3020$124.A[1]
    inst 40: $abc$3021$lut$aiger3020$125, LUT, dont_pack: 0, dont_place: 0, dont_touch: 0, RBB -1, cluster -1 output_local : 0  INIT=0100010001000100
                Output port O  , net  110:$techmap3063$abc$3021$lut$aiger3020$139.A[4]
                 Input port I0 , net   73:$techmap3060$abc$3021$lut$aiger3020$125.A[0]
                 Input port I1 , net   74:$techmap3060$abc$3021$lut$aiger3020$125.A[1]
    inst 41: $abc$3021$lut$aiger3020$129, LUT, dont_pack: 0, dont_place: 0, dont_touch: 0, RBB -1, cluster -1 output_local : 0  ROM=00000000000000001000000000000000
                Output port O  , net   99:$techmap3064$abc$3021$luto_status_led.A[2]
                 Input port I0 , net   88:$techmap3061$abc$3021$lut$aiger3020$129.A[0]
                 Input port I1 , net   89:$techmap3061$abc$3021$lut$aiger3020$129.A[1]
                 Input port I2 , net   87:$techmap3061$abc$3021$lut$aiger3020$129.A[2]
                 Input port I3 , net   97:$techmap3055$abc$3021$lut$not$aiger3020$47.A
                 Input port I4 , net   86:$techmap3061$abc$3021$lut$aiger3020$129.A[4]
    inst 42: $abc$3021$lut$aiger3020$134, LUT, dont_pack: 0, dont_place: 0, dont_touch: 0, RBB -1, cluster -1 output_local : 0  ROM=0000000000000000000000000000000000000000000000000010000000000000
                Output port O  , net  100:$techmap3064$abc$3021$luto_status_led.A[1]
                 Input port I0 , net   92:$techmap3062$abc$3021$lut$aiger3020$134.A[0]
                 Input port I1 , net   93:$techmap3062$abc$3021$lut$aiger3020$134.A[1]
                 Input port I2 , net   90:$techmap3062$abc$3021$lut$aiger3020$134.A[2]
                 Input port I3 , net   91:$techmap3062$abc$3021$lut$aiger3020$134.A[3]
                 Input port I4 , net   94:$techmap3062$abc$3021$lut$aiger3020$134.A[4]
                 Input port I5 , net   95:$techmap3062$abc$3021$lut$aiger3020$134.A[5]
    inst 43: $abc$3021$lut$aiger3020$139, LUT, dont_pack: 0, dont_place: 0, dont_touch: 0, RBB -1, cluster -1 output_local : 0  ROM=0000000000000000000000000000000000000000000000000000000100000000
                Output port O  , net  101:$techmap3064$abc$3021$luto_status_led.A[0]
                 Input port I0 , net  114:$techmap3063$abc$3021$lut$aiger3020$139.A[0]
                 Input port I1 , net  115:$techmap3063$abc$3021$lut$aiger3020$139.A[1]
                 Input port I2 , net  112:$techmap3063$abc$3021$lut$aiger3020$139.A[2]
                 Input port I3 , net  113:$techmap3063$abc$3021$lut$aiger3020$139.A[3]
                 Input port I4 , net  110:$techmap3063$abc$3021$lut$aiger3020$139.A[4]
                 Input port I5 , net  111:$techmap3063$abc$3021$lut$aiger3020$139.A[5]
    inst 44: $abc$3021$lut$aiger3020$175, LUT, dont_pack: 0, dont_place: 0, dont_touch: 0, RBB -1, cluster -1 output_local : 0  INIT=1000100010001000
                Output port O  , net  106:$techmap3077$abc$3021$luto_x_motor[0].A[1]
                 Input port I0 , net  109:$techmap3076$abc$3021$lut$aiger3020$175.A[0]
                 Input port I1 , net   96:$techmap3054$abc$3021$lut$not$aiger3020$36.A
    inst 45: $abc$3021$lut$not$aiger3020$36, LUT, dont_pack: 0, dont_place: 0, dont_touch: 0, RBB -1, cluster -1 output_local : 0  INIT=1010101010101010
                Output port O  , net   47:$auto$alumacc.cc:485:replace_alu$1281.Y[0]
                 Input port I0 , net   96:$techmap3054$abc$3021$lut$not$aiger3020$36.A
    inst 46: $abc$3021$lut$not$aiger3020$47, LUT, dont_pack: 0, dont_place: 0, dont_touch: 0, RBB -1, cluster -1 output_local : 0  INIT=1010101010101010
                Output port O  , net   37:$abc$3021$aiger3020$47b
                 Input port I0 , net   97:$techmap3055$abc$3021$lut$not$aiger3020$47.A
    inst 47: $abc$3021$lut\o_status_led, LUT, dont_pack: 0, dont_place: 0, dont_touch: 0, RBB -1, cluster -1 output_local : 0  INIT=0000000100000001
                Output port O  , net   14:o_status_led
                 Input port I0 , net  101:$techmap3064$abc$3021$luto_status_led.A[0]
                 Input port I1 , net  100:$techmap3064$abc$3021$luto_status_led.A[1]
                 Input port I2 , net   99:$techmap3064$abc$3021$luto_status_led.A[2]
    inst 48: $abc$3021$lut\o_x_motor[0], LUT, dont_pack: 0, dont_place: 0, dont_touch: 0, RBB -1, cluster -1 output_local : 0  INIT=0100010001000100
                Output port O  , net   11:o_x_motor[0]
                 Input port I0 , net  107:$techmap3077$abc$3021$luto_x_motor[0].A[0]
                 Input port I1 , net  106:$techmap3077$abc$3021$luto_x_motor[0].A[1]
    inst 49: $abc$3021$lut\o_x_motor[1], LUT, dont_pack: 0, dont_place: 0, dont_touch: 0, RBB -1, cluster -1 output_local : 0  INIT=0010111000101110
                Output port O  , net   10:o_x_motor[1]
                 Input port I0 , net  109:$techmap3076$abc$3021$lut$aiger3020$175.A[0]
                 Input port I1 , net  107:$techmap3077$abc$3021$luto_x_motor[0].A[0]
                 Input port I2 , net  116:$techmap3078$abc$3021$luto_x_motor[1].A[2]
    inst 50: $abc$3021$lut\o_x_motor[2], LUT, dont_pack: 0, dont_place: 0, dont_touch: 0, RBB -1, cluster -1 output_local : 0  INIT=1000100010001000
                Output port O  , net   13:o_x_motor[2]
                 Input port I0 , net  107:$techmap3077$abc$3021$luto_x_motor[0].A[0]
                 Input port I1 , net  106:$techmap3077$abc$3021$luto_x_motor[0].A[1]
    inst 51: $auto$abc9_ops.cc:1550:reintegrate$3023, LUT, dont_pack: 0, dont_place: 0, dont_touch: 0, RBB -1, cluster -1 output_local : 0  INIT=1000111110001111
                Output port O  , net   12:o_x_motor[3]
                 Input port I0 , net  109:$techmap3076$abc$3021$lut$aiger3020$175.A[0]
                 Input port I1 , net  107:$techmap3077$abc$3021$luto_x_motor[0].A[0]
                 Input port I2 , net   53:$techmap3080$auto$abc9_ops.cc:1550:reintegrate$3023.A[2]
    inst 52: $auto$alumacc.cc:485:replace_alu$1281.genblk1.slice[0].genblk1.carry4, CARRY4, dont_pack: 0, dont_place: 0, dont_touch: 0, RBB -1, cluster -1
                Output port O [0], net   40:$abc$3021$aiger3020$39
                Output port O [1], net   48:$auto$alumacc.cc:485:replace_alu$1281.Y[1]
                Output port O [2], net   49:$auto$alumacc.cc:485:replace_alu$1281.Y[2]
                Output port O [3], net   53:$techmap3080$auto$abc9_ops.cc:1550:reintegrate$3023.A[2]
                Output port CO[0], net   38:$abc$3021$aiger3020$43
                Output port CO[1], net  116:$techmap3078$abc$3021$luto_x_motor[1].A[2]
                Output port CO[2], net   39:$abc$3021$aiger3020$45
                Output port CO[3], net   36:$abc$3021$aiger3020$46
                 Input port DI[0], net    0:VCC_NET
                 Input port DI[1], net    1:GND_NET
                 Input port DI[2], net    1:GND_NET
                 Input port DI[3], net    1:GND_NET
                 Input port S [0], net   47:$auto$alumacc.cc:485:replace_alu$1281.Y[0]
                 Input port S [1], net  109:$techmap3076$abc$3021$lut$aiger3020$175.A[0]
                 Input port S [2], net  107:$techmap3077$abc$3021$luto_x_motor[0].A[0]
                 Input port S [3], net    1:GND_NET
                 Input port CI   , net    1:GND_NET
                 Input port CYINIT, net    1:GND_NET
    inst 53: $auto$alumacc.cc:485:replace_alu$1284.genblk1.slice[0].genblk1.carry4, CARRY4, dont_pack: 0, dont_place: 0, dont_touch: 0, RBB -1, cluster -1
                Output port O [0], net   26:$abc$3021$aiger3020$51
                Output port O [1], net   60:$techmap2184$auto$ff.cc:266:slice$1829.D
                Output port O [2], net   50:$techmap2198$auto$ff.cc:266:slice$1830.D
                Output port O [3], net   67:$techmap2202$auto$ff.cc:266:slice$1831.D
                Output port CO[0], net   24:$abc$3021$aiger3020$55
                Output port CO[1], net   23:$abc$3021$aiger3020$56
                Output port CO[2], net   25:$abc$3021$aiger3020$57
                Output port CO[3], net   22:$abc$3021$aiger3020$58
                 Input port DI[0], net    0:VCC_NET
                 Input port DI[1], net    1:GND_NET
                 Input port DI[2], net    1:GND_NET
                 Input port DI[3], net    1:GND_NET
                 Input port S [0], net   37:$abc$3021$aiger3020$47b
                 Input port S [1], net   87:$techmap3061$abc$3021$lut$aiger3020$129.A[2]
                 Input port S [2], net   89:$techmap3061$abc$3021$lut$aiger3020$129.A[1]
                 Input port S [3], net   88:$techmap3061$abc$3021$lut$aiger3020$129.A[0]
                 Input port CI   , net    1:GND_NET
                 Input port CYINIT, net    1:GND_NET
    inst 54: $auto$alumacc.cc:485:replace_alu$1284.genblk1.slice[1].genblk1.carry4, CARRY4, dont_pack: 0, dont_place: 0, dont_touch: 0, RBB -1, cluster -1
                Output port O [0], net  118:$techmap2199$auto$ff.cc:266:slice$1832.D
                Output port O [1], net   58:$techmap2200$auto$ff.cc:266:slice$1833.D
                Output port O [2], net  117:$techmap2195$auto$ff.cc:266:slice$1834.D
                Output port O [3], net   54:$techmap2201$auto$ff.cc:266:slice$1835.D
                Output port CO[0], net   21:$abc$3021$aiger3020$67
                Output port CO[1], net   20:$abc$3021$aiger3020$68
                Output port CO[2], net   30:$abc$3021$aiger3020$69
                Output port CO[3], net   31:$abc$3021$aiger3020$70
                 Input port DI[0], net    1:GND_NET
                 Input port DI[1], net    1:GND_NET
                 Input port DI[2], net    1:GND_NET
                 Input port DI[3], net    1:GND_NET
                 Input port S [0], net   79:$techmap3056$abc$3021$lut$aiger3020$121.A[2]
                 Input port S [1], net   82:$techmap3056$abc$3021$lut$aiger3020$121.A[1]
                 Input port S [2], net   80:$techmap3056$abc$3021$lut$aiger3020$121.A[3]
                 Input port S [3], net   81:$techmap3056$abc$3021$lut$aiger3020$121.A[0]
                 Input port CI   , net   22:$abc$3021$aiger3020$58
                 Input port CYINIT, net    1:GND_NET
    inst 55: $auto$alumacc.cc:485:replace_alu$1284.genblk1.slice[2].genblk1.carry4, CARRY4, dont_pack: 0, dont_place: 0, dont_touch: 0, RBB -1, cluster -1
                Output port O [0], net   56:$techmap3066$abc$3021$lut$0clk_div[23:0][8].A[0]
                Output port O [1], net  102:$techmap3067$abc$3021$lut$0clk_div[23:0][9].A[0]
                Output port O [2], net   46:$techmap2196$auto$ff.cc:266:slice$1838.D
                Output port O [3], net   98:$techmap3068$abc$3021$lut$0clk_div[23:0][11].A[0]
                Output port CO[0], net   28:$abc$3021$aiger3020$79
                Output port CO[1], net   29:$abc$3021$aiger3020$80
                Output port CO[2], net   27:$abc$3021$aiger3020$81
                Output port CO[3], net   43:$abc$3021$aiger3020$82
                 Input port DI[0], net    1:GND_NET
                 Input port DI[1], net    1:GND_NET
                 Input port DI[2], net    1:GND_NET
                 Input port DI[3], net    1:GND_NET
                 Input port S [0], net   77:$techmap3057$abc$3021$lut$aiger3020$122.A[0]
                 Input port S [1], net   78:$techmap3057$abc$3021$lut$aiger3020$122.A[1]
                 Input port S [2], net   84:$techmap3058$abc$3021$lut$aiger3020$123.A[1]
                 Input port S [3], net   83:$techmap3058$abc$3021$lut$aiger3020$123.A[0]
                 Input port CI   , net   31:$abc$3021$aiger3020$70
                 Input port CYINIT, net    1:GND_NET
    inst 56: $auto$alumacc.cc:485:replace_alu$1284.genblk1.slice[3].genblk1.carry4, CARRY4, dont_pack: 0, dont_place: 0, dont_touch: 0, RBB -1, cluster -1
                Output port O [0], net   57:$techmap3069$abc$3021$lut$0clk_div[23:0][12].A[0]
                Output port O [1], net   66:$techmap2193$auto$ff.cc:266:slice$1841.D
                Output port O [2], net   69:$techmap2188$auto$ff.cc:266:slice$1842.D
                Output port O [3], net   62:$techmap2179$auto$ff.cc:266:slice$1843.D
                Output port CO[0], net   42:$abc$3021$aiger3020$91
                Output port CO[1], net   41:$abc$3021$aiger3020$92
                Output port CO[2], net   45:$abc$3021$aiger3020$93
                Output port CO[3], net   44:$abc$3021$aiger3020$94
                 Input port DI[0], net    1:GND_NET
                 Input port DI[1], net    1:GND_NET
                 Input port DI[2], net    1:GND_NET
                 Input port DI[3], net    1:GND_NET
                 Input port S [0], net   93:$techmap3062$abc$3021$lut$aiger3020$134.A[1]
                 Input port S [1], net   92:$techmap3062$abc$3021$lut$aiger3020$134.A[0]
                 Input port S [2], net   90:$techmap3062$abc$3021$lut$aiger3020$134.A[2]
                 Input port S [3], net   91:$techmap3062$abc$3021$lut$aiger3020$134.A[3]
                 Input port CI   , net   43:$abc$3021$aiger3020$82
                 Input port CYINIT, net    1:GND_NET
    inst 57: $auto$alumacc.cc:485:replace_alu$1284.genblk1.slice[4].genblk1.carry4, CARRY4, dont_pack: 0, dont_place: 0, dont_touch: 0, RBB -1, cluster -1
                Output port O [0], net  105:$techmap3070$abc$3021$lut$0clk_div[23:0][16].A[2]
                Output port O [1], net   85:$techmap3071$abc$3021$lut$0clk_div[23:0][17].A[3]
                Output port O [2], net  103:$techmap3072$abc$3021$lut$0clk_div[23:0][18].A[2]
                Output port O [3], net   15:$techmap2176$auto$ff.cc:266:slice$1847.D
                Output port CO[0], net   17:$abc$3021$aiger3020$103
                Output port CO[1], net   19:$abc$3021$aiger3020$104
                Output port CO[2], net   18:$abc$3021$aiger3020$105
                Output port CO[3], net   16:$abc$3021$aiger3020$106
                 Input port DI[0], net    1:GND_NET
                 Input port DI[1], net    1:GND_NET
                 Input port DI[2], net    1:GND_NET
                 Input port DI[3], net    1:GND_NET
                 Input port S [0], net  112:$techmap3063$abc$3021$lut$aiger3020$139.A[2]
                 Input port S [1], net  114:$techmap3063$abc$3021$lut$aiger3020$139.A[0]
                 Input port S [2], net  115:$techmap3063$abc$3021$lut$aiger3020$139.A[1]
                 Input port S [3], net  113:$techmap3063$abc$3021$lut$aiger3020$139.A[3]
                 Input port CI   , net   44:$abc$3021$aiger3020$94
                 Input port CYINIT, net    1:GND_NET
    inst 58: $auto$alumacc.cc:485:replace_alu$1284.genblk1.slice[5].genblk1.carry4, CARRY4, dont_pack: 0, dont_place: 0, dont_touch: 0, RBB -1, cluster -1
                Output port O [0], net  108:$techmap3073$abc$3021$lut$0clk_div[23:0][20].A[3]
                Output port O [1], net   52:$techmap3074$abc$3021$lut$0clk_div[23:0][21].A[3]
                Output port O [2], net   64:$techmap2183$auto$ff.cc:266:slice$1850.D
                Output port O [3], net  104:$techmap3075$abc$3021$lut$0clk_div[23:0][23].A[3]
                Output port CO[0], net   35:$abc$3021$aiger3020$115
                Output port CO[1], net   34:$abc$3021$aiger3020$116
                Output port CO[2], net   33:$abc$3021$aiger3020$117
                Output port CO[3], net   32:$abc$3021$aiger3020$118
                 Input port DI[0], net    1:GND_NET
                 Input port DI[1], net    1:GND_NET
                 Input port DI[2], net    1:GND_NET
                 Input port DI[3], net    1:GND_NET
                 Input port S [0], net   76:$techmap3059$abc$3021$lut$aiger3020$124.A[1]
                 Input port S [1], net   75:$techmap3059$abc$3021$lut$aiger3020$124.A[0]
                 Input port S [2], net   74:$techmap3060$abc$3021$lut$aiger3020$125.A[1]
                 Input port S [3], net   73:$techmap3060$abc$3021$lut$aiger3020$125.A[0]
                 Input port CI   , net   16:$abc$3021$aiger3020$106
                 Input port CYINIT, net    1:GND_NET
    inst 59: $auto$ff.cc:266:slice$1825, FD, dont_pack: 0, dont_place: 0, dont_touch: 0, RBB -1, cluster -1
                 Clock port 0, net    7:i_clk
                Output port Q, net   96:$techmap3054$abc$3021$lut$not$aiger3020$36.A
                 Input port D  , net   47:$auto$alumacc.cc:485:replace_alu$1281.Y[0]
                 Input port CLR, net    6:i_rst
                 Input port CE , net   14:o_status_led
    inst 60: $auto$ff.cc:266:slice$1826, FD, dont_pack: 0, dont_place: 0, dont_touch: 0, RBB -1, cluster -1
                 Clock port 0, net    7:i_clk
                Output port Q, net  109:$techmap3076$abc$3021$lut$aiger3020$175.A[0]
                 Input port D  , net   48:$auto$alumacc.cc:485:replace_alu$1281.Y[1]
                 Input port CLR, net    6:i_rst
                 Input port CE , net   14:o_status_led
    inst 61: $auto$ff.cc:266:slice$1827, FD, dont_pack: 0, dont_place: 0, dont_touch: 0, RBB -1, cluster -1
                 Clock port 0, net    7:i_clk
                Output port Q, net  107:$techmap3077$abc$3021$luto_x_motor[0].A[0]
                 Input port D  , net   49:$auto$alumacc.cc:485:replace_alu$1281.Y[2]
                 Input port CLR, net    6:i_rst
                 Input port CE , net   14:o_status_led
    inst 62: $auto$ff.cc:266:slice$1828, FD, dont_pack: 0, dont_place: 0, dont_touch: 0, RBB -1, cluster -1
                 Clock port 0, net    7:i_clk
                Output port Q, net   97:$techmap3055$abc$3021$lut$not$aiger3020$47.A
                 Input port D  , net   59:$techmap2191$auto$ff.cc:266:slice$1828.D
                 Input port CLR, net    6:i_rst
    inst 63: $auto$ff.cc:266:slice$1829, FD, dont_pack: 0, dont_place: 0, dont_touch: 0, RBB -1, cluster -1
                 Clock port 0, net    7:i_clk
                Output port Q, net   87:$techmap3061$abc$3021$lut$aiger3020$129.A[2]
                 Input port D  , net   60:$techmap2184$auto$ff.cc:266:slice$1829.D
                 Input port CLR, net    6:i_rst
    inst 64: $auto$ff.cc:266:slice$1830, FD, dont_pack: 0, dont_place: 0, dont_touch: 0, RBB -1, cluster -1
                 Clock port 0, net    7:i_clk
                Output port Q, net   89:$techmap3061$abc$3021$lut$aiger3020$129.A[1]
                 Input port D  , net   50:$techmap2198$auto$ff.cc:266:slice$1830.D
                 Input port CLR, net    6:i_rst
    inst 65: $auto$ff.cc:266:slice$1831, FD, dont_pack: 0, dont_place: 0, dont_touch: 0, RBB -1, cluster -1
                 Clock port 0, net    7:i_clk
                Output port Q, net   88:$techmap3061$abc$3021$lut$aiger3020$129.A[0]
                 Input port D  , net   67:$techmap2202$auto$ff.cc:266:slice$1831.D
                 Input port CLR, net    6:i_rst
    inst 66: $auto$ff.cc:266:slice$1832, FD, dont_pack: 0, dont_place: 0, dont_touch: 0, RBB -1, cluster -1
                 Clock port 0, net    7:i_clk
                Output port Q, net   79:$techmap3056$abc$3021$lut$aiger3020$121.A[2]
                 Input port D  , net  118:$techmap2199$auto$ff.cc:266:slice$1832.D
                 Input port CLR, net    6:i_rst
    inst 67: $auto$ff.cc:266:slice$1833, FD, dont_pack: 0, dont_place: 0, dont_touch: 0, RBB -1, cluster -1
                 Clock port 0, net    7:i_clk
                Output port Q, net   82:$techmap3056$abc$3021$lut$aiger3020$121.A[1]
                 Input port D  , net   58:$techmap2200$auto$ff.cc:266:slice$1833.D
                 Input port CLR, net    6:i_rst
    inst 68: $auto$ff.cc:266:slice$1834, FD, dont_pack: 0, dont_place: 0, dont_touch: 0, RBB -1, cluster -1
                 Clock port 0, net    7:i_clk
                Output port Q, net   80:$techmap3056$abc$3021$lut$aiger3020$121.A[3]
                 Input port D  , net  117:$techmap2195$auto$ff.cc:266:slice$1834.D
                 Input port CLR, net    6:i_rst
    inst 69: $auto$ff.cc:266:slice$1835, FD, dont_pack: 0, dont_place: 0, dont_touch: 0, RBB -1, cluster -1
                 Clock port 0, net    7:i_clk
                Output port Q, net   81:$techmap3056$abc$3021$lut$aiger3020$121.A[0]
                 Input port D  , net   54:$techmap2201$auto$ff.cc:266:slice$1835.D
                 Input port CLR, net    6:i_rst
    inst 70: $auto$ff.cc:266:slice$1836, FD, dont_pack: 0, dont_place: 0, dont_touch: 0, RBB -1, cluster -1
                 Clock port 0, net    7:i_clk
                Output port Q, net   77:$techmap3057$abc$3021$lut$aiger3020$122.A[0]
                 Input port D  , net   61:$techmap2194$auto$ff.cc:266:slice$1836.D
                 Input port CLR, net    6:i_rst
    inst 71: $auto$ff.cc:266:slice$1837, FD, dont_pack: 0, dont_place: 0, dont_touch: 0, RBB -1, cluster -1
                 Clock port 0, net    7:i_clk
                Output port Q, net   78:$techmap3057$abc$3021$lut$aiger3020$122.A[1]
                 Input port D  , net   70:$techmap2187$auto$ff.cc:266:slice$1837.D
                 Input port CLR, net    6:i_rst
    inst 72: $auto$ff.cc:266:slice$1838, FD, dont_pack: 0, dont_place: 0, dont_touch: 0, RBB -1, cluster -1
                 Clock port 0, net    7:i_clk
                Output port Q, net   84:$techmap3058$abc$3021$lut$aiger3020$123.A[1]
                 Input port D  , net   46:$techmap2196$auto$ff.cc:266:slice$1838.D
                 Input port CLR, net    6:i_rst
    inst 73: $auto$ff.cc:266:slice$1839, FD, dont_pack: 0, dont_place: 0, dont_touch: 0, RBB -1, cluster -1
                 Clock port 0, net    7:i_clk
                Output port Q, net   83:$techmap3058$abc$3021$lut$aiger3020$123.A[0]
                 Input port D  , net   55:$techmap2197$auto$ff.cc:266:slice$1839.D
                 Input port CLR, net    6:i_rst
    inst 74: $auto$ff.cc:266:slice$1840, FD, dont_pack: 0, dont_place: 0, dont_touch: 0, RBB -1, cluster -1
                 Clock port 0, net    7:i_clk
                Output port Q, net   93:$techmap3062$abc$3021$lut$aiger3020$134.A[1]
                 Input port D  , net   68:$techmap2192$auto$ff.cc:266:slice$1840.D
                 Input port CLR, net    6:i_rst
    inst 75: $auto$ff.cc:266:slice$1841, FD, dont_pack: 0, dont_place: 0, dont_touch: 0, RBB -1, cluster -1
                 Clock port 0, net    7:i_clk
                Output port Q, net   92:$techmap3062$abc$3021$lut$aiger3020$134.A[0]
                 Input port D  , net   66:$techmap2193$auto$ff.cc:266:slice$1841.D
                 Input port CLR, net    6:i_rst
    inst 76: $auto$ff.cc:266:slice$1842, FD, dont_pack: 0, dont_place: 0, dont_touch: 0, RBB -1, cluster -1
                 Clock port 0, net    7:i_clk
                Output port Q, net   90:$techmap3062$abc$3021$lut$aiger3020$134.A[2]
                 Input port D  , net   69:$techmap2188$auto$ff.cc:266:slice$1842.D
                 Input port CLR, net    6:i_rst
    inst 77: $auto$ff.cc:266:slice$1843, FD, dont_pack: 0, dont_place: 0, dont_touch: 0, RBB -1, cluster -1
                 Clock port 0, net    7:i_clk
                Output port Q, net   91:$techmap3062$abc$3021$lut$aiger3020$134.A[3]
                 Input port D  , net   62:$techmap2179$auto$ff.cc:266:slice$1843.D
                 Input port CLR, net    6:i_rst
    inst 78: $auto$ff.cc:266:slice$1844, FD, dont_pack: 0, dont_place: 0, dont_touch: 0, RBB -1, cluster -1
                 Clock port 0, net    7:i_clk
                Output port Q, net  112:$techmap3063$abc$3021$lut$aiger3020$139.A[2]
                 Input port D  , net  119:$techmap2177$auto$ff.cc:266:slice$1844.D
                 Input port CLR, net    6:i_rst
    inst 79: $auto$ff.cc:266:slice$1845, FD, dont_pack: 0, dont_place: 0, dont_touch: 0, RBB -1, cluster -1
                 Clock port 0, net    7:i_clk
                Output port Q, net  114:$techmap3063$abc$3021$lut$aiger3020$139.A[0]
                 Input port D  , net   65:$techmap2181$auto$ff.cc:266:slice$1845.D
                 Input port CLR, net    6:i_rst
    inst 80: $auto$ff.cc:266:slice$1846, FD, dont_pack: 0, dont_place: 0, dont_touch: 0, RBB -1, cluster -1
                 Clock port 0, net    7:i_clk
                Output port Q, net  115:$techmap3063$abc$3021$lut$aiger3020$139.A[1]
                 Input port D  , net   51:$techmap2178$auto$ff.cc:266:slice$1846.D
                 Input port CLR, net    6:i_rst
    inst 81: $auto$ff.cc:266:slice$1847, FD, dont_pack: 0, dont_place: 0, dont_touch: 0, RBB -1, cluster -1
                 Clock port 0, net    7:i_clk
                Output port Q, net  113:$techmap3063$abc$3021$lut$aiger3020$139.A[3]
                 Input port D  , net   15:$techmap2176$auto$ff.cc:266:slice$1847.D
                 Input port CLR, net    6:i_rst
    inst 82: $auto$ff.cc:266:slice$1848, FD, dont_pack: 0, dont_place: 0, dont_touch: 0, RBB -1, cluster -1
                 Clock port 0, net    7:i_clk
                Output port Q, net   76:$techmap3059$abc$3021$lut$aiger3020$124.A[1]
                 Input port D  , net   72:$techmap2180$auto$ff.cc:266:slice$1848.D
                 Input port CLR, net    6:i_rst
    inst 83: $auto$ff.cc:266:slice$1849, FD, dont_pack: 0, dont_place: 0, dont_touch: 0, RBB -1, cluster -1
                 Clock port 0, net    7:i_clk
                Output port Q, net   75:$techmap3059$abc$3021$lut$aiger3020$124.A[0]
                 Input port D  , net   63:$techmap2182$auto$ff.cc:266:slice$1849.D
                 Input port CLR, net    6:i_rst
    inst 84: $auto$ff.cc:266:slice$1850, FD, dont_pack: 0, dont_place: 0, dont_touch: 0, RBB -1, cluster -1
                 Clock port 0, net    7:i_clk
                Output port Q, net   74:$techmap3060$abc$3021$lut$aiger3020$125.A[1]
                 Input port D  , net   64:$techmap2183$auto$ff.cc:266:slice$1850.D
                 Input port CLR, net    6:i_rst
    inst 85: $auto$ff.cc:266:slice$1851, FD, dont_pack: 0, dont_place: 0, dont_touch: 0, RBB -1, cluster -1
                 Clock port 0, net    7:i_clk
                Output port Q, net   73:$techmap3060$abc$3021$lut$aiger3020$125.A[0]
                 Input port D  , net   71:$techmap2189$auto$ff.cc:266:slice$1851.D
                 Input port CLR, net    6:i_rst
    inst 86: g_86_i_clk_ibuf, IO, dont_pack: 0, dont_place: 0, dont_touch: 0, RBB -1, cluster -1  Direction: input,  input_delay -1
                Output port O, net    7:i_clk
                 Input port I  , net  120:i_clk_ibuf
    inst 87: g_87_i_rst_ibuf, IO, dont_pack: 0, dont_place: 0, dont_touch: 0, RBB 8, cluster -1  Direction: input,  input_delay -1
                Output port O, net    6:i_rst
                 Input port I  , net  121:i_rst_ibuf
    inst 88: g_88_o_led_en_obuf, IO, dont_pack: 0, dont_place: 0, dont_touch: 0, RBB -1, cluster -1  Direction: output, output_delay -1
                Output port O, net  122:o_led_en_obuf
                 Input port I  , net    0:VCC_NET
    inst 89: g_89_o_motor_en_obuf, IO, dont_pack: 0, dont_place: 0, dont_touch: 0, RBB -1, cluster -1  Direction: output, output_delay -1
                Output port O, net  123:o_motor_en_obuf
                 Input port I  , net    0:VCC_NET
    inst 90: g_90_o_status_led_obuf, IO, dont_pack: 0, dont_place: 0, dont_touch: 0, RBB 1, cluster -1  Direction: output, output_delay -1
                Output port O, net  124:o_status_led_obuf
                 Input port I  , net   14:o_status_led
    inst 91: g_91_o_x_motor_0_obuf, IO, dont_pack: 0, dont_place: 0, dont_touch: 0, RBB 6, cluster -1  Direction: output, output_delay -1
                Output port O, net  125:o_x_motor_0_obuf
                 Input port I  , net   11:o_x_motor[0]
    inst 92: g_92_o_x_motor_1_obuf, IO, dont_pack: 0, dont_place: 0, dont_touch: 0, RBB 5, cluster -1  Direction: output, output_delay -1
                Output port O, net  126:o_x_motor_1_obuf
                 Input port I  , net   10:o_x_motor[1]
    inst 93: g_93_o_x_motor_2_obuf, IO, dont_pack: 0, dont_place: 0, dont_touch: 0, RBB 4, cluster -1  Direction: output, output_delay -1
                Output port O, net  127:o_x_motor_2_obuf
                 Input port I  , net   13:o_x_motor[2]
    inst 94: g_94_o_x_motor_3_obuf, IO, dont_pack: 0, dont_place: 0, dont_touch: 0, RBB 2, cluster -1  Direction: output, output_delay -1
                Output port O, net  128:o_x_motor_3_obuf
                 Input port I  , net   12:o_x_motor[3]
    inst 95: g_95_o_y_motor_0_obuf, IO, dont_pack: 0, dont_place: 0, dont_touch: 0, RBB 3, cluster -1  Direction: output, output_delay -1
                Output port O, net  129:o_y_motor_0_obuf
                 Input port I  , net    1:GND_NET
    inst 96: g_96_o_y_motor_1_obuf, IO, dont_pack: 0, dont_place: 0, dont_touch: 0, RBB 12, cluster -1  Direction: output, output_delay -1
                Output port O, net  130:o_y_motor_1_obuf
                 Input port I  , net    1:GND_NET
    inst 97: g_97_o_y_motor_2_obuf, IO, dont_pack: 0, dont_place: 0, dont_touch: 0, RBB 11, cluster -1  Direction: output, output_delay -1
                Output port O, net  131:o_y_motor_2_obuf
                 Input port I  , net    1:GND_NET
    inst 98: g_98_o_y_motor_3_obuf, IO, dont_pack: 0, dont_place: 0, dont_touch: 0, RBB 10, cluster -1  Direction: output, output_delay -1
                Output port O, net  132:o_y_motor_3_obuf
                 Input port I  , net    1:GND_NET
    inst 99: g_99_o_z_motor_0_obuf, IO, dont_pack: 0, dont_place: 0, dont_touch: 0, RBB 9, cluster -1  Direction: output, output_delay -1
                Output port O, net  133:o_z_motor_0_obuf
                 Input port I  , net    1:GND_NET
    inst 100: g_100_o_z_motor_1_obuf, IO, dont_pack: 0, dont_place: 0, dont_touch: 0, RBB 8, cluster -1  Direction: output, output_delay -1
                Output port O, net  134:o_z_motor_1_obuf
                 Input port I  , net    1:GND_NET
    inst 101: g_101_o_z_motor_2_obuf, IO, dont_pack: 0, dont_place: 0, dont_touch: 0, RBB 7, cluster -1  Direction: output, output_delay -1
                Output port O, net  135:o_z_motor_2_obuf
                 Input port I  , net    1:GND_NET
    inst 102: g_102_o_z_motor_3_obuf, IO, dont_pack: 0, dont_place: 0, dont_touch: 0, RBB 0, cluster -1  Direction: output, output_delay -1
                Output port O, net  136:o_z_motor_3_obuf
                 Input port I  , net    1:GND_NET
    net 0:VCC_NET, don't route: 1, ignore timing: 1, Anet:0.000000, Clock domain -1, Clock synchronizer: 0
            Output port: inst   24:       VCC, port P/G, Anet:0.000000
             Input port: inst   52:$auto$alumacc.cc:485:replace_alu$1281.genblk1.slice[0].genblk1.carry4, port DI[0], FF -1, Anet:0.000000
             Input port: inst   53:$auto$alumacc.cc:485:replace_alu$1284.genblk1.slice[0].genblk1.carry4, port DI[0], FF -1, Anet:0.000000
             Input port: inst   88:g_88_o_led_en_obuf, port I  , FF -1, Anet:0.000000
             Input port: inst   89:g_89_o_motor_en_obuf, port I  , FF -1, Anet:0.000000
    net 1:GND_NET, don't route: 1, ignore timing: 1, Anet:0.000000, Clock domain -1, Clock synchronizer: 0
            Output port: inst   23:       GND, port P/G, Anet:0.000000
             Input port: inst   52:$auto$alumacc.cc:485:replace_alu$1281.genblk1.slice[0].genblk1.carry4, port DI[1], FF -1, Anet:0.000000
             Input port: inst   52:$auto$alumacc.cc:485:replace_alu$1281.genblk1.slice[0].genblk1.carry4, port DI[2], FF -1, Anet:0.000000
             Input port: inst   52:$auto$alumacc.cc:485:replace_alu$1281.genblk1.slice[0].genblk1.carry4, port DI[3], FF -1, Anet:0.000000
             Input port: inst   52:$auto$alumacc.cc:485:replace_alu$1281.genblk1.slice[0].genblk1.carry4, port S [3], FF -1, Anet:0.000000
             Input port: inst   52:$auto$alumacc.cc:485:replace_alu$1281.genblk1.slice[0].genblk1.carry4, port CI   , FF -1, Anet:0.000000
             Input port: inst   52:$auto$alumacc.cc:485:replace_alu$1281.genblk1.slice[0].genblk1.carry4, port CYINIT, FF -1, Anet:0.000000
             Input port: inst   53:$auto$alumacc.cc:485:replace_alu$1284.genblk1.slice[0].genblk1.carry4, port DI[1], FF -1, Anet:0.000000
             Input port: inst   53:$auto$alumacc.cc:485:replace_alu$1284.genblk1.slice[0].genblk1.carry4, port DI[2], FF -1, Anet:0.000000
             Input port: inst   53:$auto$alumacc.cc:485:replace_alu$1284.genblk1.slice[0].genblk1.carry4, port DI[3], FF -1, Anet:0.000000
             Input port: inst   53:$auto$alumacc.cc:485:replace_alu$1284.genblk1.slice[0].genblk1.carry4, port CI   , FF -1, Anet:0.000000
             Input port: inst   53:$auto$alumacc.cc:485:replace_alu$1284.genblk1.slice[0].genblk1.carry4, port CYINIT, FF -1, Anet:0.000000
             Input port: inst   54:$auto$alumacc.cc:485:replace_alu$1284.genblk1.slice[1].genblk1.carry4, port DI[0], FF -1, Anet:0.000000
             Input port: inst   54:$auto$alumacc.cc:485:replace_alu$1284.genblk1.slice[1].genblk1.carry4, port DI[1], FF -1, Anet:0.000000
             Input port: inst   54:$auto$alumacc.cc:485:replace_alu$1284.genblk1.slice[1].genblk1.carry4, port DI[2], FF -1, Anet:0.000000
             Input port: inst   54:$auto$alumacc.cc:485:replace_alu$1284.genblk1.slice[1].genblk1.carry4, port DI[3], FF -1, Anet:0.000000
             Input port: inst   54:$auto$alumacc.cc:485:replace_alu$1284.genblk1.slice[1].genblk1.carry4, port CYINIT, FF -1, Anet:0.000000
             Input port: inst   55:$auto$alumacc.cc:485:replace_alu$1284.genblk1.slice[2].genblk1.carry4, port DI[0], FF -1, Anet:0.000000
             Input port: inst   55:$auto$alumacc.cc:485:replace_alu$1284.genblk1.slice[2].genblk1.carry4, port DI[1], FF -1, Anet:0.000000
             Input port: inst   55:$auto$alumacc.cc:485:replace_alu$1284.genblk1.slice[2].genblk1.carry4, port DI[2], FF -1, Anet:0.000000
             Input port: inst   55:$auto$alumacc.cc:485:replace_alu$1284.genblk1.slice[2].genblk1.carry4, port DI[3], FF -1, Anet:0.000000
             Input port: inst   55:$auto$alumacc.cc:485:replace_alu$1284.genblk1.slice[2].genblk1.carry4, port CYINIT, FF -1, Anet:0.000000
             Input port: inst   56:$auto$alumacc.cc:485:replace_alu$1284.genblk1.slice[3].genblk1.carry4, port DI[0], FF -1, Anet:0.000000
             Input port: inst   56:$auto$alumacc.cc:485:replace_alu$1284.genblk1.slice[3].genblk1.carry4, port DI[1], FF -1, Anet:0.000000
             Input port: inst   56:$auto$alumacc.cc:485:replace_alu$1284.genblk1.slice[3].genblk1.carry4, port DI[2], FF -1, Anet:0.000000
             Input port: inst   56:$auto$alumacc.cc:485:replace_alu$1284.genblk1.slice[3].genblk1.carry4, port DI[3], FF -1, Anet:0.000000
             Input port: inst   56:$auto$alumacc.cc:485:replace_alu$1284.genblk1.slice[3].genblk1.carry4, port CYINIT, FF -1, Anet:0.000000
             Input port: inst   57:$auto$alumacc.cc:485:replace_alu$1284.genblk1.slice[4].genblk1.carry4, port DI[0], FF -1, Anet:0.000000
             Input port: inst   57:$auto$alumacc.cc:485:replace_alu$1284.genblk1.slice[4].genblk1.carry4, port DI[1], FF -1, Anet:0.000000
             Input port: inst   57:$auto$alumacc.cc:485:replace_alu$1284.genblk1.slice[4].genblk1.carry4, port DI[2], FF -1, Anet:0.000000
             Input port: inst   57:$auto$alumacc.cc:485:replace_alu$1284.genblk1.slice[4].genblk1.carry4, port DI[3], FF -1, Anet:0.000000
             Input port: inst   57:$auto$alumacc.cc:485:replace_alu$1284.genblk1.slice[4].genblk1.carry4, port CYINIT, FF -1, Anet:0.000000
             Input port: inst   58:$auto$alumacc.cc:485:replace_alu$1284.genblk1.slice[5].genblk1.carry4, port DI[0], FF -1, Anet:0.000000
             Input port: inst   58:$auto$alumacc.cc:485:replace_alu$1284.genblk1.slice[5].genblk1.carry4, port DI[1], FF -1, Anet:0.000000
             Input port: inst   58:$auto$alumacc.cc:485:replace_alu$1284.genblk1.slice[5].genblk1.carry4, port DI[2], FF -1, Anet:0.000000
             Input port: inst   58:$auto$alumacc.cc:485:replace_alu$1284.genblk1.slice[5].genblk1.carry4, port DI[3], FF -1, Anet:0.000000
             Input port: inst   58:$auto$alumacc.cc:485:replace_alu$1284.genblk1.slice[5].genblk1.carry4, port CYINIT, FF -1, Anet:0.000000
             Input port: inst   95:g_95_o_y_motor_0_obuf, port I  , FF -1, Anet:0.000000
             Input port: inst   96:g_96_o_y_motor_1_obuf, port I  , FF -1, Anet:0.000000
             Input port: inst   97:g_97_o_y_motor_2_obuf, port I  , FF -1, Anet:0.000000
             Input port: inst   98:g_98_o_y_motor_3_obuf, port I  , FF -1, Anet:0.000000
             Input port: inst   99:g_99_o_z_motor_0_obuf, port I  , FF -1, Anet:0.000000
             Input port: inst  100:g_100_o_z_motor_1_obuf, port I  , FF -1, Anet:0.000000
             Input port: inst  101:g_101_o_z_motor_2_obuf, port I  , FF -1, Anet:0.000000
             Input port: inst  102:g_102_o_z_motor_3_obuf, port I  , FF -1, Anet:0.000000
    net 2:i_y_dir, don't route: 1, ignore timing: 0, Anet:0.000000, Clock domain -1, Clock synchronizer: 0
            Output port: inst    4:   i_y_dir, port O, Anet:0.000000
    net 3:i_y_step, don't route: 1, ignore timing: 0, Anet:0.000000, Clock domain -1, Clock synchronizer: 0
            Output port: inst    5:  i_y_step, port O, Anet:0.000000
    net 4:i_z_dir, don't route: 1, ignore timing: 0, Anet:0.000000, Clock domain -1, Clock synchronizer: 0
            Output port: inst    6:   i_z_dir, port O, Anet:0.000000
    net 5:i_z_step, don't route: 1, ignore timing: 0, Anet:0.000000, Clock domain -1, Clock synchronizer: 0
            Output port: inst    7:  i_z_step, port O, Anet:0.000000
    net 6:i_rst, don't route: 0, ignore timing: 1, Anet:0.000000, Clock domain -1, Clock synchronizer: 0
            Output port: inst   87:g_87_i_rst_ibuf, port O, Anet:0.000000
             Input port: inst   59:$auto$ff.cc:266:slice$1825, port CLR, FF -1, Anet:0.000000
             Input port: inst   60:$auto$ff.cc:266:slice$1826, port CLR, FF -1, Anet:0.000000
             Input port: inst   61:$auto$ff.cc:266:slice$1827, port CLR, FF -1, Anet:0.000000
             Input port: inst   62:$auto$ff.cc:266:slice$1828, port CLR, FF -1, Anet:0.000000
             Input port: inst   63:$auto$ff.cc:266:slice$1829, port CLR, FF -1, Anet:0.000000
             Input port: inst   64:$auto$ff.cc:266:slice$1830, port CLR, FF -1, Anet:0.000000
             Input port: inst   65:$auto$ff.cc:266:slice$1831, port CLR, FF -1, Anet:0.000000
             Input port: inst   66:$auto$ff.cc:266:slice$1832, port CLR, FF -1, Anet:0.000000
             Input port: inst   67:$auto$ff.cc:266:slice$1833, port CLR, FF -1, Anet:0.000000
             Input port: inst   68:$auto$ff.cc:266:slice$1834, port CLR, FF -1, Anet:0.000000
             Input port: inst   69:$auto$ff.cc:266:slice$1835, port CLR, FF -1, Anet:0.000000
             Input port: inst   70:$auto$ff.cc:266:slice$1836, port CLR, FF -1, Anet:0.000000
             Input port: inst   71:$auto$ff.cc:266:slice$1837, port CLR, FF -1, Anet:0.000000
             Input port: inst   72:$auto$ff.cc:266:slice$1838, port CLR, FF -1, Anet:0.000000
             Input port: inst   73:$auto$ff.cc:266:slice$1839, port CLR, FF -1, Anet:0.000000
             Input port: inst   74:$auto$ff.cc:266:slice$1840, port CLR, FF -1, Anet:0.000000
             Input port: inst   75:$auto$ff.cc:266:slice$1841, port CLR, FF -1, Anet:0.000000
             Input port: inst   76:$auto$ff.cc:266:slice$1842, port CLR, FF -1, Anet:0.000000
             Input port: inst   77:$auto$ff.cc:266:slice$1843, port CLR, FF -1, Anet:0.000000
             Input port: inst   78:$auto$ff.cc:266:slice$1844, port CLR, FF -1, Anet:0.000000
             Input port: inst   79:$auto$ff.cc:266:slice$1845, port CLR, FF -1, Anet:0.000000
             Input port: inst   80:$auto$ff.cc:266:slice$1846, port CLR, FF -1, Anet:0.000000
             Input port: inst   81:$auto$ff.cc:266:slice$1847, port CLR, FF -1, Anet:0.000000
             Input port: inst   82:$auto$ff.cc:266:slice$1848, port CLR, FF -1, Anet:0.000000
             Input port: inst   83:$auto$ff.cc:266:slice$1849, port CLR, FF -1, Anet:0.000000
             Input port: inst   84:$auto$ff.cc:266:slice$1850, port CLR, FF -1, Anet:0.000000
             Input port: inst   85:$auto$ff.cc:266:slice$1851, port CLR, FF -1, Anet:0.000000
    net 7:i_clk, don't route: 1, ignore timing: 0, Anet:0.000000, Clock domain -1, Clock synchronizer: 0
            Output port: inst   86:g_86_i_clk_ibuf, port O, Anet:0.000000
    net 8:i_x_dir, don't route: 1, ignore timing: 0, Anet:0.000000, Clock domain -1, Clock synchronizer: 0
            Output port: inst    2:   i_x_dir, port O, Anet:0.000000
    net 9:i_x_step, don't route: 1, ignore timing: 0, Anet:0.000000, Clock domain -1, Clock synchronizer: 0
            Output port: inst    3:  i_x_step, port O, Anet:0.000000
    net 10:o_x_motor[1], don't route: 0, ignore timing: 1, Anet:0.000000, Clock domain -1, Clock synchronizer: 0
            Output port: inst   49:$abc$3021$lut\o_x_motor[1], port O  , Anet:0.000000
             Input port: inst   92:g_92_o_x_motor_1_obuf, port I  , FF -1, Anet:0.000000
    net 11:o_x_motor[0], don't route: 0, ignore timing: 1, Anet:0.000000, Clock domain -1, Clock synchronizer: 0
            Output port: inst   48:$abc$3021$lut\o_x_motor[0], port O  , Anet:0.000000
             Input port: inst   91:g_91_o_x_motor_0_obuf, port I  , FF -1, Anet:0.000000
    net 12:o_x_motor[3], don't route: 0, ignore timing: 1, Anet:0.000000, Clock domain -1, Clock synchronizer: 0
            Output port: inst   51:$auto$abc9_ops.cc:1550:reintegrate$3023, port O  , Anet:0.000000
             Input port: inst   94:g_94_o_x_motor_3_obuf, port I  , FF -1, Anet:0.000000
    net 13:o_x_motor[2], don't route: 0, ignore timing: 1, Anet:0.000000, Clock domain -1, Clock synchronizer: 0
            Output port: inst   50:$abc$3021$lut\o_x_motor[2], port O  , Anet:0.000000
             Input port: inst   93:g_93_o_x_motor_2_obuf, port I  , FF -1, Anet:0.000000
    net 14:o_status_led, don't route: 0, ignore timing: 1, Anet:0.595568, Clock domain -1, Clock synchronizer: 0
            Output port: inst   47:$abc$3021$lut\o_status_led, port O  , Anet:0.595568
             Input port: inst   59:$auto$ff.cc:266:slice$1825, port CE , FF -1, Anet:0.595568
             Input port: inst   60:$auto$ff.cc:266:slice$1826, port CE , FF -1, Anet:0.595568
             Input port: inst   61:$auto$ff.cc:266:slice$1827, port CE , FF -1, Anet:0.595568
             Input port: inst   90:g_90_o_status_led_obuf, port I  , FF -1, Anet:0.000000
    net 15:$techmap2176$auto$ff.cc:266:slice$1847.D, don't route: 0, ignore timing: 0, Anet:0.719333, Clock domain 7, Clock synchronizer: 0
            Output port: inst   57:$auto$alumacc.cc:485:replace_alu$1284.genblk1.slice[4].genblk1.carry4, port O [3], Anet:0.719333
             Input port: inst   81:$auto$ff.cc:266:slice$1847, port D  , FF -1, Anet:0.719333
    net 16:$abc$3021$aiger3020$106, don't route: 0, ignore timing: 0, Anet:1.000000, Clock domain 7, Clock synchronizer: 0
            Output port: inst   57:$auto$alumacc.cc:485:replace_alu$1284.genblk1.slice[4].genblk1.carry4, port CO[3], Anet:1.000000
             Input port: inst   58:$auto$alumacc.cc:485:replace_alu$1284.genblk1.slice[5].genblk1.carry4, port CI   , FF -1, Anet:1.000000
    net 17:$abc$3021$aiger3020$103, don't route: 1, ignore timing: 0, Anet:0.000000, Clock domain 7, Clock synchronizer: 0
            Output port: inst   57:$auto$alumacc.cc:485:replace_alu$1284.genblk1.slice[4].genblk1.carry4, port CO[0], Anet:0.000000
    net 18:$abc$3021$aiger3020$105, don't route: 1, ignore timing: 0, Anet:0.000000, Clock domain 7, Clock synchronizer: 0
            Output port: inst   57:$auto$alumacc.cc:485:replace_alu$1284.genblk1.slice[4].genblk1.carry4, port CO[2], Anet:0.000000
    net 19:$abc$3021$aiger3020$104, don't route: 1, ignore timing: 0, Anet:0.000000, Clock domain 7, Clock synchronizer: 0
            Output port: inst   57:$auto$alumacc.cc:485:replace_alu$1284.genblk1.slice[4].genblk1.carry4, port CO[1], Anet:0.000000
    net 20:$abc$3021$aiger3020$68, don't route: 1, ignore timing: 0, Anet:0.000000, Clock domain 7, Clock synchronizer: 0
            Output port: inst   54:$auto$alumacc.cc:485:replace_alu$1284.genblk1.slice[1].genblk1.carry4, port CO[1], Anet:0.000000
    net 21:$abc$3021$aiger3020$67, don't route: 1, ignore timing: 0, Anet:0.000000, Clock domain 7, Clock synchronizer: 0
            Output port: inst   54:$auto$alumacc.cc:485:replace_alu$1284.genblk1.slice[1].genblk1.carry4, port CO[0], Anet:0.000000
    net 22:$abc$3021$aiger3020$58, don't route: 0, ignore timing: 0, Anet:1.000000, Clock domain 7, Clock synchronizer: 0
            Output port: inst   53:$auto$alumacc.cc:485:replace_alu$1284.genblk1.slice[0].genblk1.carry4, port CO[3], Anet:1.000000
             Input port: inst   54:$auto$alumacc.cc:485:replace_alu$1284.genblk1.slice[1].genblk1.carry4, port CI   , FF -1, Anet:1.000000
    net 23:$abc$3021$aiger3020$56, don't route: 1, ignore timing: 0, Anet:0.000000, Clock domain 7, Clock synchronizer: 0
            Output port: inst   53:$auto$alumacc.cc:485:replace_alu$1284.genblk1.slice[0].genblk1.carry4, port CO[1], Anet:0.000000
    net 24:$abc$3021$aiger3020$55, don't route: 1, ignore timing: 0, Anet:0.000000, Clock domain 7, Clock synchronizer: 0
            Output port: inst   53:$auto$alumacc.cc:485:replace_alu$1284.genblk1.slice[0].genblk1.carry4, port CO[0], Anet:0.000000
    net 25:$abc$3021$aiger3020$57, don't route: 1, ignore timing: 0, Anet:0.000000, Clock domain 7, Clock synchronizer: 0
            Output port: inst   53:$auto$alumacc.cc:485:replace_alu$1284.genblk1.slice[0].genblk1.carry4, port CO[2], Anet:0.000000
    net 26:$abc$3021$aiger3020$51, don't route: 1, ignore timing: 0, Anet:0.000000, Clock domain 7, Clock synchronizer: 0
            Output port: inst   53:$auto$alumacc.cc:485:replace_alu$1284.genblk1.slice[0].genblk1.carry4, port O [0], Anet:0.000000
    net 27:$abc$3021$aiger3020$81, don't route: 1, ignore timing: 0, Anet:0.000000, Clock domain 7, Clock synchronizer: 0
            Output port: inst   55:$auto$alumacc.cc:485:replace_alu$1284.genblk1.slice[2].genblk1.carry4, port CO[2], Anet:0.000000
    net 28:$abc$3021$aiger3020$79, don't route: 1, ignore timing: 0, Anet:0.000000, Clock domain 7, Clock synchronizer: 0
            Output port: inst   55:$auto$alumacc.cc:485:replace_alu$1284.genblk1.slice[2].genblk1.carry4, port CO[0], Anet:0.000000
    net 29:$abc$3021$aiger3020$80, don't route: 1, ignore timing: 0, Anet:0.000000, Clock domain 7, Clock synchronizer: 0
            Output port: inst   55:$auto$alumacc.cc:485:replace_alu$1284.genblk1.slice[2].genblk1.carry4, port CO[1], Anet:0.000000
    net 30:$abc$3021$aiger3020$69, don't route: 1, ignore timing: 0, Anet:0.000000, Clock domain 7, Clock synchronizer: 0
            Output port: inst   54:$auto$alumacc.cc:485:replace_alu$1284.genblk1.slice[1].genblk1.carry4, port CO[2], Anet:0.000000
    net 31:$abc$3021$aiger3020$70, don't route: 0, ignore timing: 0, Anet:1.000000, Clock domain 7, Clock synchronizer: 0
            Output port: inst   54:$auto$alumacc.cc:485:replace_alu$1284.genblk1.slice[1].genblk1.carry4, port CO[3], Anet:1.000000
             Input port: inst   55:$auto$alumacc.cc:485:replace_alu$1284.genblk1.slice[2].genblk1.carry4, port CI   , FF -1, Anet:1.000000
    net 32:$abc$3021$aiger3020$118, don't route: 1, ignore timing: 0, Anet:0.000000, Clock domain 7, Clock synchronizer: 0
            Output port: inst   58:$auto$alumacc.cc:485:replace_alu$1284.genblk1.slice[5].genblk1.carry4, port CO[3], Anet:0.000000
    net 33:$abc$3021$aiger3020$117, don't route: 1, ignore timing: 0, Anet:0.000000, Clock domain 7, Clock synchronizer: 0
            Output port: inst   58:$auto$alumacc.cc:485:replace_alu$1284.genblk1.slice[5].genblk1.carry4, port CO[2], Anet:0.000000
    net 34:$abc$3021$aiger3020$116, don't route: 1, ignore timing: 0, Anet:0.000000, Clock domain 7, Clock synchronizer: 0
            Output port: inst   58:$auto$alumacc.cc:485:replace_alu$1284.genblk1.slice[5].genblk1.carry4, port CO[1], Anet:0.000000
    net 35:$abc$3021$aiger3020$115, don't route: 1, ignore timing: 0, Anet:0.000000, Clock domain 7, Clock synchronizer: 0
            Output port: inst   58:$auto$alumacc.cc:485:replace_alu$1284.genblk1.slice[5].genblk1.carry4, port CO[0], Anet:0.000000
    net 36:$abc$3021$aiger3020$46, don't route: 1, ignore timing: 0, Anet:0.000000, Clock domain 7, Clock synchronizer: 0
            Output port: inst   52:$auto$alumacc.cc:485:replace_alu$1281.genblk1.slice[0].genblk1.carry4, port CO[3], Anet:0.000000
    net 37:$abc$3021$aiger3020$47b, don't route: 0, ignore timing: 0, Anet:1.000000, Clock domain 7, Clock synchronizer: 0
            Output port: inst   46:$abc$3021$lut$not$aiger3020$47, port O  , Anet:1.000000
             Input port: inst   53:$auto$alumacc.cc:485:replace_alu$1284.genblk1.slice[0].genblk1.carry4, port S [0], FF -1, Anet:1.000000
    net 38:$abc$3021$aiger3020$43, don't route: 1, ignore timing: 0, Anet:0.000000, Clock domain 7, Clock synchronizer: 0
            Output port: inst   52:$auto$alumacc.cc:485:replace_alu$1281.genblk1.slice[0].genblk1.carry4, port CO[0], Anet:0.000000
    net 39:$abc$3021$aiger3020$45, don't route: 1, ignore timing: 0, Anet:0.000000, Clock domain 7, Clock synchronizer: 0
            Output port: inst   52:$auto$alumacc.cc:485:replace_alu$1281.genblk1.slice[0].genblk1.carry4, port CO[2], Anet:0.000000
    net 40:$abc$3021$aiger3020$39, don't route: 1, ignore timing: 0, Anet:0.000000, Clock domain 7, Clock synchronizer: 0
            Output port: inst   52:$auto$alumacc.cc:485:replace_alu$1281.genblk1.slice[0].genblk1.carry4, port O [0], Anet:0.000000
    net 41:$abc$3021$aiger3020$92, don't route: 1, ignore timing: 0, Anet:0.000000, Clock domain 7, Clock synchronizer: 0
            Output port: inst   56:$auto$alumacc.cc:485:replace_alu$1284.genblk1.slice[3].genblk1.carry4, port CO[1], Anet:0.000000
    net 42:$abc$3021$aiger3020$91, don't route: 1, ignore timing: 0, Anet:0.000000, Clock domain 7, Clock synchronizer: 0
            Output port: inst   56:$auto$alumacc.cc:485:replace_alu$1284.genblk1.slice[3].genblk1.carry4, port CO[0], Anet:0.000000
    net 43:$abc$3021$aiger3020$82, don't route: 0, ignore timing: 0, Anet:1.000000, Clock domain 7, Clock synchronizer: 0
            Output port: inst   55:$auto$alumacc.cc:485:replace_alu$1284.genblk1.slice[2].genblk1.carry4, port CO[3], Anet:1.000000
             Input port: inst   56:$auto$alumacc.cc:485:replace_alu$1284.genblk1.slice[3].genblk1.carry4, port CI   , FF -1, Anet:1.000000
    net 44:$abc$3021$aiger3020$94, don't route: 0, ignore timing: 0, Anet:1.000000, Clock domain 7, Clock synchronizer: 0
            Output port: inst   56:$auto$alumacc.cc:485:replace_alu$1284.genblk1.slice[3].genblk1.carry4, port CO[3], Anet:1.000000
             Input port: inst   57:$auto$alumacc.cc:485:replace_alu$1284.genblk1.slice[4].genblk1.carry4, port CI   , FF -1, Anet:1.000000
    net 45:$abc$3021$aiger3020$93, don't route: 1, ignore timing: 0, Anet:0.000000, Clock domain 7, Clock synchronizer: 0
            Output port: inst   56:$auto$alumacc.cc:485:replace_alu$1284.genblk1.slice[3].genblk1.carry4, port CO[2], Anet:0.000000
    net 46:$techmap2196$auto$ff.cc:266:slice$1838.D, don't route: 0, ignore timing: 0, Anet:0.523564, Clock domain 7, Clock synchronizer: 0
            Output port: inst   55:$auto$alumacc.cc:485:replace_alu$1284.genblk1.slice[2].genblk1.carry4, port O [2], Anet:0.523564
             Input port: inst   72:$auto$ff.cc:266:slice$1838, port D  , FF -1, Anet:0.523564
    net 47:$auto$alumacc.cc:485:replace_alu$1281.Y[0], don't route: 0, ignore timing: 0, Anet:0.327795, Clock domain 7, Clock synchronizer: 0
            Output port: inst   45:$abc$3021$lut$not$aiger3020$36, port O  , Anet:0.327795
             Input port: inst   52:$auto$alumacc.cc:485:replace_alu$1281.genblk1.slice[0].genblk1.carry4, port S [0], FF -1, Anet:0.327795
             Input port: inst   59:$auto$ff.cc:266:slice$1825, port D  , FF -1, Anet:0.229902
    net 48:$auto$alumacc.cc:485:replace_alu$1281.Y[1], don't route: 0, ignore timing: 0, Anet:0.327795, Clock domain 7, Clock synchronizer: 0
            Output port: inst   52:$auto$alumacc.cc:485:replace_alu$1281.genblk1.slice[0].genblk1.carry4, port O [1], Anet:0.327795
             Input port: inst   60:$auto$ff.cc:266:slice$1826, port D  , FF -1, Anet:0.327795
    net 49:$auto$alumacc.cc:485:replace_alu$1281.Y[2], don't route: 0, ignore timing: 0, Anet:0.327795, Clock domain 7, Clock synchronizer: 0
            Output port: inst   52:$auto$alumacc.cc:485:replace_alu$1281.genblk1.slice[0].genblk1.carry4, port O [2], Anet:0.327795
             Input port: inst   61:$auto$ff.cc:266:slice$1827, port D  , FF -1, Anet:0.327795
    net 50:$techmap2198$auto$ff.cc:266:slice$1830.D, don't route: 0, ignore timing: 0, Anet:0.327795, Clock domain 7, Clock synchronizer: 0
            Output port: inst   53:$auto$alumacc.cc:485:replace_alu$1284.genblk1.slice[0].genblk1.carry4, port O [2], Anet:0.327795
             Input port: inst   64:$auto$ff.cc:266:slice$1830, port D  , FF -1, Anet:0.327795
    net 51:$techmap2178$auto$ff.cc:266:slice$1846.D, don't route: 0, ignore timing: 0, Anet:0.902116, Clock domain 7, Clock synchronizer: 0
            Output port: inst   30:$abc$3021$lut$0\clk_div[23:0][18], port O  , Anet:0.902116
             Input port: inst   80:$auto$ff.cc:266:slice$1846, port D  , FF -1, Anet:0.902116
    net 52:$techmap3074$abc$3021$lut$0clk_div[23:0][21].A[3], don't route: 0, ignore timing: 0, Anet:1.000000, Clock domain 7, Clock synchronizer: 0
            Output port: inst   58:$auto$alumacc.cc:485:replace_alu$1284.genblk1.slice[5].genblk1.carry4, port O [1], Anet:1.000000
             Input port: inst   32:$abc$3021$lut$0\clk_div[23:0][21], port I3 , FF -1, Anet:1.000000
    net 53:$techmap3080$auto$abc9_ops.cc:1550:reintegrate$3023.A[2], don't route: 0, ignore timing: 0, Anet:0.000000, Clock domain 7, Clock synchronizer: 0
            Output port: inst   52:$auto$alumacc.cc:485:replace_alu$1281.genblk1.slice[0].genblk1.carry4, port O [3], Anet:0.000000
             Input port: inst   51:$auto$abc9_ops.cc:1550:reintegrate$3023, port I2 , FF -1, Anet:0.000000
    net 54:$techmap2201$auto$ff.cc:266:slice$1835.D, don't route: 0, ignore timing: 0, Anet:0.425680, Clock domain 7, Clock synchronizer: 0
            Output port: inst   54:$auto$alumacc.cc:485:replace_alu$1284.genblk1.slice[1].genblk1.carry4, port O [3], Anet:0.425680
             Input port: inst   69:$auto$ff.cc:266:slice$1835, port D  , FF -1, Anet:0.425680
    net 55:$techmap2197$auto$ff.cc:266:slice$1839.D, don't route: 0, ignore timing: 0, Anet:0.706347, Clock domain 7, Clock synchronizer: 0
            Output port: inst   26:$abc$3021$lut$0\clk_div[23:0][11], port O  , Anet:0.706347
             Input port: inst   73:$auto$ff.cc:266:slice$1839, port D  , FF -1, Anet:0.706347
    net 56:$techmap3066$abc$3021$lut$0clk_div[23:0][8].A[0], don't route: 0, ignore timing: 0, Anet:0.706347, Clock domain 7, Clock synchronizer: 0
            Output port: inst   55:$auto$alumacc.cc:485:replace_alu$1284.genblk1.slice[2].genblk1.carry4, port O [0], Anet:0.706347
             Input port: inst   34:$abc$3021$lut$0\clk_div[23:0][8], port I0 , FF -1, Anet:0.706347
    net 57:$techmap3069$abc$3021$lut$0clk_div[23:0][12].A[0], don't route: 0, ignore timing: 0, Anet:0.804231, Clock domain 7, Clock synchronizer: 0
            Output port: inst   56:$auto$alumacc.cc:485:replace_alu$1284.genblk1.slice[3].genblk1.carry4, port O [0], Anet:0.804231
             Input port: inst   27:$abc$3021$lut$0\clk_div[23:0][12], port I0 , FF -1, Anet:0.804231
    net 58:$techmap2200$auto$ff.cc:266:slice$1833.D, don't route: 0, ignore timing: 0, Anet:0.425680, Clock domain 7, Clock synchronizer: 0
            Output port: inst   54:$auto$alumacc.cc:485:replace_alu$1284.genblk1.slice[1].genblk1.carry4, port O [1], Anet:0.425680
             Input port: inst   67:$auto$ff.cc:266:slice$1833, port D  , FF -1, Anet:0.425680
    net 59:$techmap2191$auto$ff.cc:266:slice$1828.D, don't route: 0, ignore timing: 0, Anet:0.595568, Clock domain 7, Clock synchronizer: 0
            Output port: inst   25:$abc$3021$lut$0\clk_div[23:0][0], port O  , Anet:0.595568
             Input port: inst   62:$auto$ff.cc:266:slice$1828, port D  , FF -1, Anet:0.595568
    net 60:$techmap2184$auto$ff.cc:266:slice$1829.D, don't route: 0, ignore timing: 0, Anet:0.327795, Clock domain 7, Clock synchronizer: 0
            Output port: inst   53:$auto$alumacc.cc:485:replace_alu$1284.genblk1.slice[0].genblk1.carry4, port O [1], Anet:0.327795
             Input port: inst   63:$auto$ff.cc:266:slice$1829, port D  , FF -1, Anet:0.327795
    net 61:$techmap2194$auto$ff.cc:266:slice$1836.D, don't route: 0, ignore timing: 0, Anet:0.706347, Clock domain 7, Clock synchronizer: 0
            Output port: inst   34:$abc$3021$lut$0\clk_div[23:0][8], port O  , Anet:0.706347
             Input port: inst   70:$auto$ff.cc:266:slice$1836, port D  , FF -1, Anet:0.706347
    net 62:$techmap2179$auto$ff.cc:266:slice$1843.D, don't route: 0, ignore timing: 0, Anet:0.621448, Clock domain 7, Clock synchronizer: 0
            Output port: inst   56:$auto$alumacc.cc:485:replace_alu$1284.genblk1.slice[3].genblk1.carry4, port O [3], Anet:0.621448
             Input port: inst   77:$auto$ff.cc:266:slice$1843, port D  , FF -1, Anet:0.621448
    net 63:$techmap2182$auto$ff.cc:266:slice$1849.D, don't route: 0, ignore timing: 0, Anet:1.000000, Clock domain 7, Clock synchronizer: 0
            Output port: inst   32:$abc$3021$lut$0\clk_div[23:0][21], port O  , Anet:1.000000
             Input port: inst   83:$auto$ff.cc:266:slice$1849, port D  , FF -1, Anet:1.000000
    net 64:$techmap2183$auto$ff.cc:266:slice$1850.D, don't route: 0, ignore timing: 0, Anet:0.817217, Clock domain 7, Clock synchronizer: 0
            Output port: inst   58:$auto$alumacc.cc:485:replace_alu$1284.genblk1.slice[5].genblk1.carry4, port O [2], Anet:0.817217
             Input port: inst   84:$auto$ff.cc:266:slice$1850, port D  , FF -1, Anet:0.817217
    net 65:$techmap2181$auto$ff.cc:266:slice$1845.D, don't route: 0, ignore timing: 0, Anet:0.902116, Clock domain 7, Clock synchronizer: 0
            Output port: inst   29:$abc$3021$lut$0\clk_div[23:0][17], port O  , Anet:0.902116
             Input port: inst   79:$auto$ff.cc:266:slice$1845, port D  , FF -1, Anet:0.902116
    net 66:$techmap2193$auto$ff.cc:266:slice$1841.D, don't route: 0, ignore timing: 0, Anet:0.621448, Clock domain 7, Clock synchronizer: 0
            Output port: inst   56:$auto$alumacc.cc:485:replace_alu$1284.genblk1.slice[3].genblk1.carry4, port O [1], Anet:0.621448
             Input port: inst   75:$auto$ff.cc:266:slice$1841, port D  , FF -1, Anet:0.621448
    net 67:$techmap2202$auto$ff.cc:266:slice$1831.D, don't route: 0, ignore timing: 0, Anet:0.327795, Clock domain 7, Clock synchronizer: 0
            Output port: inst   53:$auto$alumacc.cc:485:replace_alu$1284.genblk1.slice[0].genblk1.carry4, port O [3], Anet:0.327795
             Input port: inst   65:$auto$ff.cc:266:slice$1831, port D  , FF -1, Anet:0.327795
    net 68:$techmap2192$auto$ff.cc:266:slice$1840.D, don't route: 0, ignore timing: 0, Anet:0.804231, Clock domain 7, Clock synchronizer: 0
            Output port: inst   27:$abc$3021$lut$0\clk_div[23:0][12], port O  , Anet:0.804231
             Input port: inst   74:$auto$ff.cc:266:slice$1840, port D  , FF -1, Anet:0.804231
    net 69:$techmap2188$auto$ff.cc:266:slice$1842.D, don't route: 0, ignore timing: 0, Anet:0.621448, Clock domain 7, Clock synchronizer: 0
            Output port: inst   56:$auto$alumacc.cc:485:replace_alu$1284.genblk1.slice[3].genblk1.carry4, port O [2], Anet:0.621448
             Input port: inst   76:$auto$ff.cc:266:slice$1842, port D  , FF -1, Anet:0.621448
    net 70:$techmap2187$auto$ff.cc:266:slice$1837.D, don't route: 0, ignore timing: 0, Anet:0.706347, Clock domain 7, Clock synchronizer: 0
            Output port: inst   35:$abc$3021$lut$0\clk_div[23:0][9], port O  , Anet:0.706347
             Input port: inst   71:$auto$ff.cc:266:slice$1837, port D  , FF -1, Anet:0.706347
    net 71:$techmap2189$auto$ff.cc:266:slice$1851.D, don't route: 0, ignore timing: 0, Anet:1.000000, Clock domain 7, Clock synchronizer: 0
            Output port: inst   33:$abc$3021$lut$0\clk_div[23:0][23], port O  , Anet:1.000000
             Input port: inst   85:$auto$ff.cc:266:slice$1851, port D  , FF -1, Anet:1.000000
    net 72:$techmap2180$auto$ff.cc:266:slice$1848.D, don't route: 0, ignore timing: 0, Anet:1.000000, Clock domain 7, Clock synchronizer: 0
            Output port: inst   31:$abc$3021$lut$0\clk_div[23:0][20], port O  , Anet:1.000000
             Input port: inst   82:$auto$ff.cc:266:slice$1848, port D  , FF -1, Anet:1.000000
    net 73:$techmap3060$abc$3021$lut$aiger3020$125.A[0], don't route: 0, ignore timing: 0, Anet:0.595568, Clock domain 7, Clock synchronizer: 0
            Output port: inst   85:$auto$ff.cc:266:slice$1851, port Q, Anet:0.595568
             Input port: inst   40:$abc$3021$lut$aiger3020$125, port I0 , FF -1, Anet:0.595568
             Input port: inst   58:$auto$alumacc.cc:485:replace_alu$1284.genblk1.slice[5].genblk1.carry4, port S [3], FF -1, Anet:0.327786
    net 74:$techmap3060$abc$3021$lut$aiger3020$125.A[1], don't route: 0, ignore timing: 0, Anet:0.595568, Clock domain 7, Clock synchronizer: 0
            Output port: inst   84:$auto$ff.cc:266:slice$1850, port Q, Anet:0.595568
             Input port: inst   40:$abc$3021$lut$aiger3020$125, port I1 , FF -1, Anet:0.595568
             Input port: inst   58:$auto$alumacc.cc:485:replace_alu$1284.genblk1.slice[5].genblk1.carry4, port S [2], FF -1, Anet:0.327786
    net 75:$techmap3059$abc$3021$lut$aiger3020$124.A[0], don't route: 0, ignore timing: 0, Anet:0.595568, Clock domain 7, Clock synchronizer: 0
            Output port: inst   83:$auto$ff.cc:266:slice$1849, port Q, Anet:0.595568
             Input port: inst   39:$abc$3021$lut$aiger3020$124, port I0 , FF -1, Anet:0.595568
             Input port: inst   58:$auto$alumacc.cc:485:replace_alu$1284.genblk1.slice[5].genblk1.carry4, port S [1], FF -1, Anet:0.327786
    net 76:$techmap3059$abc$3021$lut$aiger3020$124.A[1], don't route: 0, ignore timing: 0, Anet:0.595568, Clock domain 7, Clock synchronizer: 0
            Output port: inst   82:$auto$ff.cc:266:slice$1848, port Q, Anet:0.595568
             Input port: inst   39:$abc$3021$lut$aiger3020$124, port I1 , FF -1, Anet:0.595568
             Input port: inst   58:$auto$alumacc.cc:485:replace_alu$1284.genblk1.slice[5].genblk1.carry4, port S [0], FF -1, Anet:0.327786
    net 77:$techmap3057$abc$3021$lut$aiger3020$122.A[0], don't route: 0, ignore timing: 0, Anet:0.621439, Clock domain 7, Clock synchronizer: 0
            Output port: inst   70:$auto$ff.cc:266:slice$1836, port Q, Anet:0.621439
             Input port: inst   37:$abc$3021$lut$aiger3020$122, port I0 , FF -1, Anet:0.595568
             Input port: inst   55:$auto$alumacc.cc:485:replace_alu$1284.genblk1.slice[2].genblk1.carry4, port S [0], FF -1, Anet:0.621439
    net 78:$techmap3057$abc$3021$lut$aiger3020$122.A[1], don't route: 0, ignore timing: 0, Anet:0.621439, Clock domain 7, Clock synchronizer: 0
            Output port: inst   71:$auto$ff.cc:266:slice$1837, port Q, Anet:0.621439
             Input port: inst   37:$abc$3021$lut$aiger3020$122, port I1 , FF -1, Anet:0.595568
             Input port: inst   55:$auto$alumacc.cc:485:replace_alu$1284.genblk1.slice[2].genblk1.carry4, port S [1], FF -1, Anet:0.621439
    net 79:$techmap3056$abc$3021$lut$aiger3020$121.A[2], don't route: 0, ignore timing: 0, Anet:0.719324, Clock domain 7, Clock synchronizer: 0
            Output port: inst   66:$auto$ff.cc:266:slice$1832, port Q, Anet:0.719324
             Input port: inst   36:$abc$3021$lut$aiger3020$121, port I2 , FF -1, Anet:0.595568
             Input port: inst   54:$auto$alumacc.cc:485:replace_alu$1284.genblk1.slice[1].genblk1.carry4, port S [0], FF -1, Anet:0.719324
    net 80:$techmap3056$abc$3021$lut$aiger3020$121.A[3], don't route: 0, ignore timing: 0, Anet:0.719324, Clock domain 7, Clock synchronizer: 0
            Output port: inst   68:$auto$ff.cc:266:slice$1834, port Q, Anet:0.719324
             Input port: inst   36:$abc$3021$lut$aiger3020$121, port I3 , FF -1, Anet:0.595568
             Input port: inst   54:$auto$alumacc.cc:485:replace_alu$1284.genblk1.slice[1].genblk1.carry4, port S [2], FF -1, Anet:0.719324
    net 81:$techmap3056$abc$3021$lut$aiger3020$121.A[0], don't route: 0, ignore timing: 0, Anet:0.719324, Clock domain 7, Clock synchronizer: 0
            Output port: inst   69:$auto$ff.cc:266:slice$1835, port Q, Anet:0.719324
             Input port: inst   36:$abc$3021$lut$aiger3020$121, port I0 , FF -1, Anet:0.595568
             Input port: inst   54:$auto$alumacc.cc:485:replace_alu$1284.genblk1.slice[1].genblk1.carry4, port S [3], FF -1, Anet:0.719324
    net 82:$techmap3056$abc$3021$lut$aiger3020$121.A[1], don't route: 0, ignore timing: 0, Anet:0.719324, Clock domain 7, Clock synchronizer: 0
            Output port: inst   67:$auto$ff.cc:266:slice$1833, port Q, Anet:0.719324
             Input port: inst   36:$abc$3021$lut$aiger3020$121, port I1 , FF -1, Anet:0.595568
             Input port: inst   54:$auto$alumacc.cc:485:replace_alu$1284.genblk1.slice[1].genblk1.carry4, port S [1], FF -1, Anet:0.719324
    net 83:$techmap3058$abc$3021$lut$aiger3020$123.A[0], don't route: 0, ignore timing: 0, Anet:0.621439, Clock domain 7, Clock synchronizer: 0
            Output port: inst   73:$auto$ff.cc:266:slice$1839, port Q, Anet:0.621439
             Input port: inst   38:$abc$3021$lut$aiger3020$123, port I0 , FF -1, Anet:0.595568
             Input port: inst   55:$auto$alumacc.cc:485:replace_alu$1284.genblk1.slice[2].genblk1.carry4, port S [3], FF -1, Anet:0.621439
    net 84:$techmap3058$abc$3021$lut$aiger3020$123.A[1], don't route: 0, ignore timing: 0, Anet:0.621439, Clock domain 7, Clock synchronizer: 0
            Output port: inst   72:$auto$ff.cc:266:slice$1838, port Q, Anet:0.621439
             Input port: inst   38:$abc$3021$lut$aiger3020$123, port I1 , FF -1, Anet:0.595568
             Input port: inst   55:$auto$alumacc.cc:485:replace_alu$1284.genblk1.slice[2].genblk1.carry4, port S [2], FF -1, Anet:0.621439
    net 85:$techmap3071$abc$3021$lut$0clk_div[23:0][17].A[3], don't route: 0, ignore timing: 0, Anet:0.902116, Clock domain 7, Clock synchronizer: 0
            Output port: inst   57:$auto$alumacc.cc:485:replace_alu$1284.genblk1.slice[4].genblk1.carry4, port O [1], Anet:0.902116
             Input port: inst   29:$abc$3021$lut$0\clk_div[23:0][17], port I3 , FF -1, Anet:0.902116
    net 86:$techmap3061$abc$3021$lut$aiger3020$129.A[4], don't route: 0, ignore timing: 0, Anet:0.595568, Clock domain 7, Clock synchronizer: 0
            Output port: inst   36:$abc$3021$lut$aiger3020$121, port O  , Anet:0.595568
             Input port: inst   41:$abc$3021$lut$aiger3020$129, port I4 , FF -1, Anet:0.595568
    net 87:$techmap3061$abc$3021$lut$aiger3020$129.A[2], don't route: 0, ignore timing: 0, Anet:0.817208, Clock domain 7, Clock synchronizer: 0
            Output port: inst   63:$auto$ff.cc:266:slice$1829, port Q, Anet:0.817208
             Input port: inst   41:$abc$3021$lut$aiger3020$129, port I2 , FF -1, Anet:0.412785
             Input port: inst   53:$auto$alumacc.cc:485:replace_alu$1284.genblk1.slice[0].genblk1.carry4, port S [1], FF -1, Anet:0.817208
    net 88:$techmap3061$abc$3021$lut$aiger3020$129.A[0], don't route: 0, ignore timing: 0, Anet:0.817208, Clock domain 7, Clock synchronizer: 0
            Output port: inst   65:$auto$ff.cc:266:slice$1831, port Q, Anet:0.817208
             Input port: inst   41:$abc$3021$lut$aiger3020$129, port I0 , FF -1, Anet:0.412785
             Input port: inst   53:$auto$alumacc.cc:485:replace_alu$1284.genblk1.slice[0].genblk1.carry4, port S [3], FF -1, Anet:0.817208
    net 89:$techmap3061$abc$3021$lut$aiger3020$129.A[1], don't route: 0, ignore timing: 0, Anet:0.817208, Clock domain 7, Clock synchronizer: 0
            Output port: inst   64:$auto$ff.cc:266:slice$1830, port Q, Anet:0.817208
             Input port: inst   41:$abc$3021$lut$aiger3020$129, port I1 , FF -1, Anet:0.412785
             Input port: inst   53:$auto$alumacc.cc:485:replace_alu$1284.genblk1.slice[0].genblk1.carry4, port S [2], FF -1, Anet:0.817208
    net 90:$techmap3062$abc$3021$lut$aiger3020$134.A[2], don't route: 0, ignore timing: 0, Anet:0.523555, Clock domain 7, Clock synchronizer: 0
            Output port: inst   76:$auto$ff.cc:266:slice$1842, port Q, Anet:0.523555
             Input port: inst   42:$abc$3021$lut$aiger3020$134, port I2 , FF -1, Anet:0.412785
             Input port: inst   56:$auto$alumacc.cc:485:replace_alu$1284.genblk1.slice[3].genblk1.carry4, port S [2], FF -1, Anet:0.523555
    net 91:$techmap3062$abc$3021$lut$aiger3020$134.A[3], don't route: 0, ignore timing: 0, Anet:0.523555, Clock domain 7, Clock synchronizer: 0
            Output port: inst   77:$auto$ff.cc:266:slice$1843, port Q, Anet:0.523555
             Input port: inst   42:$abc$3021$lut$aiger3020$134, port I3 , FF -1, Anet:0.412785
             Input port: inst   56:$auto$alumacc.cc:485:replace_alu$1284.genblk1.slice[3].genblk1.carry4, port S [3], FF -1, Anet:0.523555
    net 92:$techmap3062$abc$3021$lut$aiger3020$134.A[0], don't route: 0, ignore timing: 0, Anet:0.523555, Clock domain 7, Clock synchronizer: 0
            Output port: inst   75:$auto$ff.cc:266:slice$1841, port Q, Anet:0.523555
             Input port: inst   42:$abc$3021$lut$aiger3020$134, port I0 , FF -1, Anet:0.412785
             Input port: inst   56:$auto$alumacc.cc:485:replace_alu$1284.genblk1.slice[3].genblk1.carry4, port S [1], FF -1, Anet:0.523555
    net 93:$techmap3062$abc$3021$lut$aiger3020$134.A[1], don't route: 0, ignore timing: 0, Anet:0.523555, Clock domain 7, Clock synchronizer: 0
            Output port: inst   74:$auto$ff.cc:266:slice$1840, port Q, Anet:0.523555
             Input port: inst   42:$abc$3021$lut$aiger3020$134, port I1 , FF -1, Anet:0.412785
             Input port: inst   56:$auto$alumacc.cc:485:replace_alu$1284.genblk1.slice[3].genblk1.carry4, port S [0], FF -1, Anet:0.523555
    net 94:$techmap3062$abc$3021$lut$aiger3020$134.A[4], don't route: 0, ignore timing: 0, Anet:0.595568, Clock domain 7, Clock synchronizer: 0
            Output port: inst   38:$abc$3021$lut$aiger3020$123, port O  , Anet:0.595568
             Input port: inst   42:$abc$3021$lut$aiger3020$134, port I4 , FF -1, Anet:0.595568
    net 95:$techmap3062$abc$3021$lut$aiger3020$134.A[5], don't route: 0, ignore timing: 0, Anet:0.595568, Clock domain 7, Clock synchronizer: 0
            Output port: inst   37:$abc$3021$lut$aiger3020$122, port O  , Anet:0.595568
             Input port: inst   42:$abc$3021$lut$aiger3020$134, port I5 , FF -1, Anet:0.595568
    net 96:$techmap3054$abc$3021$lut$not$aiger3020$36.A, don't route: 0, ignore timing: 0, Anet:0.327795, Clock domain 7, Clock synchronizer: 0
            Output port: inst   59:$auto$ff.cc:266:slice$1825, port Q, Anet:0.327795
             Input port: inst   44:$abc$3021$lut$aiger3020$175, port I1 , FF -1, Anet:0.000000
             Input port: inst   45:$abc$3021$lut$not$aiger3020$36, port I0 , FF -1, Anet:0.327795
    net 97:$techmap3055$abc$3021$lut$not$aiger3020$47.A, don't route: 0, ignore timing: 0, Anet:1.000000, Clock domain 7, Clock synchronizer: 0
            Output port: inst   62:$auto$ff.cc:266:slice$1828, port Q, Anet:1.000000
             Input port: inst   25:$abc$3021$lut$0\clk_div[23:0][0], port I0 , FF -1, Anet:0.229911
             Input port: inst   41:$abc$3021$lut$aiger3020$129, port I3 , FF -1, Anet:0.412794
             Input port: inst   46:$abc$3021$lut$not$aiger3020$47, port I0 , FF -1, Anet:1.000000
    net 98:$techmap3068$abc$3021$lut$0clk_div[23:0][11].A[0], don't route: 0, ignore timing: 0, Anet:0.706347, Clock domain 7, Clock synchronizer: 0
            Output port: inst   55:$auto$alumacc.cc:485:replace_alu$1284.genblk1.slice[2].genblk1.carry4, port O [3], Anet:0.706347
             Input port: inst   26:$abc$3021$lut$0\clk_div[23:0][11], port I0 , FF -1, Anet:0.706347
    net 99:$techmap3064$abc$3021$luto_status_led.A[2], don't route: 0, ignore timing: 0, Anet:0.595568, Clock domain 7, Clock synchronizer: 0
            Output port: inst   41:$abc$3021$lut$aiger3020$129, port O  , Anet:0.595568
             Input port: inst   25:$abc$3021$lut$0\clk_div[23:0][0], port I3 , FF -1, Anet:0.595568
             Input port: inst   26:$abc$3021$lut$0\clk_div[23:0][11], port I3 , FF -1, Anet:0.595568
             Input port: inst   27:$abc$3021$lut$0\clk_div[23:0][12], port I3 , FF -1, Anet:0.595568
             Input port: inst   28:$abc$3021$lut$0\clk_div[23:0][16], port I3 , FF -1, Anet:0.595568
             Input port: inst   29:$abc$3021$lut$0\clk_div[23:0][17], port I2 , FF -1, Anet:0.595568
             Input port: inst   30:$abc$3021$lut$0\clk_div[23:0][18], port I3 , FF -1, Anet:0.595568
             Input port: inst   31:$abc$3021$lut$0\clk_div[23:0][20], port I2 , FF -1, Anet:0.595568
             Input port: inst   32:$abc$3021$lut$0\clk_div[23:0][21], port I2 , FF -1, Anet:0.595568
             Input port: inst   33:$abc$3021$lut$0\clk_div[23:0][23], port I2 , FF -1, Anet:0.595568
             Input port: inst   34:$abc$3021$lut$0\clk_div[23:0][8], port I3 , FF -1, Anet:0.595568
             Input port: inst   35:$abc$3021$lut$0\clk_div[23:0][9], port I3 , FF -1, Anet:0.595568
             Input port: inst   47:$abc$3021$lut\o_status_led, port I2 , FF -1, Anet:0.595568
    net 100:$techmap3064$abc$3021$luto_status_led.A[1], don't route: 0, ignore timing: 0, Anet:0.595568, Clock domain 7, Clock synchronizer: 0
            Output port: inst   42:$abc$3021$lut$aiger3020$134, port O  , Anet:0.595568
             Input port: inst   25:$abc$3021$lut$0\clk_div[23:0][0], port I2 , FF -1, Anet:0.595568
             Input port: inst   26:$abc$3021$lut$0\clk_div[23:0][11], port I2 , FF -1, Anet:0.595568
             Input port: inst   27:$abc$3021$lut$0\clk_div[23:0][12], port I2 , FF -1, Anet:0.595568
             Input port: inst   28:$abc$3021$lut$0\clk_div[23:0][16], port I1 , FF -1, Anet:0.595568
             Input port: inst   29:$abc$3021$lut$0\clk_div[23:0][17], port I1 , FF -1, Anet:0.595568
             Input port: inst   30:$abc$3021$lut$0\clk_div[23:0][18], port I1 , FF -1, Anet:0.595568
             Input port: inst   31:$abc$3021$lut$0\clk_div[23:0][20], port I1 , FF -1, Anet:0.595568
             Input port: inst   32:$abc$3021$lut$0\clk_div[23:0][21], port I1 , FF -1, Anet:0.595568
             Input port: inst   33:$abc$3021$lut$0\clk_div[23:0][23], port I1 , FF -1, Anet:0.595568
             Input port: inst   34:$abc$3021$lut$0\clk_div[23:0][8], port I2 , FF -1, Anet:0.595568
             Input port: inst   35:$abc$3021$lut$0\clk_div[23:0][9], port I2 , FF -1, Anet:0.595568
             Input port: inst   47:$abc$3021$lut\o_status_led, port I1 , FF -1, Anet:0.595568
    net 101:$techmap3064$abc$3021$luto_status_led.A[0], don't route: 0, ignore timing: 0, Anet:0.595568, Clock domain 7, Clock synchronizer: 0
            Output port: inst   43:$abc$3021$lut$aiger3020$139, port O  , Anet:0.595568
             Input port: inst   25:$abc$3021$lut$0\clk_div[23:0][0], port I1 , FF -1, Anet:0.595568
             Input port: inst   26:$abc$3021$lut$0\clk_div[23:0][11], port I1 , FF -1, Anet:0.595568
             Input port: inst   27:$abc$3021$lut$0\clk_div[23:0][12], port I1 , FF -1, Anet:0.595568
             Input port: inst   28:$abc$3021$lut$0\clk_div[23:0][16], port I0 , FF -1, Anet:0.595568
             Input port: inst   29:$abc$3021$lut$0\clk_div[23:0][17], port I0 , FF -1, Anet:0.595568
             Input port: inst   30:$abc$3021$lut$0\clk_div[23:0][18], port I0 , FF -1, Anet:0.595568
             Input port: inst   31:$abc$3021$lut$0\clk_div[23:0][20], port I0 , FF -1, Anet:0.595568
             Input port: inst   32:$abc$3021$lut$0\clk_div[23:0][21], port I0 , FF -1, Anet:0.595568
             Input port: inst   33:$abc$3021$lut$0\clk_div[23:0][23], port I0 , FF -1, Anet:0.595568
             Input port: inst   34:$abc$3021$lut$0\clk_div[23:0][8], port I1 , FF -1, Anet:0.595568
             Input port: inst   35:$abc$3021$lut$0\clk_div[23:0][9], port I1 , FF -1, Anet:0.595568
             Input port: inst   47:$abc$3021$lut\o_status_led, port I0 , FF -1, Anet:0.595568
    net 102:$techmap3067$abc$3021$lut$0clk_div[23:0][9].A[0], don't route: 0, ignore timing: 0, Anet:0.706347, Clock domain 7, Clock synchronizer: 0
            Output port: inst   55:$auto$alumacc.cc:485:replace_alu$1284.genblk1.slice[2].genblk1.carry4, port O [1], Anet:0.706347
             Input port: inst   35:$abc$3021$lut$0\clk_div[23:0][9], port I0 , FF -1, Anet:0.706347
    net 103:$techmap3072$abc$3021$lut$0clk_div[23:0][18].A[2], don't route: 0, ignore timing: 0, Anet:0.902116, Clock domain 7, Clock synchronizer: 0
            Output port: inst   57:$auto$alumacc.cc:485:replace_alu$1284.genblk1.slice[4].genblk1.carry4, port O [2], Anet:0.902116
             Input port: inst   30:$abc$3021$lut$0\clk_div[23:0][18], port I2 , FF -1, Anet:0.902116
    net 104:$techmap3075$abc$3021$lut$0clk_div[23:0][23].A[3], don't route: 0, ignore timing: 0, Anet:1.000000, Clock domain 7, Clock synchronizer: 0
            Output port: inst   58:$auto$alumacc.cc:485:replace_alu$1284.genblk1.slice[5].genblk1.carry4, port O [3], Anet:1.000000
             Input port: inst   33:$abc$3021$lut$0\clk_div[23:0][23], port I3 , FF -1, Anet:1.000000
    net 105:$techmap3070$abc$3021$lut$0clk_div[23:0][16].A[2], don't route: 0, ignore timing: 0, Anet:0.902116, Clock domain 7, Clock synchronizer: 0
            Output port: inst   57:$auto$alumacc.cc:485:replace_alu$1284.genblk1.slice[4].genblk1.carry4, port O [0], Anet:0.902116
             Input port: inst   28:$abc$3021$lut$0\clk_div[23:0][16], port I2 , FF -1, Anet:0.902116
    net 106:$techmap3077$abc$3021$luto_x_motor[0].A[1], don't route: 0, ignore timing: 0, Anet:0.000000, Clock domain 7, Clock synchronizer: 0
            Output port: inst   44:$abc$3021$lut$aiger3020$175, port O  , Anet:0.000000
             Input port: inst   48:$abc$3021$lut\o_x_motor[0], port I1 , FF -1, Anet:0.000000
             Input port: inst   50:$abc$3021$lut\o_x_motor[2], port I1 , FF -1, Anet:0.000000
    net 107:$techmap3077$abc$3021$luto_x_motor[0].A[0], don't route: 0, ignore timing: 0, Anet:0.145031, Clock domain 7, Clock synchronizer: 0
            Output port: inst   61:$auto$ff.cc:266:slice$1827, port Q, Anet:0.145031
             Input port: inst   48:$abc$3021$lut\o_x_motor[0], port I0 , FF -1, Anet:0.000000
             Input port: inst   49:$abc$3021$lut\o_x_motor[1], port I1 , FF -1, Anet:0.000000
             Input port: inst   50:$abc$3021$lut\o_x_motor[2], port I0 , FF -1, Anet:0.000000
             Input port: inst   51:$auto$abc9_ops.cc:1550:reintegrate$3023, port I1 , FF -1, Anet:0.000000
             Input port: inst   52:$auto$alumacc.cc:485:replace_alu$1281.genblk1.slice[0].genblk1.carry4, port S [2], FF -1, Anet:0.145031
    net 108:$techmap3073$abc$3021$lut$0clk_div[23:0][20].A[3], don't route: 0, ignore timing: 0, Anet:1.000000, Clock domain 7, Clock synchronizer: 0
            Output port: inst   58:$auto$alumacc.cc:485:replace_alu$1284.genblk1.slice[5].genblk1.carry4, port O [0], Anet:1.000000
             Input port: inst   31:$abc$3021$lut$0\clk_div[23:0][20], port I3 , FF -1, Anet:1.000000
    net 109:$techmap3076$abc$3021$lut$aiger3020$175.A[0], don't route: 0, ignore timing: 0, Anet:0.145022, Clock domain 7, Clock synchronizer: 0
            Output port: inst   60:$auto$ff.cc:266:slice$1826, port Q, Anet:0.145022
             Input port: inst   44:$abc$3021$lut$aiger3020$175, port I0 , FF -1, Anet:0.000000
             Input port: inst   49:$abc$3021$lut\o_x_motor[1], port I0 , FF -1, Anet:0.000000
             Input port: inst   51:$auto$abc9_ops.cc:1550:reintegrate$3023, port I0 , FF -1, Anet:0.000000
             Input port: inst   52:$auto$alumacc.cc:485:replace_alu$1281.genblk1.slice[0].genblk1.carry4, port S [1], FF -1, Anet:0.145022
    net 110:$techmap3063$abc$3021$lut$aiger3020$139.A[4], don't route: 0, ignore timing: 0, Anet:0.595568, Clock domain 7, Clock synchronizer: 0
            Output port: inst   40:$abc$3021$lut$aiger3020$125, port O  , Anet:0.595568
             Input port: inst   43:$abc$3021$lut$aiger3020$139, port I4 , FF -1, Anet:0.595568
    net 111:$techmap3063$abc$3021$lut$aiger3020$139.A[5], don't route: 0, ignore timing: 0, Anet:0.595568, Clock domain 7, Clock synchronizer: 0
            Output port: inst   39:$abc$3021$lut$aiger3020$124, port O  , Anet:0.595568
             Input port: inst   43:$abc$3021$lut$aiger3020$139, port I5 , FF -1, Anet:0.595568
    net 112:$techmap3063$abc$3021$lut$aiger3020$139.A[2], don't route: 0, ignore timing: 0, Anet:0.425671, Clock domain 7, Clock synchronizer: 0
            Output port: inst   78:$auto$ff.cc:266:slice$1844, port Q, Anet:0.425671
             Input port: inst   43:$abc$3021$lut$aiger3020$139, port I2 , FF -1, Anet:0.412785
             Input port: inst   57:$auto$alumacc.cc:485:replace_alu$1284.genblk1.slice[4].genblk1.carry4, port S [0], FF -1, Anet:0.425671
    net 113:$techmap3063$abc$3021$lut$aiger3020$139.A[3], don't route: 0, ignore timing: 0, Anet:0.425671, Clock domain 7, Clock synchronizer: 0
            Output port: inst   81:$auto$ff.cc:266:slice$1847, port Q, Anet:0.425671
             Input port: inst   43:$abc$3021$lut$aiger3020$139, port I3 , FF -1, Anet:0.412785
             Input port: inst   57:$auto$alumacc.cc:485:replace_alu$1284.genblk1.slice[4].genblk1.carry4, port S [3], FF -1, Anet:0.425671
    net 114:$techmap3063$abc$3021$lut$aiger3020$139.A[0], don't route: 0, ignore timing: 0, Anet:0.425671, Clock domain 7, Clock synchronizer: 0
            Output port: inst   79:$auto$ff.cc:266:slice$1845, port Q, Anet:0.425671
             Input port: inst   43:$abc$3021$lut$aiger3020$139, port I0 , FF -1, Anet:0.412785
             Input port: inst   57:$auto$alumacc.cc:485:replace_alu$1284.genblk1.slice[4].genblk1.carry4, port S [1], FF -1, Anet:0.425671
    net 115:$techmap3063$abc$3021$lut$aiger3020$139.A[1], don't route: 0, ignore timing: 0, Anet:0.425671, Clock domain 7, Clock synchronizer: 0
            Output port: inst   80:$auto$ff.cc:266:slice$1846, port Q, Anet:0.425671
             Input port: inst   43:$abc$3021$lut$aiger3020$139, port I1 , FF -1, Anet:0.412785
             Input port: inst   57:$auto$alumacc.cc:485:replace_alu$1284.genblk1.slice[4].genblk1.carry4, port S [2], FF -1, Anet:0.425671
    net 116:$techmap3078$abc$3021$luto_x_motor[1].A[2], don't route: 0, ignore timing: 0, Anet:0.000000, Clock domain 7, Clock synchronizer: 0
            Output port: inst   52:$auto$alumacc.cc:485:replace_alu$1281.genblk1.slice[0].genblk1.carry4, port CO[1], Anet:0.000000
             Input port: inst   49:$abc$3021$lut\o_x_motor[1], port I2 , FF -1, Anet:0.000000
    net 117:$techmap2195$auto$ff.cc:266:slice$1834.D, don't route: 0, ignore timing: 0, Anet:0.425680, Clock domain 7, Clock synchronizer: 0
            Output port: inst   54:$auto$alumacc.cc:485:replace_alu$1284.genblk1.slice[1].genblk1.carry4, port O [2], Anet:0.425680
             Input port: inst   68:$auto$ff.cc:266:slice$1834, port D  , FF -1, Anet:0.425680
    net 118:$techmap2199$auto$ff.cc:266:slice$1832.D, don't route: 0, ignore timing: 0, Anet:0.425680, Clock domain 7, Clock synchronizer: 0
            Output port: inst   54:$auto$alumacc.cc:485:replace_alu$1284.genblk1.slice[1].genblk1.carry4, port O [0], Anet:0.425680
             Input port: inst   66:$auto$ff.cc:266:slice$1832, port D  , FF -1, Anet:0.425680
    net 119:$techmap2177$auto$ff.cc:266:slice$1844.D, don't route: 0, ignore timing: 0, Anet:0.902116, Clock domain 7, Clock synchronizer: 0
            Output port: inst   28:$abc$3021$lut$0\clk_div[23:0][16], port O  , Anet:0.902116
             Input port: inst   78:$auto$ff.cc:266:slice$1844, port D  , FF -1, Anet:0.902116
    net 120:i_clk_ibuf, don't route: 1, ignore timing: 0, Anet:0.000000, Clock domain -1, Clock synchronizer: 0
            Output port: inst    0:     i_clk, port O, Anet:0.000000
             Input port: inst   86:g_86_i_clk_ibuf, port I  , FF -1, Anet:0.000000
    net 121:i_rst_ibuf, don't route: 1, ignore timing: 0, Anet:0.000000, Clock domain -1, Clock synchronizer: 0
            Output port: inst    1:     i_rst, port O, Anet:0.000000
             Input port: inst   87:g_87_i_rst_ibuf, port I  , FF -1, Anet:0.000000
    net 122:o_led_en_obuf, don't route: 1, ignore timing: 0, Anet:0.000000, Clock domain -1, Clock synchronizer: 0
            Output port: inst   88:g_88_o_led_en_obuf, port O, Anet:0.000000
             Input port: inst    8:  o_led_en, port I, FF -1, Anet:0.000000
    net 123:o_motor_en_obuf, don't route: 1, ignore timing: 0, Anet:0.000000, Clock domain -1, Clock synchronizer: 0
            Output port: inst   89:g_89_o_motor_en_obuf, port O, Anet:0.000000
             Input port: inst    9:o_motor_en, port I, FF -1, Anet:0.000000
    net 124:o_status_led_obuf, don't route: 1, ignore timing: 0, Anet:0.000000, Clock domain -1, Clock synchronizer: 0
            Output port: inst   90:g_90_o_status_led_obuf, port O, Anet:0.000000
             Input port: inst   10:o_status_led, port I, FF -1, Anet:0.000000
    net 125:o_x_motor_0_obuf, don't route: 1, ignore timing: 0, Anet:0.000000, Clock domain -1, Clock synchronizer: 0
            Output port: inst   91:g_91_o_x_motor_0_obuf, port O, Anet:0.000000
             Input port: inst   11:o_x_motor[0], port I, FF -1, Anet:0.000000
    net 126:o_x_motor_1_obuf, don't route: 1, ignore timing: 0, Anet:0.000000, Clock domain -1, Clock synchronizer: 0
            Output port: inst   92:g_92_o_x_motor_1_obuf, port O, Anet:0.000000
             Input port: inst   12:o_x_motor[1], port I, FF -1, Anet:0.000000
    net 127:o_x_motor_2_obuf, don't route: 1, ignore timing: 0, Anet:0.000000, Clock domain -1, Clock synchronizer: 0
            Output port: inst   93:g_93_o_x_motor_2_obuf, port O, Anet:0.000000
             Input port: inst   13:o_x_motor[2], port I, FF -1, Anet:0.000000
    net 128:o_x_motor_3_obuf, don't route: 1, ignore timing: 0, Anet:0.000000, Clock domain -1, Clock synchronizer: 0
            Output port: inst   94:g_94_o_x_motor_3_obuf, port O, Anet:0.000000
             Input port: inst   14:o_x_motor[3], port I, FF -1, Anet:0.000000
    net 129:o_y_motor_0_obuf, don't route: 1, ignore timing: 0, Anet:0.000000, Clock domain -1, Clock synchronizer: 0
            Output port: inst   95:g_95_o_y_motor_0_obuf, port O, Anet:0.000000
             Input port: inst   15:o_y_motor[0], port I, FF -1, Anet:0.000000
    net 130:o_y_motor_1_obuf, don't route: 1, ignore timing: 0, Anet:0.000000, Clock domain -1, Clock synchronizer: 0
            Output port: inst   96:g_96_o_y_motor_1_obuf, port O, Anet:0.000000
             Input port: inst   16:o_y_motor[1], port I, FF -1, Anet:0.000000
    net 131:o_y_motor_2_obuf, don't route: 1, ignore timing: 0, Anet:0.000000, Clock domain -1, Clock synchronizer: 0
            Output port: inst   97:g_97_o_y_motor_2_obuf, port O, Anet:0.000000
             Input port: inst   17:o_y_motor[2], port I, FF -1, Anet:0.000000
    net 132:o_y_motor_3_obuf, don't route: 1, ignore timing: 0, Anet:0.000000, Clock domain -1, Clock synchronizer: 0
            Output port: inst   98:g_98_o_y_motor_3_obuf, port O, Anet:0.000000
             Input port: inst   18:o_y_motor[3], port I, FF -1, Anet:0.000000
    net 133:o_z_motor_0_obuf, don't route: 1, ignore timing: 0, Anet:0.000000, Clock domain -1, Clock synchronizer: 0
            Output port: inst   99:g_99_o_z_motor_0_obuf, port O, Anet:0.000000
             Input port: inst   19:o_z_motor[0], port I, FF -1, Anet:0.000000
    net 134:o_z_motor_1_obuf, don't route: 1, ignore timing: 0, Anet:0.000000, Clock domain -1, Clock synchronizer: 0
            Output port: inst  100:g_100_o_z_motor_1_obuf, port O, Anet:0.000000
             Input port: inst   20:o_z_motor[1], port I, FF -1, Anet:0.000000
    net 135:o_z_motor_2_obuf, don't route: 1, ignore timing: 0, Anet:0.000000, Clock domain -1, Clock synchronizer: 0
            Output port: inst  101:g_101_o_z_motor_2_obuf, port O, Anet:0.000000
             Input port: inst   21:o_z_motor[2], port I, FF -1, Anet:0.000000
    net 136:o_z_motor_3_obuf, don't route: 1, ignore timing: 0, Anet:0.000000, Clock domain -1, Clock synchronizer: 0
            Output port: inst  102:g_102_o_z_motor_3_obuf, port O, Anet:0.000000
             Input port: inst   22:o_z_motor[3], port I, FF -1, Anet:0.000000
      16 new instances packed into   13 RBBs after IO packing.
       0 new instances packed into   13 RBBs after RAM and DSP packing.
       0 new instances clustered into    0 clusters after clock synchronizer FF clustering
Created route-through LUT instance 103 net 137, for instance 60 net 109, RBB 13
Created route-through LUT instance 104 net 138, for instance 61 net 107, RBB 13
Created route-through LUT instance 105 net 139, for instance 63 net 87, RBB 14
Created route-through LUT instance 106 net 140, for instance 64 net 89, RBB 14
Created route-through LUT instance 107 net 141, for instance 65 net 88, RBB 14
Created route-through LUT instance 108 net 142, for instance 66 net 79, RBB 15
Created route-through LUT instance 109 net 143, for instance 67 net 82, RBB 15
Created route-through LUT instance 110 net 144, for instance 68 net 80, RBB 15
Created route-through LUT instance 111 net 145, for instance 69 net 81, RBB 15
Created route-through LUT instance 112 net 146, for instance 70 net 77, RBB 16
Created route-through LUT instance 113 net 147, for instance 71 net 78, RBB 16
Created route-through LUT instance 114 net 148, for instance 72 net 84, RBB 16
Created route-through LUT instance 115 net 149, for instance 73 net 83, RBB 16
Created route-through LUT instance 116 net 150, for instance 74 net 93, RBB 17
Created route-through LUT instance 117 net 151, for instance 75 net 92, RBB 17
Created route-through LUT instance 118 net 152, for instance 76 net 90, RBB 17
Created route-through LUT instance 119 net 153, for instance 77 net 91, RBB 17
Created route-through LUT instance 120 net 154, for instance 78 net 112, RBB 18
Created route-through LUT instance 121 net 155, for instance 79 net 114, RBB 18
Created route-through LUT instance 122 net 156, for instance 80 net 115, RBB 18
Created route-through LUT instance 123 net 157, for instance 81 net 113, RBB 18
Created route-through LUT instance 124 net 158, for instance 82 net 76, RBB 19
Created route-through LUT instance 125 net 159, for instance 83 net 75, RBB 19
Created route-through LUT instance 126 net 160, for instance 84 net 74, RBB 19
Created route-through LUT instance 127 net 161, for instance 85 net 73, RBB 19
      50 new instances packed into   20 RBBs after carry-chain packing.
       0 new instances packed into   20 RBBs after RAM_SRL packing
Complete design-rule-driven LUT packing.

Starting RBB clustering for remaining instances...
       0 new instances clustered into    0 clusters after MUXF/ROM clustering, RBB count 20
      36 new instances clustered into   25 clusters after LUT clustering
       0 new instances packed into   20 RBBs after LUT cluster-packing
       1 new instances clustered into   26 clusters after FF clustering
Complete RBB clustering, 25 non-RBB instances skipped.
Re-computing pre-LUT-packing timing after design-rule-driven packing:
Timing Summary
==============

   PRE-PACKING TSMC 40nm ULP tt1p1v25c_Typical

          Group  No. Clocks  No. Clock Pairs  WNS(ps)   TNS(ps)  TNS Endpoints      
    -----------  ----------  ---------------  -------   -------  -------------      
   <UDEF_i_clk>           1                1  -107425  -1965235             30      




Clocks
======

            Clock    Clock net         Group  Constrained Period(ps)      Waveform(ps)   Achievable Period(ps)  Achievable Frequency(MHz)
   --------------  -----------   -----------  ----------------------  -----------------  ---------------------  -------------------------
            i_clk        i_clk  <UDEF_i_clk>           (auto) 2000            (0,1000)                 109424                      9.139 




Clock Relationships
===================

       From Clock        To Clock               Group    Endpoints     WNS(ps)    TNS(ps)  TNS Endpoints
   --------------  --------------  ------------------  -----------  ----------  ---------  -------------
            i_clk           i_clk        <UDEF_i_clk>           30     -107425   -1965235             30




Timing Details for Clock Pair i_clk and i_clk
=============================================

       From Clock        To Clock               Group    Endpoints     WNS(ps)    TNS(ps)  TNS Endpoints
   --------------  --------------  ------------------  -----------  ----------  ---------  -------------
            i_clk           i_clk        <UDEF_i_clk>           30     -107425   -1965235             30

   Slack (not met):                       -107425ps
     Path type:                               SETUP
     Group:                            <UDEF_i_clk>
     Launching clock:                         i_clk (rising edge)
     Capturing clock:                         i_clk (rising edge)

     Requested period:                       2000ps
   + Delay of the capturing clock:              0ps
   - Clock uncertainty:                       150ps
   = Required time:                          1850ps
   - Propagation time:                     109275ps (22.2% logic, 77.8% route, logic stage 9)
   - Delay of the launching clock:              0ps
   = Slack:                               -107425ps

   Instance/Pin or Net Name                                                     Type         ID  Location or Fanout   Delay(ps)  Edge  Arrival Time(ps)
   ------------------------------------------------------------------------------------------------------------------------------------------------------
   i_clk                                                                        CLOCK-PORT    -                   -     launch     r               0   
   i_clk                                                                        Clock net     7         (fanout=27)          0                     -   
   $auto$ff.cc:266:slice$1828/CLK                                               FD           62                   -          -     r               0   
   ------------------------------------------------------------------------------------------------------------------------------------------------------
   $auto$ff.cc:266:slice$1828/Q                                                 FD           62                   -          5     r               5   
   $techmap3055$abc$3021$lut$not$aiger3020$47.A                                 Net          97          (fanout=3)      10003                     -   
   $abc$3021$lut$not$aiger3020$47/I0                                            LUT          46                   -          -     r           10008   
   $abc$3021$lut$not$aiger3020$47/O                                             LUT          46                   -      10000     r           20008   
   $abc$3021$aiger3020$47b                                                      Net          37          (fanout=1)      10001                     -   
   $auto$alumacc.cc:485:replace_alu$1284.genblk1.slice[0].genblk1.carry4/S [0]  CARRY4       53                   -          -     r           30009   
   $auto$alumacc.cc:485:replace_alu$1284.genblk1.slice[0].genblk1.carry4/CO[3]  CARRY4       53                   -        710     r           30719   
   $abc$3021$aiger3020$58                                                       Net          22          (fanout=1)      10001                     -   
   $auto$alumacc.cc:485:replace_alu$1284.genblk1.slice[1].genblk1.carry4/CI     CARRY4       54                   -          -     r           40720   
   $auto$alumacc.cc:485:replace_alu$1284.genblk1.slice[1].genblk1.carry4/CO[3]  CARRY4       54                   -        710     r           41430   
   $abc$3021$aiger3020$70                                                       Net          31          (fanout=1)      10001                     -   
   $auto$alumacc.cc:485:replace_alu$1284.genblk1.slice[2].genblk1.carry4/CI     CARRY4       55                   -          -     r           51431   
   $auto$alumacc.cc:485:replace_alu$1284.genblk1.slice[2].genblk1.carry4/CO[3]  CARRY4       55                   -        710     r           52141   
   $abc$3021$aiger3020$82                                                       Net          43          (fanout=1)      10001                     -   
   $auto$alumacc.cc:485:replace_alu$1284.genblk1.slice[3].genblk1.carry4/CI     CARRY4       56                   -          -     r           62142   
   $auto$alumacc.cc:485:replace_alu$1284.genblk1.slice[3].genblk1.carry4/CO[3]  CARRY4       56                   -        710     r           62852   
   $abc$3021$aiger3020$94                                                       Net          44          (fanout=1)      10001                     -   
   $auto$alumacc.cc:485:replace_alu$1284.genblk1.slice[4].genblk1.carry4/CI     CARRY4       57                   -          -     r           72853   
   $auto$alumacc.cc:485:replace_alu$1284.genblk1.slice[4].genblk1.carry4/CO[3]  CARRY4       57                   -        710     r           73563   
   $abc$3021$aiger3020$106                                                      Net          16          (fanout=1)      10001                     -   
   $auto$alumacc.cc:485:replace_alu$1284.genblk1.slice[5].genblk1.carry4/CI     CARRY4       58                   -          -     r           83564   
   $auto$alumacc.cc:485:replace_alu$1284.genblk1.slice[5].genblk1.carry4/O [3]  CARRY4       58                   -        710     r           84274   
   $techmap3075$abc$3021$lut$0clk_div[23:0][23].A[3]                            Net         104          (fanout=1)      10001                     -   
   $abc$3021$lut$0\clk_div[23:0][23]/I3                                         LUT          33                   -          -     r           94275   
   $abc$3021$lut$0\clk_div[23:0][23]/O                                          LUT          33                   -      10000     r          104275   
   $techmap2189$auto$ff.cc:266:slice$1851.D                                     Net          71          (fanout=1)       5000                     -   
   $auto$ff.cc:266:slice$1851/D                                                 FD           85                   -          -     r          109275   
   ------------------------------------------------------------------------------------------------------------------------------------------------------
   $auto$ff.cc:266:slice$1851/CLK                                               FD           85                   -          0     r          109275   
   i_clk                                                                        Clock net     7         (fanout=27)          0                     -   
   i_clk                                                                        CLOCK-PORT    -                   -    capture     r          109275   
   ------------------------------------------------------------------------------------------------------------------------------------------------------


   Slack (not met):                       -107425ps
     Path type:                               SETUP
     Group:                            <UDEF_i_clk>
     Launching clock:                         i_clk (rising edge)
     Capturing clock:                         i_clk (rising edge)

     Requested period:                       2000ps
   + Delay of the capturing clock:              0ps
   - Clock uncertainty:                       150ps
   = Required time:                          1850ps
   - Propagation time:                     109275ps (22.2% logic, 77.8% route, logic stage 9)
   - Delay of the launching clock:              0ps
   = Slack:                               -107425ps

   Instance/Pin or Net Name                                                     Type         ID  Location or Fanout   Delay(ps)  Edge  Arrival Time(ps)
   ------------------------------------------------------------------------------------------------------------------------------------------------------
   i_clk                                                                        CLOCK-PORT    -                   -     launch     r               0   
   i_clk                                                                        Clock net     7         (fanout=27)          0                     -   
   $auto$ff.cc:266:slice$1828/CLK                                               FD           62                   -          -     r               0   
   ------------------------------------------------------------------------------------------------------------------------------------------------------
   $auto$ff.cc:266:slice$1828/Q                                                 FD           62                   -          5     r               5   
   $techmap3055$abc$3021$lut$not$aiger3020$47.A                                 Net          97          (fanout=3)      10003                     -   
   $abc$3021$lut$not$aiger3020$47/I0                                            LUT          46                   -          -     r           10008   
   $abc$3021$lut$not$aiger3020$47/O                                             LUT          46                   -      10000     r           20008   
   $abc$3021$aiger3020$47b                                                      Net          37          (fanout=1)      10001                     -   
   $auto$alumacc.cc:485:replace_alu$1284.genblk1.slice[0].genblk1.carry4/S [0]  CARRY4       53                   -          -     r           30009   
   $auto$alumacc.cc:485:replace_alu$1284.genblk1.slice[0].genblk1.carry4/CO[3]  CARRY4       53                   -        710     r           30719   
   $abc$3021$aiger3020$58                                                       Net          22          (fanout=1)      10001                     -   
   $auto$alumacc.cc:485:replace_alu$1284.genblk1.slice[1].genblk1.carry4/CI     CARRY4       54                   -          -     r           40720   
   $auto$alumacc.cc:485:replace_alu$1284.genblk1.slice[1].genblk1.carry4/CO[3]  CARRY4       54                   -        710     r           41430   
   $abc$3021$aiger3020$70                                                       Net          31          (fanout=1)      10001                     -   
   $auto$alumacc.cc:485:replace_alu$1284.genblk1.slice[2].genblk1.carry4/CI     CARRY4       55                   -          -     r           51431   
   $auto$alumacc.cc:485:replace_alu$1284.genblk1.slice[2].genblk1.carry4/CO[3]  CARRY4       55                   -        710     r           52141   
   $abc$3021$aiger3020$82                                                       Net          43          (fanout=1)      10001                     -   
   $auto$alumacc.cc:485:replace_alu$1284.genblk1.slice[3].genblk1.carry4/CI     CARRY4       56                   -          -     r           62142   
   $auto$alumacc.cc:485:replace_alu$1284.genblk1.slice[3].genblk1.carry4/CO[3]  CARRY4       56                   -        710     r           62852   
   $abc$3021$aiger3020$94                                                       Net          44          (fanout=1)      10001                     -   
   $auto$alumacc.cc:485:replace_alu$1284.genblk1.slice[4].genblk1.carry4/CI     CARRY4       57                   -          -     r           72853   
   $auto$alumacc.cc:485:replace_alu$1284.genblk1.slice[4].genblk1.carry4/CO[3]  CARRY4       57                   -        710     r           73563   
   $abc$3021$aiger3020$106                                                      Net          16          (fanout=1)      10001                     -   
   $auto$alumacc.cc:485:replace_alu$1284.genblk1.slice[5].genblk1.carry4/CI     CARRY4       58                   -          -     r           83564   
   $auto$alumacc.cc:485:replace_alu$1284.genblk1.slice[5].genblk1.carry4/O [1]  CARRY4       58                   -        710     r           84274   
   $techmap3074$abc$3021$lut$0clk_div[23:0][21].A[3]                            Net          52          (fanout=1)      10001                     -   
   $abc$3021$lut$0\clk_div[23:0][21]/I3                                         LUT          32                   -          -     r           94275   
   $abc$3021$lut$0\clk_div[23:0][21]/O                                          LUT          32                   -      10000     r          104275   
   $techmap2182$auto$ff.cc:266:slice$1849.D                                     Net          63          (fanout=1)       5000                     -   
   $auto$ff.cc:266:slice$1849/D                                                 FD           83                   -          -     r          109275   
   ------------------------------------------------------------------------------------------------------------------------------------------------------
   $auto$ff.cc:266:slice$1849/CLK                                               FD           83                   -          0     r          109275   
   i_clk                                                                        Clock net     7         (fanout=27)          0                     -   
   i_clk                                                                        CLOCK-PORT    -                   -    capture     r          109275   
   ------------------------------------------------------------------------------------------------------------------------------------------------------


   Slack (not met):                       -107425ps
     Path type:                               SETUP
     Group:                            <UDEF_i_clk>
     Launching clock:                         i_clk (rising edge)
     Capturing clock:                         i_clk (rising edge)

     Requested period:                       2000ps
   + Delay of the capturing clock:              0ps
   - Clock uncertainty:                       150ps
   = Required time:                          1850ps
   - Propagation time:                     109275ps (22.2% logic, 77.8% route, logic stage 9)
   - Delay of the launching clock:              0ps
   = Slack:                               -107425ps

   Instance/Pin or Net Name                                                     Type         ID  Location or Fanout   Delay(ps)  Edge  Arrival Time(ps)
   ------------------------------------------------------------------------------------------------------------------------------------------------------
   i_clk                                                                        CLOCK-PORT    -                   -     launch     r               0   
   i_clk                                                                        Clock net     7         (fanout=27)          0                     -   
   $auto$ff.cc:266:slice$1828/CLK                                               FD           62                   -          -     r               0   
   ------------------------------------------------------------------------------------------------------------------------------------------------------
   $auto$ff.cc:266:slice$1828/Q                                                 FD           62                   -          5     r               5   
   $techmap3055$abc$3021$lut$not$aiger3020$47.A                                 Net          97          (fanout=3)      10003                     -   
   $abc$3021$lut$not$aiger3020$47/I0                                            LUT          46                   -          -     r           10008   
   $abc$3021$lut$not$aiger3020$47/O                                             LUT          46                   -      10000     r           20008   
   $abc$3021$aiger3020$47b                                                      Net          37          (fanout=1)      10001                     -   
   $auto$alumacc.cc:485:replace_alu$1284.genblk1.slice[0].genblk1.carry4/S [0]  CARRY4       53                   -          -     r           30009   
   $auto$alumacc.cc:485:replace_alu$1284.genblk1.slice[0].genblk1.carry4/CO[3]  CARRY4       53                   -        710     r           30719   
   $abc$3021$aiger3020$58                                                       Net          22          (fanout=1)      10001                     -   
   $auto$alumacc.cc:485:replace_alu$1284.genblk1.slice[1].genblk1.carry4/CI     CARRY4       54                   -          -     r           40720   
   $auto$alumacc.cc:485:replace_alu$1284.genblk1.slice[1].genblk1.carry4/CO[3]  CARRY4       54                   -        710     r           41430   
   $abc$3021$aiger3020$70                                                       Net          31          (fanout=1)      10001                     -   
   $auto$alumacc.cc:485:replace_alu$1284.genblk1.slice[2].genblk1.carry4/CI     CARRY4       55                   -          -     r           51431   
   $auto$alumacc.cc:485:replace_alu$1284.genblk1.slice[2].genblk1.carry4/CO[3]  CARRY4       55                   -        710     r           52141   
   $abc$3021$aiger3020$82                                                       Net          43          (fanout=1)      10001                     -   
   $auto$alumacc.cc:485:replace_alu$1284.genblk1.slice[3].genblk1.carry4/CI     CARRY4       56                   -          -     r           62142   
   $auto$alumacc.cc:485:replace_alu$1284.genblk1.slice[3].genblk1.carry4/CO[3]  CARRY4       56                   -        710     r           62852   
   $abc$3021$aiger3020$94                                                       Net          44          (fanout=1)      10001                     -   
   $auto$alumacc.cc:485:replace_alu$1284.genblk1.slice[4].genblk1.carry4/CI     CARRY4       57                   -          -     r           72853   
   $auto$alumacc.cc:485:replace_alu$1284.genblk1.slice[4].genblk1.carry4/CO[3]  CARRY4       57                   -        710     r           73563   
   $abc$3021$aiger3020$106                                                      Net          16          (fanout=1)      10001                     -   
   $auto$alumacc.cc:485:replace_alu$1284.genblk1.slice[5].genblk1.carry4/CI     CARRY4       58                   -          -     r           83564   
   $auto$alumacc.cc:485:replace_alu$1284.genblk1.slice[5].genblk1.carry4/O [0]  CARRY4       58                   -        710     r           84274   
   $techmap3073$abc$3021$lut$0clk_div[23:0][20].A[3]                            Net         108          (fanout=1)      10001                     -   
   $abc$3021$lut$0\clk_div[23:0][20]/I3                                         LUT          31                   -          -     r           94275   
   $abc$3021$lut$0\clk_div[23:0][20]/O                                          LUT          31                   -      10000     r          104275   
   $techmap2180$auto$ff.cc:266:slice$1848.D                                     Net          72          (fanout=1)       5000                     -   
   $auto$ff.cc:266:slice$1848/D                                                 FD           82                   -          -     r          109275   
   ------------------------------------------------------------------------------------------------------------------------------------------------------
   $auto$ff.cc:266:slice$1848/CLK                                               FD           82                   -          0     r          109275   
   i_clk                                                                        Clock net     7         (fanout=27)          0                     -   
   i_clk                                                                        CLOCK-PORT    -                   -    capture     r          109275   
   ------------------------------------------------------------------------------------------------------------------------------------------------------













Initializing pre-pack timing analysis...
Total timing paths for clock-domain i_clk: 1.
Total timing paths for clock-domain i_clk: 17.
Total timing paths for clock-domain i_clk: 27.
Printing pre-packing critical path...

Starting timing-driven LUT packing...
       8 new instances packed into   20 RBBs after stage 1 timing-driven LUT packing
       6 new instances packed into   20 RBBs after stage 2 timing-driven LUT packing
       0 new instances packed into   20 RBBs after stage 3 timing-driven LUT packing
       8 new instances packed into   20 RBBs after stage 4 timing-driven LUT packing
       0 new instances packed into   20 RBBs after stage 5 timing-driven LUT packing
       0 new instances packed into   20 RBBs after stage 6 timing-driven LUT packing
       0 new instances packed into   20 RBBs after stage 7 connectivity-timing-driven LUT packing
Complete LUT packing.
Pre-pack database information:
    inst 0: i_clk, UNUSED, dont_pack: 1, dont_place: 1, dont_touch: 0, RBB -1, cluster -1
                Output port O, net  120:i_clk_ibuf
    inst 1: i_rst, UNUSED, dont_pack: 1, dont_place: 1, dont_touch: 0, RBB -1, cluster -1
                Output port O, net  121:i_rst_ibuf
    inst 2: i_x_dir, UNUSED, dont_pack: 1, dont_place: 1, dont_touch: 0, RBB -1, cluster -1
                Output port O, net    8:i_x_dir
    inst 3: i_x_step, UNUSED, dont_pack: 1, dont_place: 1, dont_touch: 0, RBB -1, cluster -1
                Output port O, net    9:i_x_step
    inst 4: i_y_dir, UNUSED, dont_pack: 1, dont_place: 1, dont_touch: 0, RBB -1, cluster -1
                Output port O, net    2:i_y_dir
    inst 5: i_y_step, UNUSED, dont_pack: 1, dont_place: 1, dont_touch: 0, RBB -1, cluster -1
                Output port O, net    3:i_y_step
    inst 6: i_z_dir, UNUSED, dont_pack: 1, dont_place: 1, dont_touch: 0, RBB -1, cluster -1
                Output port O, net    4:i_z_dir
    inst 7: i_z_step, UNUSED, dont_pack: 1, dont_place: 1, dont_touch: 0, RBB -1, cluster -1
                Output port O, net    5:i_z_step
    inst 8: o_led_en, UNUSED, dont_pack: 1, dont_place: 1, dont_touch: 0, RBB -1, cluster -1
                 Input port I, net  122:o_led_en_obuf
    inst 9: o_motor_en, UNUSED, dont_pack: 1, dont_place: 1, dont_touch: 0, RBB -1, cluster -1
                 Input port I, net  123:o_motor_en_obuf
    inst 10: o_status_led, UNUSED, dont_pack: 1, dont_place: 1, dont_touch: 0, RBB -1, cluster -1
                 Input port I, net  124:o_status_led_obuf
    inst 11: o_x_motor[0], UNUSED, dont_pack: 1, dont_place: 1, dont_touch: 0, RBB -1, cluster -1
                 Input port I, net  125:o_x_motor_0_obuf
    inst 12: o_x_motor[1], UNUSED, dont_pack: 1, dont_place: 1, dont_touch: 0, RBB -1, cluster -1
                 Input port I, net  126:o_x_motor_1_obuf
    inst 13: o_x_motor[2], UNUSED, dont_pack: 1, dont_place: 1, dont_touch: 0, RBB -1, cluster -1
                 Input port I, net  127:o_x_motor_2_obuf
    inst 14: o_x_motor[3], UNUSED, dont_pack: 1, dont_place: 1, dont_touch: 0, RBB -1, cluster -1
                 Input port I, net  128:o_x_motor_3_obuf
    inst 15: o_y_motor[0], UNUSED, dont_pack: 1, dont_place: 1, dont_touch: 0, RBB -1, cluster -1
                 Input port I, net  129:o_y_motor_0_obuf
    inst 16: o_y_motor[1], UNUSED, dont_pack: 1, dont_place: 1, dont_touch: 0, RBB -1, cluster -1
                 Input port I, net  130:o_y_motor_1_obuf
    inst 17: o_y_motor[2], UNUSED, dont_pack: 1, dont_place: 1, dont_touch: 0, RBB -1, cluster -1
                 Input port I, net  131:o_y_motor_2_obuf
    inst 18: o_y_motor[3], UNUSED, dont_pack: 1, dont_place: 1, dont_touch: 0, RBB -1, cluster -1
                 Input port I, net  132:o_y_motor_3_obuf
    inst 19: o_z_motor[0], UNUSED, dont_pack: 1, dont_place: 1, dont_touch: 0, RBB -1, cluster -1
                 Input port I, net  133:o_z_motor_0_obuf
    inst 20: o_z_motor[1], UNUSED, dont_pack: 1, dont_place: 1, dont_touch: 0, RBB -1, cluster -1
                 Input port I, net  134:o_z_motor_1_obuf
    inst 21: o_z_motor[2], UNUSED, dont_pack: 1, dont_place: 1, dont_touch: 0, RBB -1, cluster -1
                 Input port I, net  135:o_z_motor_2_obuf
    inst 22: o_z_motor[3], UNUSED, dont_pack: 1, dont_place: 1, dont_touch: 0, RBB -1, cluster -1
                 Input port I, net  136:o_z_motor_3_obuf
    inst 23: GND, VDDGND, dont_pack: 0, dont_place: 0, dont_touch: 0, RBB 13, cluster -1, GND
                Output port P/G, net    1:GND_NET
    inst 24: VCC, VDDGND, dont_pack: 1, dont_place: 0, dont_touch: 0, RBB -1, cluster -1, VDD
                Output port P/G, net    0:VCC_NET
    inst 25: $abc$3021$lut$0\clk_div[23:0][0], LUT, dont_pack: 0, dont_place: 0, dont_touch: 0, RBB 14, cluster -1 output_local : 0  INIT=1010101010101000
                Output port O  , net   59:$techmap2191$auto$ff.cc:266:slice$1828.D
                 Input port I0 , net   97:$techmap3055$abc$3021$lut$not$aiger3020$47.A
                 Input port I1 , net  101:$techmap3064$abc$3021$luto_status_led.A[0]
                 Input port I2 , net  100:$techmap3064$abc$3021$luto_status_led.A[1]
                 Input port I3 , net   99:$techmap3064$abc$3021$luto_status_led.A[2]
    inst 26: $abc$3021$lut$0\clk_div[23:0][11], LUT, dont_pack: 0, dont_place: 0, dont_touch: 0, RBB 16, cluster -1 output_local : 0  INIT=0101010101010100
                Output port O  , net   55:$techmap2197$auto$ff.cc:266:slice$1839.D
                 Input port I0 , net   98:$techmap3068$abc$3021$lut$0clk_div[23:0][11].A[0]
                 Input port I1 , net  101:$techmap3064$abc$3021$luto_status_led.A[0]
                 Input port I2 , net  100:$techmap3064$abc$3021$luto_status_led.A[1]
                 Input port I3 , net   99:$techmap3064$abc$3021$luto_status_led.A[2]
    inst 27: $abc$3021$lut$0\clk_div[23:0][12], LUT, dont_pack: 0, dont_place: 0, dont_touch: 0, RBB 17, cluster -1 output_local : 0  INIT=0101010101010100
                Output port O  , net   68:$techmap2192$auto$ff.cc:266:slice$1840.D
                 Input port I0 , net   57:$techmap3069$abc$3021$lut$0clk_div[23:0][12].A[0]
                 Input port I1 , net  101:$techmap3064$abc$3021$luto_status_led.A[0]
                 Input port I2 , net  100:$techmap3064$abc$3021$luto_status_led.A[1]
                 Input port I3 , net   99:$techmap3064$abc$3021$luto_status_led.A[2]
    inst 28: $abc$3021$lut$0\clk_div[23:0][16], LUT, dont_pack: 0, dont_place: 0, dont_touch: 0, RBB 18, cluster -1 output_local : 0  INIT=0000111100001110
                Output port O  , net  119:$techmap2177$auto$ff.cc:266:slice$1844.D
                 Input port I0 , net  101:$techmap3064$abc$3021$luto_status_led.A[0]
                 Input port I1 , net  100:$techmap3064$abc$3021$luto_status_led.A[1]
                 Input port I2 , net  105:$techmap3070$abc$3021$lut$0clk_div[23:0][16].A[2]
                 Input port I3 , net   99:$techmap3064$abc$3021$luto_status_led.A[2]
    inst 29: $abc$3021$lut$0\clk_div[23:0][17], LUT, dont_pack: 0, dont_place: 0, dont_touch: 0, RBB 18, cluster -1 output_local : 0  INIT=0000000011111110
                Output port O  , net   65:$techmap2181$auto$ff.cc:266:slice$1845.D
                 Input port I0 , net  101:$techmap3064$abc$3021$luto_status_led.A[0]
                 Input port I1 , net  100:$techmap3064$abc$3021$luto_status_led.A[1]
                 Input port I2 , net   99:$techmap3064$abc$3021$luto_status_led.A[2]
                 Input port I3 , net   85:$techmap3071$abc$3021$lut$0clk_div[23:0][17].A[3]
    inst 30: $abc$3021$lut$0\clk_div[23:0][18], LUT, dont_pack: 0, dont_place: 0, dont_touch: 0, RBB 18, cluster -1 output_local : 0  INIT=0000111100001110
                Output port O  , net   51:$techmap2178$auto$ff.cc:266:slice$1846.D
                 Input port I0 , net  101:$techmap3064$abc$3021$luto_status_led.A[0]
                 Input port I1 , net  100:$techmap3064$abc$3021$luto_status_led.A[1]
                 Input port I2 , net  103:$techmap3072$abc$3021$lut$0clk_div[23:0][18].A[2]
                 Input port I3 , net   99:$techmap3064$abc$3021$luto_status_led.A[2]
    inst 31: $abc$3021$lut$0\clk_div[23:0][20], LUT, dont_pack: 0, dont_place: 0, dont_touch: 0, RBB 19, cluster -1 output_local : 0  INIT=0000000011111110
                Output port O  , net   72:$techmap2180$auto$ff.cc:266:slice$1848.D
                 Input port I0 , net  101:$techmap3064$abc$3021$luto_status_led.A[0]
                 Input port I1 , net  100:$techmap3064$abc$3021$luto_status_led.A[1]
                 Input port I2 , net   99:$techmap3064$abc$3021$luto_status_led.A[2]
                 Input port I3 , net  108:$techmap3073$abc$3021$lut$0clk_div[23:0][20].A[3]
    inst 32: $abc$3021$lut$0\clk_div[23:0][21], LUT, dont_pack: 0, dont_place: 0, dont_touch: 0, RBB 19, cluster -1 output_local : 0  INIT=0000000011111110
                Output port O  , net   63:$techmap2182$auto$ff.cc:266:slice$1849.D
                 Input port I0 , net  101:$techmap3064$abc$3021$luto_status_led.A[0]
                 Input port I1 , net  100:$techmap3064$abc$3021$luto_status_led.A[1]
                 Input port I2 , net   99:$techmap3064$abc$3021$luto_status_led.A[2]
                 Input port I3 , net   52:$techmap3074$abc$3021$lut$0clk_div[23:0][21].A[3]
    inst 33: $abc$3021$lut$0\clk_div[23:0][23], LUT, dont_pack: 0, dont_place: 0, dont_touch: 0, RBB 19, cluster -1 output_local : 0  INIT=0000000011111110
                Output port O  , net   71:$techmap2189$auto$ff.cc:266:slice$1851.D
                 Input port I0 , net  101:$techmap3064$abc$3021$luto_status_led.A[0]
                 Input port I1 , net  100:$techmap3064$abc$3021$luto_status_led.A[1]
                 Input port I2 , net   99:$techmap3064$abc$3021$luto_status_led.A[2]
                 Input port I3 , net  104:$techmap3075$abc$3021$lut$0clk_div[23:0][23].A[3]
    inst 34: $abc$3021$lut$0\clk_div[23:0][8], LUT, dont_pack: 0, dont_place: 0, dont_touch: 0, RBB 16, cluster -1 output_local : 0  INIT=0101010101010100
                Output port O  , net   61:$techmap2194$auto$ff.cc:266:slice$1836.D
                 Input port I0 , net   56:$techmap3066$abc$3021$lut$0clk_div[23:0][8].A[0]
                 Input port I1 , net  101:$techmap3064$abc$3021$luto_status_led.A[0]
                 Input port I2 , net  100:$techmap3064$abc$3021$luto_status_led.A[1]
                 Input port I3 , net   99:$techmap3064$abc$3021$luto_status_led.A[2]
    inst 35: $abc$3021$lut$0\clk_div[23:0][9], LUT, dont_pack: 0, dont_place: 0, dont_touch: 0, RBB 16, cluster -1 output_local : 0  INIT=0101010101010100
                Output port O  , net   70:$techmap2187$auto$ff.cc:266:slice$1837.D
                 Input port I0 , net  102:$techmap3067$abc$3021$lut$0clk_div[23:0][9].A[0]
                 Input port I1 , net  101:$techmap3064$abc$3021$luto_status_led.A[0]
                 Input port I2 , net  100:$techmap3064$abc$3021$luto_status_led.A[1]
                 Input port I3 , net   99:$techmap3064$abc$3021$luto_status_led.A[2]
    inst 36: $abc$3021$lut$aiger3020$121, LUT, dont_pack: 0, dont_place: 0, dont_touch: 0, RBB 15, cluster -1 output_local : 0  INIT=1000000000000000
                Output port O  , net   86:$techmap3061$abc$3021$lut$aiger3020$129.A[4]
                 Input port I0 , net   81:$techmap3056$abc$3021$lut$aiger3020$121.A[0]
                 Input port I1 , net   82:$techmap3056$abc$3021$lut$aiger3020$121.A[1]
                 Input port I2 , net   79:$techmap3056$abc$3021$lut$aiger3020$121.A[2]
                 Input port I3 , net   80:$techmap3056$abc$3021$lut$aiger3020$121.A[3]
    inst 37: $abc$3021$lut$aiger3020$122, LUT, dont_pack: 0, dont_place: 0, dont_touch: 0, RBB 20, cluster -1 output_local : 0  INIT=0001000100010001
                Output port O  , net   95:$techmap3062$abc$3021$lut$aiger3020$134.A[5]
                 Input port I0 , net   77:$techmap3057$abc$3021$lut$aiger3020$122.A[0]
                 Input port I1 , net   78:$techmap3057$abc$3021$lut$aiger3020$122.A[1]
    inst 38: $abc$3021$lut$aiger3020$123, LUT, dont_pack: 0, dont_place: 0, dont_touch: 0, RBB 20, cluster -1 output_local : 0  INIT=0100010001000100
                Output port O  , net   94:$techmap3062$abc$3021$lut$aiger3020$134.A[4]
                 Input port I0 , net   83:$techmap3058$abc$3021$lut$aiger3020$123.A[0]
                 Input port I1 , net   84:$techmap3058$abc$3021$lut$aiger3020$123.A[1]
    inst 39: $abc$3021$lut$aiger3020$124, LUT, dont_pack: 0, dont_place: 0, dont_touch: 0, RBB 15, cluster -1 output_local : 0  INIT=0001000100010001
                Output port O  , net  111:$techmap3063$abc$3021$lut$aiger3020$139.A[5]
                 Input port I0 , net   75:$techmap3059$abc$3021$lut$aiger3020$124.A[0]
                 Input port I1 , net   76:$techmap3059$abc$3021$lut$aiger3020$124.A[1]
    inst 40: $abc$3021$lut$aiger3020$125, LUT, dont_pack: 0, dont_place: 0, dont_touch: 0, RBB 15, cluster -1 output_local : 0  INIT=0100010001000100
                Output port O  , net  110:$techmap3063$abc$3021$lut$aiger3020$139.A[4]
                 Input port I0 , net   73:$techmap3060$abc$3021$lut$aiger3020$125.A[0]
                 Input port I1 , net   74:$techmap3060$abc$3021$lut$aiger3020$125.A[1]
    inst 41: $abc$3021$lut$aiger3020$129, LUT, dont_pack: 0, dont_place: 0, dont_touch: 0, RBB 20, cluster -1 output_local : 0  ROM=00000000000000001000000000000000
                Output port O  , net   99:$techmap3064$abc$3021$luto_status_led.A[2]
                 Input port I0 , net   88:$techmap3061$abc$3021$lut$aiger3020$129.A[0]
                 Input port I1 , net   89:$techmap3061$abc$3021$lut$aiger3020$129.A[1]
                 Input port I2 , net   87:$techmap3061$abc$3021$lut$aiger3020$129.A[2]
                 Input port I3 , net   97:$techmap3055$abc$3021$lut$not$aiger3020$47.A
                 Input port I4 , net   86:$techmap3061$abc$3021$lut$aiger3020$129.A[4]
    inst 42: $abc$3021$lut$aiger3020$134, LUT, dont_pack: 0, dont_place: 0, dont_touch: 0, RBB 20, cluster -1 output_local : 0  ROM=0000000000000000000000000000000000000000000000000010000000000000
                Output port O  , net  100:$techmap3064$abc$3021$luto_status_led.A[1]
                 Input port I0 , net   92:$techmap3062$abc$3021$lut$aiger3020$134.A[0]
                 Input port I1 , net   93:$techmap3062$abc$3021$lut$aiger3020$134.A[1]
                 Input port I2 , net   90:$techmap3062$abc$3021$lut$aiger3020$134.A[2]
                 Input port I3 , net   91:$techmap3062$abc$3021$lut$aiger3020$134.A[3]
                 Input port I4 , net   94:$techmap3062$abc$3021$lut$aiger3020$134.A[4]
                 Input port I5 , net   95:$techmap3062$abc$3021$lut$aiger3020$134.A[5]
    inst 43: $abc$3021$lut$aiger3020$139, LUT, dont_pack: 0, dont_place: 0, dont_touch: 0, RBB 20, cluster -1 output_local : 0  ROM=0000000000000000000000000000000000000000000000000000000100000000
                Output port O  , net  101:$techmap3064$abc$3021$luto_status_led.A[0]
                 Input port I0 , net  114:$techmap3063$abc$3021$lut$aiger3020$139.A[0]
                 Input port I1 , net  115:$techmap3063$abc$3021$lut$aiger3020$139.A[1]
                 Input port I2 , net  112:$techmap3063$abc$3021$lut$aiger3020$139.A[2]
                 Input port I3 , net  113:$techmap3063$abc$3021$lut$aiger3020$139.A[3]
                 Input port I4 , net  110:$techmap3063$abc$3021$lut$aiger3020$139.A[4]
                 Input port I5 , net  111:$techmap3063$abc$3021$lut$aiger3020$139.A[5]
    inst 44: $abc$3021$lut$aiger3020$175, LUT, dont_pack: 0, dont_place: 0, dont_touch: 0, RBB 14, cluster -1 output_local : 0  INIT=1000100010001000
                Output port O  , net  106:$techmap3077$abc$3021$luto_x_motor[0].A[1]
                 Input port I0 , net  109:$techmap3076$abc$3021$lut$aiger3020$175.A[0]
                 Input port I1 , net   96:$techmap3054$abc$3021$lut$not$aiger3020$36.A
    inst 45: $abc$3021$lut$not$aiger3020$36, LUT, dont_pack: 0, dont_place: 0, dont_touch: 0, RBB 13, cluster -1 output_local : 0  INIT=1010101010101010
                Output port O  , net   47:$auto$alumacc.cc:485:replace_alu$1281.Y[0]
                 Input port I0 , net   96:$techmap3054$abc$3021$lut$not$aiger3020$36.A
    inst 46: $abc$3021$lut$not$aiger3020$47, LUT, dont_pack: 0, dont_place: 0, dont_touch: 0, RBB 14, cluster -1 output_local : 0  INIT=1010101010101010
                Output port O  , net   37:$abc$3021$aiger3020$47b
                 Input port I0 , net   97:$techmap3055$abc$3021$lut$not$aiger3020$47.A
    inst 47: $abc$3021$lut\o_status_led, LUT, dont_pack: 0, dont_place: 0, dont_touch: 0, RBB 15, cluster -1 output_local : 0  INIT=0000000100000001
                Output port O  , net   14:o_status_led
                 Input port I0 , net  101:$techmap3064$abc$3021$luto_status_led.A[0]
                 Input port I1 , net  100:$techmap3064$abc$3021$luto_status_led.A[1]
                 Input port I2 , net   99:$techmap3064$abc$3021$luto_status_led.A[2]
    inst 48: $abc$3021$lut\o_x_motor[0], LUT, dont_pack: 0, dont_place: 0, dont_touch: 0, RBB 13, cluster -1 output_local : 0  INIT=0100010001000100
                Output port O  , net   11:o_x_motor[0]
                 Input port I0 , net  107:$techmap3077$abc$3021$luto_x_motor[0].A[0]
                 Input port I1 , net  106:$techmap3077$abc$3021$luto_x_motor[0].A[1]
    inst 49: $abc$3021$lut\o_x_motor[1], LUT, dont_pack: 0, dont_place: 0, dont_touch: 0, RBB 13, cluster -1 output_local : 0  INIT=0010111000101110
                Output port O  , net   10:o_x_motor[1]
                 Input port I0 , net  109:$techmap3076$abc$3021$lut$aiger3020$175.A[0]
                 Input port I1 , net  107:$techmap3077$abc$3021$luto_x_motor[0].A[0]
                 Input port I2 , net  116:$techmap3078$abc$3021$luto_x_motor[1].A[2]
    inst 50: $abc$3021$lut\o_x_motor[2], LUT, dont_pack: 0, dont_place: 0, dont_touch: 0, RBB 14, cluster -1 output_local : 0  INIT=1000100010001000
                Output port O  , net   13:o_x_motor[2]
                 Input port I0 , net  107:$techmap3077$abc$3021$luto_x_motor[0].A[0]
                 Input port I1 , net  106:$techmap3077$abc$3021$luto_x_motor[0].A[1]
    inst 51: $auto$abc9_ops.cc:1550:reintegrate$3023, LUT, dont_pack: 0, dont_place: 0, dont_touch: 0, RBB 14, cluster -1 output_local : 0  INIT=1000111110001111
                Output port O  , net   12:o_x_motor[3]
                 Input port I0 , net  109:$techmap3076$abc$3021$lut$aiger3020$175.A[0]
                 Input port I1 , net  107:$techmap3077$abc$3021$luto_x_motor[0].A[0]
                 Input port I2 , net   53:$techmap3080$auto$abc9_ops.cc:1550:reintegrate$3023.A[2]
    inst 52: $auto$alumacc.cc:485:replace_alu$1281.genblk1.slice[0].genblk1.carry4, CARRY4, dont_pack: 0, dont_place: 0, dont_touch: 0, RBB 13, cluster -1
                Output port O [0], net   40:$abc$3021$aiger3020$39
                Output port O [1], net   48:$auto$alumacc.cc:485:replace_alu$1281.Y[1]
                Output port O [2], net   49:$auto$alumacc.cc:485:replace_alu$1281.Y[2]
                Output port O [3], net   53:$techmap3080$auto$abc9_ops.cc:1550:reintegrate$3023.A[2]
                Output port CO[0], net   38:$abc$3021$aiger3020$43
                Output port CO[1], net  116:$techmap3078$abc$3021$luto_x_motor[1].A[2]
                Output port CO[2], net   39:$abc$3021$aiger3020$45
                Output port CO[3], net   36:$abc$3021$aiger3020$46
                 Input port DI[0], net    0:VCC_NET
                 Input port DI[1], net    1:GND_NET
                 Input port DI[2], net    1:GND_NET
                 Input port DI[3], net    1:GND_NET
                 Input port S [0], net   47:$auto$alumacc.cc:485:replace_alu$1281.Y[0]
                 Input port S [1], net  137:$techmap3076$abc$3021$lut$aiger3020$175.A[0]_buf137
                 Input port S [2], net  138:$techmap3077$abc$3021$luto_x_motor[0].A[0]_buf138
                 Input port S [3], net    1:GND_NET
                 Input port CI   , net    1:GND_NET
                 Input port CYINIT, net    1:GND_NET
    inst 53: $auto$alumacc.cc:485:replace_alu$1284.genblk1.slice[0].genblk1.carry4, CARRY4, dont_pack: 0, dont_place: 0, dont_touch: 0, RBB 14, cluster -1
                Output port O [0], net   26:$abc$3021$aiger3020$51
                Output port O [1], net   60:$techmap2184$auto$ff.cc:266:slice$1829.D
                Output port O [2], net   50:$techmap2198$auto$ff.cc:266:slice$1830.D
                Output port O [3], net   67:$techmap2202$auto$ff.cc:266:slice$1831.D
                Output port CO[0], net   24:$abc$3021$aiger3020$55
                Output port CO[1], net   23:$abc$3021$aiger3020$56
                Output port CO[2], net   25:$abc$3021$aiger3020$57
                Output port CO[3], net   22:$abc$3021$aiger3020$58
                 Input port DI[0], net    0:VCC_NET
                 Input port DI[1], net    1:GND_NET
                 Input port DI[2], net    1:GND_NET
                 Input port DI[3], net    1:GND_NET
                 Input port S [0], net   37:$abc$3021$aiger3020$47b
                 Input port S [1], net  139:$techmap3061$abc$3021$lut$aiger3020$129.A[2]_buf139
                 Input port S [2], net  140:$techmap3061$abc$3021$lut$aiger3020$129.A[1]_buf140
                 Input port S [3], net  141:$techmap3061$abc$3021$lut$aiger3020$129.A[0]_buf141
                 Input port CI   , net    1:GND_NET
                 Input port CYINIT, net    1:GND_NET
    inst 54: $auto$alumacc.cc:485:replace_alu$1284.genblk1.slice[1].genblk1.carry4, CARRY4, dont_pack: 0, dont_place: 0, dont_touch: 0, RBB 15, cluster -1
                Output port O [0], net  118:$techmap2199$auto$ff.cc:266:slice$1832.D
                Output port O [1], net   58:$techmap2200$auto$ff.cc:266:slice$1833.D
                Output port O [2], net  117:$techmap2195$auto$ff.cc:266:slice$1834.D
                Output port O [3], net   54:$techmap2201$auto$ff.cc:266:slice$1835.D
                Output port CO[0], net   21:$abc$3021$aiger3020$67
                Output port CO[1], net   20:$abc$3021$aiger3020$68
                Output port CO[2], net   30:$abc$3021$aiger3020$69
                Output port CO[3], net   31:$abc$3021$aiger3020$70
                 Input port DI[0], net    1:GND_NET
                 Input port DI[1], net    1:GND_NET
                 Input port DI[2], net    1:GND_NET
                 Input port DI[3], net    1:GND_NET
                 Input port S [0], net  142:$techmap3056$abc$3021$lut$aiger3020$121.A[2]_buf142
                 Input port S [1], net  143:$techmap3056$abc$3021$lut$aiger3020$121.A[1]_buf143
                 Input port S [2], net  144:$techmap3056$abc$3021$lut$aiger3020$121.A[3]_buf144
                 Input port S [3], net  145:$techmap3056$abc$3021$lut$aiger3020$121.A[0]_buf145
                 Input port CI   , net   22:$abc$3021$aiger3020$58
                 Input port CYINIT, net    1:GND_NET
    inst 55: $auto$alumacc.cc:485:replace_alu$1284.genblk1.slice[2].genblk1.carry4, CARRY4, dont_pack: 0, dont_place: 0, dont_touch: 0, RBB 16, cluster -1
                Output port O [0], net   56:$techmap3066$abc$3021$lut$0clk_div[23:0][8].A[0]
                Output port O [1], net  102:$techmap3067$abc$3021$lut$0clk_div[23:0][9].A[0]
                Output port O [2], net   46:$techmap2196$auto$ff.cc:266:slice$1838.D
                Output port O [3], net   98:$techmap3068$abc$3021$lut$0clk_div[23:0][11].A[0]
                Output port CO[0], net   28:$abc$3021$aiger3020$79
                Output port CO[1], net   29:$abc$3021$aiger3020$80
                Output port CO[2], net   27:$abc$3021$aiger3020$81
                Output port CO[3], net   43:$abc$3021$aiger3020$82
                 Input port DI[0], net    1:GND_NET
                 Input port DI[1], net    1:GND_NET
                 Input port DI[2], net    1:GND_NET
                 Input port DI[3], net    1:GND_NET
                 Input port S [0], net  146:$techmap3057$abc$3021$lut$aiger3020$122.A[0]_buf146
                 Input port S [1], net  147:$techmap3057$abc$3021$lut$aiger3020$122.A[1]_buf147
                 Input port S [2], net  148:$techmap3058$abc$3021$lut$aiger3020$123.A[1]_buf148
                 Input port S [3], net  149:$techmap3058$abc$3021$lut$aiger3020$123.A[0]_buf149
                 Input port CI   , net   31:$abc$3021$aiger3020$70
                 Input port CYINIT, net    1:GND_NET
    inst 56: $auto$alumacc.cc:485:replace_alu$1284.genblk1.slice[3].genblk1.carry4, CARRY4, dont_pack: 0, dont_place: 0, dont_touch: 0, RBB 17, cluster -1
                Output port O [0], net   57:$techmap3069$abc$3021$lut$0clk_div[23:0][12].A[0]
                Output port O [1], net   66:$techmap2193$auto$ff.cc:266:slice$1841.D
                Output port O [2], net   69:$techmap2188$auto$ff.cc:266:slice$1842.D
                Output port O [3], net   62:$techmap2179$auto$ff.cc:266:slice$1843.D
                Output port CO[0], net   42:$abc$3021$aiger3020$91
                Output port CO[1], net   41:$abc$3021$aiger3020$92
                Output port CO[2], net   45:$abc$3021$aiger3020$93
                Output port CO[3], net   44:$abc$3021$aiger3020$94
                 Input port DI[0], net    1:GND_NET
                 Input port DI[1], net    1:GND_NET
                 Input port DI[2], net    1:GND_NET
                 Input port DI[3], net    1:GND_NET
                 Input port S [0], net  150:$techmap3062$abc$3021$lut$aiger3020$134.A[1]_buf150
                 Input port S [1], net  151:$techmap3062$abc$3021$lut$aiger3020$134.A[0]_buf151
                 Input port S [2], net  152:$techmap3062$abc$3021$lut$aiger3020$134.A[2]_buf152
                 Input port S [3], net  153:$techmap3062$abc$3021$lut$aiger3020$134.A[3]_buf153
                 Input port CI   , net   43:$abc$3021$aiger3020$82
                 Input port CYINIT, net    1:GND_NET
    inst 57: $auto$alumacc.cc:485:replace_alu$1284.genblk1.slice[4].genblk1.carry4, CARRY4, dont_pack: 0, dont_place: 0, dont_touch: 0, RBB 18, cluster -1
                Output port O [0], net  105:$techmap3070$abc$3021$lut$0clk_div[23:0][16].A[2]
                Output port O [1], net   85:$techmap3071$abc$3021$lut$0clk_div[23:0][17].A[3]
                Output port O [2], net  103:$techmap3072$abc$3021$lut$0clk_div[23:0][18].A[2]
                Output port O [3], net   15:$techmap2176$auto$ff.cc:266:slice$1847.D
                Output port CO[0], net   17:$abc$3021$aiger3020$103
                Output port CO[1], net   19:$abc$3021$aiger3020$104
                Output port CO[2], net   18:$abc$3021$aiger3020$105
                Output port CO[3], net   16:$abc$3021$aiger3020$106
                 Input port DI[0], net    1:GND_NET
                 Input port DI[1], net    1:GND_NET
                 Input port DI[2], net    1:GND_NET
                 Input port DI[3], net    1:GND_NET
                 Input port S [0], net  154:$techmap3063$abc$3021$lut$aiger3020$139.A[2]_buf154
                 Input port S [1], net  155:$techmap3063$abc$3021$lut$aiger3020$139.A[0]_buf155
                 Input port S [2], net  156:$techmap3063$abc$3021$lut$aiger3020$139.A[1]_buf156
                 Input port S [3], net  157:$techmap3063$abc$3021$lut$aiger3020$139.A[3]_buf157
                 Input port CI   , net   44:$abc$3021$aiger3020$94
                 Input port CYINIT, net    1:GND_NET
    inst 58: $auto$alumacc.cc:485:replace_alu$1284.genblk1.slice[5].genblk1.carry4, CARRY4, dont_pack: 0, dont_place: 0, dont_touch: 0, RBB 19, cluster -1
                Output port O [0], net  108:$techmap3073$abc$3021$lut$0clk_div[23:0][20].A[3]
                Output port O [1], net   52:$techmap3074$abc$3021$lut$0clk_div[23:0][21].A[3]
                Output port O [2], net   64:$techmap2183$auto$ff.cc:266:slice$1850.D
                Output port O [3], net  104:$techmap3075$abc$3021$lut$0clk_div[23:0][23].A[3]
                Output port CO[0], net   35:$abc$3021$aiger3020$115
                Output port CO[1], net   34:$abc$3021$aiger3020$116
                Output port CO[2], net   33:$abc$3021$aiger3020$117
                Output port CO[3], net   32:$abc$3021$aiger3020$118
                 Input port DI[0], net    1:GND_NET
                 Input port DI[1], net    1:GND_NET
                 Input port DI[2], net    1:GND_NET
                 Input port DI[3], net    1:GND_NET
                 Input port S [0], net  158:$techmap3059$abc$3021$lut$aiger3020$124.A[1]_buf158
                 Input port S [1], net  159:$techmap3059$abc$3021$lut$aiger3020$124.A[0]_buf159
                 Input port S [2], net  160:$techmap3060$abc$3021$lut$aiger3020$125.A[1]_buf160
                 Input port S [3], net  161:$techmap3060$abc$3021$lut$aiger3020$125.A[0]_buf161
                 Input port CI   , net   16:$abc$3021$aiger3020$106
                 Input port CYINIT, net    1:GND_NET
    inst 59: $auto$ff.cc:266:slice$1825, FD, dont_pack: 0, dont_place: 0, dont_touch: 0, RBB 13, cluster -1
                 Clock port 0, net    7:i_clk
                Output port Q, net   96:$techmap3054$abc$3021$lut$not$aiger3020$36.A
                 Input port D  , net   47:$auto$alumacc.cc:485:replace_alu$1281.Y[0]
                 Input port CLR, net    6:i_rst
                 Input port CE , net   14:o_status_led
    inst 60: $auto$ff.cc:266:slice$1826, FD, dont_pack: 0, dont_place: 0, dont_touch: 0, RBB 13, cluster -1
                 Clock port 0, net    7:i_clk
                Output port Q, net  109:$techmap3076$abc$3021$lut$aiger3020$175.A[0]
                 Input port D  , net   48:$auto$alumacc.cc:485:replace_alu$1281.Y[1]
                 Input port CLR, net    6:i_rst
                 Input port CE , net   14:o_status_led
    inst 61: $auto$ff.cc:266:slice$1827, FD, dont_pack: 0, dont_place: 0, dont_touch: 0, RBB 13, cluster -1
                 Clock port 0, net    7:i_clk
                Output port Q, net  107:$techmap3077$abc$3021$luto_x_motor[0].A[0]
                 Input port D  , net   49:$auto$alumacc.cc:485:replace_alu$1281.Y[2]
                 Input port CLR, net    6:i_rst
                 Input port CE , net   14:o_status_led
    inst 62: $auto$ff.cc:266:slice$1828, FD, dont_pack: 0, dont_place: 0, dont_touch: 0, RBB 14, cluster -1
                 Clock port 0, net    7:i_clk
                Output port Q, net   97:$techmap3055$abc$3021$lut$not$aiger3020$47.A
                 Input port D  , net   59:$techmap2191$auto$ff.cc:266:slice$1828.D
                 Input port CLR, net    6:i_rst
    inst 63: $auto$ff.cc:266:slice$1829, FD, dont_pack: 0, dont_place: 0, dont_touch: 0, RBB 14, cluster -1
                 Clock port 0, net    7:i_clk
                Output port Q, net   87:$techmap3061$abc$3021$lut$aiger3020$129.A[2]
                 Input port D  , net   60:$techmap2184$auto$ff.cc:266:slice$1829.D
                 Input port CLR, net    6:i_rst
    inst 64: $auto$ff.cc:266:slice$1830, FD, dont_pack: 0, dont_place: 0, dont_touch: 0, RBB 14, cluster -1
                 Clock port 0, net    7:i_clk
                Output port Q, net   89:$techmap3061$abc$3021$lut$aiger3020$129.A[1]
                 Input port D  , net   50:$techmap2198$auto$ff.cc:266:slice$1830.D
                 Input port CLR, net    6:i_rst
    inst 65: $auto$ff.cc:266:slice$1831, FD, dont_pack: 0, dont_place: 0, dont_touch: 0, RBB 14, cluster -1
                 Clock port 0, net    7:i_clk
                Output port Q, net   88:$techmap3061$abc$3021$lut$aiger3020$129.A[0]
                 Input port D  , net   67:$techmap2202$auto$ff.cc:266:slice$1831.D
                 Input port CLR, net    6:i_rst
    inst 66: $auto$ff.cc:266:slice$1832, FD, dont_pack: 0, dont_place: 0, dont_touch: 0, RBB 15, cluster -1
                 Clock port 0, net    7:i_clk
                Output port Q, net   79:$techmap3056$abc$3021$lut$aiger3020$121.A[2]
                 Input port D  , net  118:$techmap2199$auto$ff.cc:266:slice$1832.D
                 Input port CLR, net    6:i_rst
    inst 67: $auto$ff.cc:266:slice$1833, FD, dont_pack: 0, dont_place: 0, dont_touch: 0, RBB 15, cluster -1
                 Clock port 0, net    7:i_clk
                Output port Q, net   82:$techmap3056$abc$3021$lut$aiger3020$121.A[1]
                 Input port D  , net   58:$techmap2200$auto$ff.cc:266:slice$1833.D
                 Input port CLR, net    6:i_rst
    inst 68: $auto$ff.cc:266:slice$1834, FD, dont_pack: 0, dont_place: 0, dont_touch: 0, RBB 15, cluster -1
                 Clock port 0, net    7:i_clk
                Output port Q, net   80:$techmap3056$abc$3021$lut$aiger3020$121.A[3]
                 Input port D  , net  117:$techmap2195$auto$ff.cc:266:slice$1834.D
                 Input port CLR, net    6:i_rst
    inst 69: $auto$ff.cc:266:slice$1835, FD, dont_pack: 0, dont_place: 0, dont_touch: 0, RBB 15, cluster -1
                 Clock port 0, net    7:i_clk
                Output port Q, net   81:$techmap3056$abc$3021$lut$aiger3020$121.A[0]
                 Input port D  , net   54:$techmap2201$auto$ff.cc:266:slice$1835.D
                 Input port CLR, net    6:i_rst
    inst 70: $auto$ff.cc:266:slice$1836, FD, dont_pack: 0, dont_place: 0, dont_touch: 0, RBB 16, cluster -1
                 Clock port 0, net    7:i_clk
                Output port Q, net   77:$techmap3057$abc$3021$lut$aiger3020$122.A[0]
                 Input port D  , net   61:$techmap2194$auto$ff.cc:266:slice$1836.D
                 Input port CLR, net    6:i_rst
    inst 71: $auto$ff.cc:266:slice$1837, FD, dont_pack: 0, dont_place: 0, dont_touch: 0, RBB 16, cluster -1
                 Clock port 0, net    7:i_clk
                Output port Q, net   78:$techmap3057$abc$3021$lut$aiger3020$122.A[1]
                 Input port D  , net   70:$techmap2187$auto$ff.cc:266:slice$1837.D
                 Input port CLR, net    6:i_rst
    inst 72: $auto$ff.cc:266:slice$1838, FD, dont_pack: 0, dont_place: 0, dont_touch: 0, RBB 16, cluster -1
                 Clock port 0, net    7:i_clk
                Output port Q, net   84:$techmap3058$abc$3021$lut$aiger3020$123.A[1]
                 Input port D  , net   46:$techmap2196$auto$ff.cc:266:slice$1838.D
                 Input port CLR, net    6:i_rst
    inst 73: $auto$ff.cc:266:slice$1839, FD, dont_pack: 0, dont_place: 0, dont_touch: 0, RBB 16, cluster -1
                 Clock port 0, net    7:i_clk
                Output port Q, net   83:$techmap3058$abc$3021$lut$aiger3020$123.A[0]
                 Input port D  , net   55:$techmap2197$auto$ff.cc:266:slice$1839.D
                 Input port CLR, net    6:i_rst
    inst 74: $auto$ff.cc:266:slice$1840, FD, dont_pack: 0, dont_place: 0, dont_touch: 0, RBB 17, cluster -1
                 Clock port 0, net    7:i_clk
                Output port Q, net   93:$techmap3062$abc$3021$lut$aiger3020$134.A[1]
                 Input port D  , net   68:$techmap2192$auto$ff.cc:266:slice$1840.D
                 Input port CLR, net    6:i_rst
    inst 75: $auto$ff.cc:266:slice$1841, FD, dont_pack: 0, dont_place: 0, dont_touch: 0, RBB 17, cluster -1
                 Clock port 0, net    7:i_clk
                Output port Q, net   92:$techmap3062$abc$3021$lut$aiger3020$134.A[0]
                 Input port D  , net   66:$techmap2193$auto$ff.cc:266:slice$1841.D
                 Input port CLR, net    6:i_rst
    inst 76: $auto$ff.cc:266:slice$1842, FD, dont_pack: 0, dont_place: 0, dont_touch: 0, RBB 17, cluster -1
                 Clock port 0, net    7:i_clk
                Output port Q, net   90:$techmap3062$abc$3021$lut$aiger3020$134.A[2]
                 Input port D  , net   69:$techmap2188$auto$ff.cc:266:slice$1842.D
                 Input port CLR, net    6:i_rst
    inst 77: $auto$ff.cc:266:slice$1843, FD, dont_pack: 0, dont_place: 0, dont_touch: 0, RBB 17, cluster -1
                 Clock port 0, net    7:i_clk
                Output port Q, net   91:$techmap3062$abc$3021$lut$aiger3020$134.A[3]
                 Input port D  , net   62:$techmap2179$auto$ff.cc:266:slice$1843.D
                 Input port CLR, net    6:i_rst
    inst 78: $auto$ff.cc:266:slice$1844, FD, dont_pack: 0, dont_place: 0, dont_touch: 0, RBB 18, cluster -1
                 Clock port 0, net    7:i_clk
                Output port Q, net  112:$techmap3063$abc$3021$lut$aiger3020$139.A[2]
                 Input port D  , net  119:$techmap2177$auto$ff.cc:266:slice$1844.D
                 Input port CLR, net    6:i_rst
    inst 79: $auto$ff.cc:266:slice$1845, FD, dont_pack: 0, dont_place: 0, dont_touch: 0, RBB 18, cluster -1
                 Clock port 0, net    7:i_clk
                Output port Q, net  114:$techmap3063$abc$3021$lut$aiger3020$139.A[0]
                 Input port D  , net   65:$techmap2181$auto$ff.cc:266:slice$1845.D
                 Input port CLR, net    6:i_rst
    inst 80: $auto$ff.cc:266:slice$1846, FD, dont_pack: 0, dont_place: 0, dont_touch: 0, RBB 18, cluster -1
                 Clock port 0, net    7:i_clk
                Output port Q, net  115:$techmap3063$abc$3021$lut$aiger3020$139.A[1]
                 Input port D  , net   51:$techmap2178$auto$ff.cc:266:slice$1846.D
                 Input port CLR, net    6:i_rst
    inst 81: $auto$ff.cc:266:slice$1847, FD, dont_pack: 0, dont_place: 0, dont_touch: 0, RBB 18, cluster -1
                 Clock port 0, net    7:i_clk
                Output port Q, net  113:$techmap3063$abc$3021$lut$aiger3020$139.A[3]
                 Input port D  , net   15:$techmap2176$auto$ff.cc:266:slice$1847.D
                 Input port CLR, net    6:i_rst
    inst 82: $auto$ff.cc:266:slice$1848, FD, dont_pack: 0, dont_place: 0, dont_touch: 0, RBB 19, cluster -1
                 Clock port 0, net    7:i_clk
                Output port Q, net   76:$techmap3059$abc$3021$lut$aiger3020$124.A[1]
                 Input port D  , net   72:$techmap2180$auto$ff.cc:266:slice$1848.D
                 Input port CLR, net    6:i_rst
    inst 83: $auto$ff.cc:266:slice$1849, FD, dont_pack: 0, dont_place: 0, dont_touch: 0, RBB 19, cluster -1
                 Clock port 0, net    7:i_clk
                Output port Q, net   75:$techmap3059$abc$3021$lut$aiger3020$124.A[0]
                 Input port D  , net   63:$techmap2182$auto$ff.cc:266:slice$1849.D
                 Input port CLR, net    6:i_rst
    inst 84: $auto$ff.cc:266:slice$1850, FD, dont_pack: 0, dont_place: 0, dont_touch: 0, RBB 19, cluster -1
                 Clock port 0, net    7:i_clk
                Output port Q, net   74:$techmap3060$abc$3021$lut$aiger3020$125.A[1]
                 Input port D  , net   64:$techmap2183$auto$ff.cc:266:slice$1850.D
                 Input port CLR, net    6:i_rst
    inst 85: $auto$ff.cc:266:slice$1851, FD, dont_pack: 0, dont_place: 0, dont_touch: 0, RBB 19, cluster -1
                 Clock port 0, net    7:i_clk
                Output port Q, net   73:$techmap3060$abc$3021$lut$aiger3020$125.A[0]
                 Input port D  , net   71:$techmap2189$auto$ff.cc:266:slice$1851.D
                 Input port CLR, net    6:i_rst
    inst 86: g_86_i_clk_ibuf, IO, dont_pack: 1, dont_place: 0, dont_touch: 0, RBB -1, cluster -1  Direction: input,  input_delay -1
                Output port O, net    7:i_clk
                 Input port I  , net  120:i_clk_ibuf
    inst 87: g_87_i_rst_ibuf, IO, dont_pack: 0, dont_place: 0, dont_touch: 0, RBB 8, cluster -1  Direction: input,  input_delay -1
                Output port O, net    6:i_rst
                 Input port I  , net  121:i_rst_ibuf
    inst 88: g_88_o_led_en_obuf, IO, dont_pack: 0, dont_place: 0, dont_touch: 0, RBB 0, cluster -1  Direction: output, output_delay -1
                Output port O, net  122:o_led_en_obuf
                 Input port I  , net    0:VCC_NET
    inst 89: g_89_o_motor_en_obuf, IO, dont_pack: 0, dont_place: 0, dont_touch: 0, RBB 1, cluster -1  Direction: output, output_delay -1
                Output port O, net  123:o_motor_en_obuf
                 Input port I  , net    0:VCC_NET
    inst 90: g_90_o_status_led_obuf, IO, dont_pack: 0, dont_place: 0, dont_touch: 0, RBB 1, cluster -1  Direction: output, output_delay -1
                Output port O, net  124:o_status_led_obuf
                 Input port I  , net   14:o_status_led
    inst 91: g_91_o_x_motor_0_obuf, IO, dont_pack: 0, dont_place: 0, dont_touch: 0, RBB 6, cluster -1  Direction: output, output_delay -1
                Output port O, net  125:o_x_motor_0_obuf
                 Input port I  , net   11:o_x_motor[0]
    inst 92: g_92_o_x_motor_1_obuf, IO, dont_pack: 0, dont_place: 0, dont_touch: 0, RBB 5, cluster -1  Direction: output, output_delay -1
                Output port O, net  126:o_x_motor_1_obuf
                 Input port I  , net   10:o_x_motor[1]
    inst 93: g_93_o_x_motor_2_obuf, IO, dont_pack: 0, dont_place: 0, dont_touch: 0, RBB 4, cluster -1  Direction: output, output_delay -1
                Output port O, net  127:o_x_motor_2_obuf
                 Input port I  , net   13:o_x_motor[2]
    inst 94: g_94_o_x_motor_3_obuf, IO, dont_pack: 0, dont_place: 0, dont_touch: 0, RBB 2, cluster -1  Direction: output, output_delay -1
                Output port O, net  128:o_x_motor_3_obuf
                 Input port I  , net   12:o_x_motor[3]
    inst 95: g_95_o_y_motor_0_obuf, IO, dont_pack: 0, dont_place: 0, dont_touch: 0, RBB 3, cluster -1  Direction: output, output_delay -1
                Output port O, net  129:o_y_motor_0_obuf
                 Input port I  , net    1:GND_NET
    inst 96: g_96_o_y_motor_1_obuf, IO, dont_pack: 0, dont_place: 0, dont_touch: 0, RBB 12, cluster -1  Direction: output, output_delay -1
                Output port O, net  130:o_y_motor_1_obuf
                 Input port I  , net    1:GND_NET
    inst 97: g_97_o_y_motor_2_obuf, IO, dont_pack: 0, dont_place: 0, dont_touch: 0, RBB 11, cluster -1  Direction: output, output_delay -1
                Output port O, net  131:o_y_motor_2_obuf
                 Input port I  , net    1:GND_NET
    inst 98: g_98_o_y_motor_3_obuf, IO, dont_pack: 0, dont_place: 0, dont_touch: 0, RBB 10, cluster -1  Direction: output, output_delay -1
                Output port O, net  132:o_y_motor_3_obuf
                 Input port I  , net    1:GND_NET
    inst 99: g_99_o_z_motor_0_obuf, IO, dont_pack: 0, dont_place: 0, dont_touch: 0, RBB 9, cluster -1  Direction: output, output_delay -1
                Output port O, net  133:o_z_motor_0_obuf
                 Input port I  , net    1:GND_NET
    inst 100: g_100_o_z_motor_1_obuf, IO, dont_pack: 0, dont_place: 0, dont_touch: 0, RBB 8, cluster -1  Direction: output, output_delay -1
                Output port O, net  134:o_z_motor_1_obuf
                 Input port I  , net    1:GND_NET
    inst 101: g_101_o_z_motor_2_obuf, IO, dont_pack: 0, dont_place: 0, dont_touch: 0, RBB 7, cluster -1  Direction: output, output_delay -1
                Output port O, net  135:o_z_motor_2_obuf
                 Input port I  , net    1:GND_NET
    inst 102: g_102_o_z_motor_3_obuf, IO, dont_pack: 0, dont_place: 0, dont_touch: 0, RBB 0, cluster -1  Direction: output, output_delay -1
                Output port O, net  136:o_z_motor_3_obuf
                 Input port I  , net    1:GND_NET
    inst 103: $auto$ff.cc:266:slice$1826_buf103_i, LUT, dont_pack: 0, dont_place: 0, dont_touch: 0, RBB 13, cluster -1 output_local : 0  INIT=0101010101010101
                Output port O  , net  137:$techmap3076$abc$3021$lut$aiger3020$175.A[0]_buf137
                 Input port I0 , net  109:$techmap3076$abc$3021$lut$aiger3020$175.A[0]
    inst 104: $auto$ff.cc:266:slice$1827_buf104_i, LUT, dont_pack: 0, dont_place: 0, dont_touch: 0, RBB 13, cluster -1 output_local : 0  INIT=0101010101010101
                Output port O  , net  138:$techmap3077$abc$3021$luto_x_motor[0].A[0]_buf138
                 Input port I0 , net  107:$techmap3077$abc$3021$luto_x_motor[0].A[0]
    inst 105: $auto$ff.cc:266:slice$1829_buf105_i, LUT, dont_pack: 0, dont_place: 0, dont_touch: 0, RBB 14, cluster -1 output_local : 0  INIT=0101010101010101
                Output port O  , net  139:$techmap3061$abc$3021$lut$aiger3020$129.A[2]_buf139
                 Input port I0 , net   87:$techmap3061$abc$3021$lut$aiger3020$129.A[2]
    inst 106: $auto$ff.cc:266:slice$1830_buf106_i, LUT, dont_pack: 0, dont_place: 0, dont_touch: 0, RBB 14, cluster -1 output_local : 0  INIT=0101010101010101
                Output port O  , net  140:$techmap3061$abc$3021$lut$aiger3020$129.A[1]_buf140
                 Input port I0 , net   89:$techmap3061$abc$3021$lut$aiger3020$129.A[1]
    inst 107: $auto$ff.cc:266:slice$1831_buf107_i, LUT, dont_pack: 0, dont_place: 0, dont_touch: 0, RBB 14, cluster -1 output_local : 0  INIT=0101010101010101
                Output port O  , net  141:$techmap3061$abc$3021$lut$aiger3020$129.A[0]_buf141
                 Input port I0 , net   88:$techmap3061$abc$3021$lut$aiger3020$129.A[0]
    inst 108: $auto$ff.cc:266:slice$1832_buf108_i, LUT, dont_pack: 0, dont_place: 0, dont_touch: 0, RBB 15, cluster -1 output_local : 0  INIT=0101010101010101
                Output port O  , net  142:$techmap3056$abc$3021$lut$aiger3020$121.A[2]_buf142
                 Input port I0 , net   79:$techmap3056$abc$3021$lut$aiger3020$121.A[2]
    inst 109: $auto$ff.cc:266:slice$1833_buf109_i, LUT, dont_pack: 0, dont_place: 0, dont_touch: 0, RBB 15, cluster -1 output_local : 0  INIT=0101010101010101
                Output port O  , net  143:$techmap3056$abc$3021$lut$aiger3020$121.A[1]_buf143
                 Input port I0 , net   82:$techmap3056$abc$3021$lut$aiger3020$121.A[1]
    inst 110: $auto$ff.cc:266:slice$1834_buf110_i, LUT, dont_pack: 0, dont_place: 0, dont_touch: 0, RBB 15, cluster -1 output_local : 0  INIT=0101010101010101
                Output port O  , net  144:$techmap3056$abc$3021$lut$aiger3020$121.A[3]_buf144
                 Input port I0 , net   80:$techmap3056$abc$3021$lut$aiger3020$121.A[3]
    inst 111: $auto$ff.cc:266:slice$1835_buf111_i, LUT, dont_pack: 0, dont_place: 0, dont_touch: 0, RBB 15, cluster -1 output_local : 0  INIT=0101010101010101
                Output port O  , net  145:$techmap3056$abc$3021$lut$aiger3020$121.A[0]_buf145
                 Input port I0 , net   81:$techmap3056$abc$3021$lut$aiger3020$121.A[0]
    inst 112: $auto$ff.cc:266:slice$1836_buf112_i, LUT, dont_pack: 0, dont_place: 0, dont_touch: 0, RBB 16, cluster -1 output_local : 0  INIT=0101010101010101
                Output port O  , net  146:$techmap3057$abc$3021$lut$aiger3020$122.A[0]_buf146
                 Input port I0 , net   77:$techmap3057$abc$3021$lut$aiger3020$122.A[0]
    inst 113: $auto$ff.cc:266:slice$1837_buf113_i, LUT, dont_pack: 0, dont_place: 0, dont_touch: 0, RBB 16, cluster -1 output_local : 0  INIT=0101010101010101
                Output port O  , net  147:$techmap3057$abc$3021$lut$aiger3020$122.A[1]_buf147
                 Input port I0 , net   78:$techmap3057$abc$3021$lut$aiger3020$122.A[1]
    inst 114: $auto$ff.cc:266:slice$1838_buf114_i, LUT, dont_pack: 0, dont_place: 0, dont_touch: 0, RBB 16, cluster -1 output_local : 0  INIT=0101010101010101
                Output port O  , net  148:$techmap3058$abc$3021$lut$aiger3020$123.A[1]_buf148
                 Input port I0 , net   84:$techmap3058$abc$3021$lut$aiger3020$123.A[1]
    inst 115: $auto$ff.cc:266:slice$1839_buf115_i, LUT, dont_pack: 0, dont_place: 0, dont_touch: 0, RBB 16, cluster -1 output_local : 0  INIT=0101010101010101
                Output port O  , net  149:$techmap3058$abc$3021$lut$aiger3020$123.A[0]_buf149
                 Input port I0 , net   83:$techmap3058$abc$3021$lut$aiger3020$123.A[0]
    inst 116: $auto$ff.cc:266:slice$1840_buf116_i, LUT, dont_pack: 0, dont_place: 0, dont_touch: 0, RBB 17, cluster -1 output_local : 0  INIT=0101010101010101
                Output port O  , net  150:$techmap3062$abc$3021$lut$aiger3020$134.A[1]_buf150
                 Input port I0 , net   93:$techmap3062$abc$3021$lut$aiger3020$134.A[1]
    inst 117: $auto$ff.cc:266:slice$1841_buf117_i, LUT, dont_pack: 0, dont_place: 0, dont_touch: 0, RBB 17, cluster -1 output_local : 0  INIT=0101010101010101
                Output port O  , net  151:$techmap3062$abc$3021$lut$aiger3020$134.A[0]_buf151
                 Input port I0 , net   92:$techmap3062$abc$3021$lut$aiger3020$134.A[0]
    inst 118: $auto$ff.cc:266:slice$1842_buf118_i, LUT, dont_pack: 0, dont_place: 0, dont_touch: 0, RBB 17, cluster -1 output_local : 0  INIT=0101010101010101
                Output port O  , net  152:$techmap3062$abc$3021$lut$aiger3020$134.A[2]_buf152
                 Input port I0 , net   90:$techmap3062$abc$3021$lut$aiger3020$134.A[2]
    inst 119: $auto$ff.cc:266:slice$1843_buf119_i, LUT, dont_pack: 0, dont_place: 0, dont_touch: 0, RBB 17, cluster -1 output_local : 0  INIT=0101010101010101
                Output port O  , net  153:$techmap3062$abc$3021$lut$aiger3020$134.A[3]_buf153
                 Input port I0 , net   91:$techmap3062$abc$3021$lut$aiger3020$134.A[3]
    inst 120: $auto$ff.cc:266:slice$1844_buf120_i, LUT, dont_pack: 0, dont_place: 0, dont_touch: 0, RBB 18, cluster -1 output_local : 0  INIT=0101010101010101
                Output port O  , net  154:$techmap3063$abc$3021$lut$aiger3020$139.A[2]_buf154
                 Input port I0 , net  112:$techmap3063$abc$3021$lut$aiger3020$139.A[2]
    inst 121: $auto$ff.cc:266:slice$1845_buf121_i, LUT, dont_pack: 0, dont_place: 0, dont_touch: 0, RBB 18, cluster -1 output_local : 0  INIT=0101010101010101
                Output port O  , net  155:$techmap3063$abc$3021$lut$aiger3020$139.A[0]_buf155
                 Input port I0 , net  114:$techmap3063$abc$3021$lut$aiger3020$139.A[0]
    inst 122: $auto$ff.cc:266:slice$1846_buf122_i, LUT, dont_pack: 0, dont_place: 0, dont_touch: 0, RBB 18, cluster -1 output_local : 0  INIT=0101010101010101
                Output port O  , net  156:$techmap3063$abc$3021$lut$aiger3020$139.A[1]_buf156
                 Input port I0 , net  115:$techmap3063$abc$3021$lut$aiger3020$139.A[1]
    inst 123: $auto$ff.cc:266:slice$1847_buf123_i, LUT, dont_pack: 0, dont_place: 0, dont_touch: 0, RBB 18, cluster -1 output_local : 0  INIT=0101010101010101
                Output port O  , net  157:$techmap3063$abc$3021$lut$aiger3020$139.A[3]_buf157
                 Input port I0 , net  113:$techmap3063$abc$3021$lut$aiger3020$139.A[3]
    inst 124: $auto$ff.cc:266:slice$1848_buf124_i, LUT, dont_pack: 0, dont_place: 0, dont_touch: 0, RBB 19, cluster -1 output_local : 0  INIT=0101010101010101
                Output port O  , net  158:$techmap3059$abc$3021$lut$aiger3020$124.A[1]_buf158
                 Input port I0 , net   76:$techmap3059$abc$3021$lut$aiger3020$124.A[1]
    inst 125: $auto$ff.cc:266:slice$1849_buf125_i, LUT, dont_pack: 0, dont_place: 0, dont_touch: 0, RBB 19, cluster -1 output_local : 0  INIT=0101010101010101
                Output port O  , net  159:$techmap3059$abc$3021$lut$aiger3020$124.A[0]_buf159
                 Input port I0 , net   75:$techmap3059$abc$3021$lut$aiger3020$124.A[0]
    inst 126: $auto$ff.cc:266:slice$1850_buf126_i, LUT, dont_pack: 0, dont_place: 0, dont_touch: 0, RBB 19, cluster -1 output_local : 0  INIT=0101010101010101
                Output port O  , net  160:$techmap3060$abc$3021$lut$aiger3020$125.A[1]_buf160
                 Input port I0 , net   74:$techmap3060$abc$3021$lut$aiger3020$125.A[1]
    inst 127: $auto$ff.cc:266:slice$1851_buf127_i, LUT, dont_pack: 0, dont_place: 0, dont_touch: 0, RBB 19, cluster -1 output_local : 0  INIT=0101010101010101
                Output port O  , net  161:$techmap3060$abc$3021$lut$aiger3020$125.A[0]_buf161
                 Input port I0 , net   73:$techmap3060$abc$3021$lut$aiger3020$125.A[0]
    net 0:VCC_NET, don't route: 1, ignore timing: 1, Anet:0.000000, Clock domain -1, Clock synchronizer: 0
            Output port: inst   24:       VCC, port P/G, Anet:0.000000
             Input port: inst   52:$auto$alumacc.cc:485:replace_alu$1281.genblk1.slice[0].genblk1.carry4, port DI[0], FF -1, Anet:0.000000
             Input port: inst   53:$auto$alumacc.cc:485:replace_alu$1284.genblk1.slice[0].genblk1.carry4, port DI[0], FF -1, Anet:0.000000
             Input port: inst   88:g_88_o_led_en_obuf, port I  , FF -1, Anet:0.000000
             Input port: inst   89:g_89_o_motor_en_obuf, port I  , FF -1, Anet:0.000000
    net 1:GND_NET, don't route: 1, ignore timing: 1, Anet:0.000000, Clock domain -1, Clock synchronizer: 0
            Output port: inst   23:       GND, port P/G, Anet:0.000000
             Input port: inst   52:$auto$alumacc.cc:485:replace_alu$1281.genblk1.slice[0].genblk1.carry4, port DI[1], FF -1, Anet:0.000000
             Input port: inst   52:$auto$alumacc.cc:485:replace_alu$1281.genblk1.slice[0].genblk1.carry4, port DI[2], FF -1, Anet:0.000000
             Input port: inst   52:$auto$alumacc.cc:485:replace_alu$1281.genblk1.slice[0].genblk1.carry4, port DI[3], FF -1, Anet:0.000000
             Input port: inst   52:$auto$alumacc.cc:485:replace_alu$1281.genblk1.slice[0].genblk1.carry4, port S [3], FF -1, Anet:0.000000
             Input port: inst   52:$auto$alumacc.cc:485:replace_alu$1281.genblk1.slice[0].genblk1.carry4, port CI   , FF -1, Anet:0.000000
             Input port: inst   52:$auto$alumacc.cc:485:replace_alu$1281.genblk1.slice[0].genblk1.carry4, port CYINIT, FF -1, Anet:0.000000
             Input port: inst   53:$auto$alumacc.cc:485:replace_alu$1284.genblk1.slice[0].genblk1.carry4, port DI[1], FF -1, Anet:0.000000
             Input port: inst   53:$auto$alumacc.cc:485:replace_alu$1284.genblk1.slice[0].genblk1.carry4, port DI[2], FF -1, Anet:0.000000
             Input port: inst   53:$auto$alumacc.cc:485:replace_alu$1284.genblk1.slice[0].genblk1.carry4, port DI[3], FF -1, Anet:0.000000
             Input port: inst   53:$auto$alumacc.cc:485:replace_alu$1284.genblk1.slice[0].genblk1.carry4, port CI   , FF -1, Anet:0.000000
             Input port: inst   53:$auto$alumacc.cc:485:replace_alu$1284.genblk1.slice[0].genblk1.carry4, port CYINIT, FF -1, Anet:0.000000
             Input port: inst   54:$auto$alumacc.cc:485:replace_alu$1284.genblk1.slice[1].genblk1.carry4, port DI[0], FF -1, Anet:0.000000
             Input port: inst   54:$auto$alumacc.cc:485:replace_alu$1284.genblk1.slice[1].genblk1.carry4, port DI[1], FF -1, Anet:0.000000
             Input port: inst   54:$auto$alumacc.cc:485:replace_alu$1284.genblk1.slice[1].genblk1.carry4, port DI[2], FF -1, Anet:0.000000
             Input port: inst   54:$auto$alumacc.cc:485:replace_alu$1284.genblk1.slice[1].genblk1.carry4, port DI[3], FF -1, Anet:0.000000
             Input port: inst   54:$auto$alumacc.cc:485:replace_alu$1284.genblk1.slice[1].genblk1.carry4, port CYINIT, FF -1, Anet:0.000000
             Input port: inst   55:$auto$alumacc.cc:485:replace_alu$1284.genblk1.slice[2].genblk1.carry4, port DI[0], FF -1, Anet:0.000000
             Input port: inst   55:$auto$alumacc.cc:485:replace_alu$1284.genblk1.slice[2].genblk1.carry4, port DI[1], FF -1, Anet:0.000000
             Input port: inst   55:$auto$alumacc.cc:485:replace_alu$1284.genblk1.slice[2].genblk1.carry4, port DI[2], FF -1, Anet:0.000000
             Input port: inst   55:$auto$alumacc.cc:485:replace_alu$1284.genblk1.slice[2].genblk1.carry4, port DI[3], FF -1, Anet:0.000000
             Input port: inst   55:$auto$alumacc.cc:485:replace_alu$1284.genblk1.slice[2].genblk1.carry4, port CYINIT, FF -1, Anet:0.000000
             Input port: inst   56:$auto$alumacc.cc:485:replace_alu$1284.genblk1.slice[3].genblk1.carry4, port DI[0], FF -1, Anet:0.000000
             Input port: inst   56:$auto$alumacc.cc:485:replace_alu$1284.genblk1.slice[3].genblk1.carry4, port DI[1], FF -1, Anet:0.000000
             Input port: inst   56:$auto$alumacc.cc:485:replace_alu$1284.genblk1.slice[3].genblk1.carry4, port DI[2], FF -1, Anet:0.000000
             Input port: inst   56:$auto$alumacc.cc:485:replace_alu$1284.genblk1.slice[3].genblk1.carry4, port DI[3], FF -1, Anet:0.000000
             Input port: inst   56:$auto$alumacc.cc:485:replace_alu$1284.genblk1.slice[3].genblk1.carry4, port CYINIT, FF -1, Anet:0.000000
             Input port: inst   57:$auto$alumacc.cc:485:replace_alu$1284.genblk1.slice[4].genblk1.carry4, port DI[0], FF -1, Anet:0.000000
             Input port: inst   57:$auto$alumacc.cc:485:replace_alu$1284.genblk1.slice[4].genblk1.carry4, port DI[1], FF -1, Anet:0.000000
             Input port: inst   57:$auto$alumacc.cc:485:replace_alu$1284.genblk1.slice[4].genblk1.carry4, port DI[2], FF -1, Anet:0.000000
             Input port: inst   57:$auto$alumacc.cc:485:replace_alu$1284.genblk1.slice[4].genblk1.carry4, port DI[3], FF -1, Anet:0.000000
             Input port: inst   57:$auto$alumacc.cc:485:replace_alu$1284.genblk1.slice[4].genblk1.carry4, port CYINIT, FF -1, Anet:0.000000
             Input port: inst   58:$auto$alumacc.cc:485:replace_alu$1284.genblk1.slice[5].genblk1.carry4, port DI[0], FF -1, Anet:0.000000
             Input port: inst   58:$auto$alumacc.cc:485:replace_alu$1284.genblk1.slice[5].genblk1.carry4, port DI[1], FF -1, Anet:0.000000
             Input port: inst   58:$auto$alumacc.cc:485:replace_alu$1284.genblk1.slice[5].genblk1.carry4, port DI[2], FF -1, Anet:0.000000
             Input port: inst   58:$auto$alumacc.cc:485:replace_alu$1284.genblk1.slice[5].genblk1.carry4, port DI[3], FF -1, Anet:0.000000
             Input port: inst   58:$auto$alumacc.cc:485:replace_alu$1284.genblk1.slice[5].genblk1.carry4, port CYINIT, FF -1, Anet:0.000000
             Input port: inst   95:g_95_o_y_motor_0_obuf, port I  , FF -1, Anet:0.000000
             Input port: inst   96:g_96_o_y_motor_1_obuf, port I  , FF -1, Anet:0.000000
             Input port: inst   97:g_97_o_y_motor_2_obuf, port I  , FF -1, Anet:0.000000
             Input port: inst   98:g_98_o_y_motor_3_obuf, port I  , FF -1, Anet:0.000000
             Input port: inst   99:g_99_o_z_motor_0_obuf, port I  , FF -1, Anet:0.000000
             Input port: inst  100:g_100_o_z_motor_1_obuf, port I  , FF -1, Anet:0.000000
             Input port: inst  101:g_101_o_z_motor_2_obuf, port I  , FF -1, Anet:0.000000
             Input port: inst  102:g_102_o_z_motor_3_obuf, port I  , FF -1, Anet:0.000000
    net 2:i_y_dir, don't route: 1, ignore timing: 0, Anet:0.000000, Clock domain -1, Clock synchronizer: 0
            Output port: inst    4:   i_y_dir, port O, Anet:0.000000
    net 3:i_y_step, don't route: 1, ignore timing: 0, Anet:0.000000, Clock domain -1, Clock synchronizer: 0
            Output port: inst    5:  i_y_step, port O, Anet:0.000000
    net 4:i_z_dir, don't route: 1, ignore timing: 0, Anet:0.000000, Clock domain -1, Clock synchronizer: 0
            Output port: inst    6:   i_z_dir, port O, Anet:0.000000
    net 5:i_z_step, don't route: 1, ignore timing: 0, Anet:0.000000, Clock domain -1, Clock synchronizer: 0
            Output port: inst    7:  i_z_step, port O, Anet:0.000000
    net 6:i_rst, don't route: 0, ignore timing: 1, Anet:0.000000, Clock domain -1, Clock synchronizer: 0
            Output port: inst   87:g_87_i_rst_ibuf, port O, Anet:0.000000
             Input port: inst   59:$auto$ff.cc:266:slice$1825, port CLR, FF -1, Anet:0.000000
             Input port: inst   60:$auto$ff.cc:266:slice$1826, port CLR, FF -1, Anet:0.000000
             Input port: inst   61:$auto$ff.cc:266:slice$1827, port CLR, FF -1, Anet:0.000000
             Input port: inst   62:$auto$ff.cc:266:slice$1828, port CLR, FF -1, Anet:0.000000
             Input port: inst   63:$auto$ff.cc:266:slice$1829, port CLR, FF -1, Anet:0.000000
             Input port: inst   64:$auto$ff.cc:266:slice$1830, port CLR, FF -1, Anet:0.000000
             Input port: inst   65:$auto$ff.cc:266:slice$1831, port CLR, FF -1, Anet:0.000000
             Input port: inst   66:$auto$ff.cc:266:slice$1832, port CLR, FF -1, Anet:0.000000
             Input port: inst   67:$auto$ff.cc:266:slice$1833, port CLR, FF -1, Anet:0.000000
             Input port: inst   68:$auto$ff.cc:266:slice$1834, port CLR, FF -1, Anet:0.000000
             Input port: inst   69:$auto$ff.cc:266:slice$1835, port CLR, FF -1, Anet:0.000000
             Input port: inst   70:$auto$ff.cc:266:slice$1836, port CLR, FF -1, Anet:0.000000
             Input port: inst   71:$auto$ff.cc:266:slice$1837, port CLR, FF -1, Anet:0.000000
             Input port: inst   72:$auto$ff.cc:266:slice$1838, port CLR, FF -1, Anet:0.000000
             Input port: inst   73:$auto$ff.cc:266:slice$1839, port CLR, FF -1, Anet:0.000000
             Input port: inst   74:$auto$ff.cc:266:slice$1840, port CLR, FF -1, Anet:0.000000
             Input port: inst   75:$auto$ff.cc:266:slice$1841, port CLR, FF -1, Anet:0.000000
             Input port: inst   76:$auto$ff.cc:266:slice$1842, port CLR, FF -1, Anet:0.000000
             Input port: inst   77:$auto$ff.cc:266:slice$1843, port CLR, FF -1, Anet:0.000000
             Input port: inst   78:$auto$ff.cc:266:slice$1844, port CLR, FF -1, Anet:0.000000
             Input port: inst   79:$auto$ff.cc:266:slice$1845, port CLR, FF -1, Anet:0.000000
             Input port: inst   80:$auto$ff.cc:266:slice$1846, port CLR, FF -1, Anet:0.000000
             Input port: inst   81:$auto$ff.cc:266:slice$1847, port CLR, FF -1, Anet:0.000000
             Input port: inst   82:$auto$ff.cc:266:slice$1848, port CLR, FF -1, Anet:0.000000
             Input port: inst   83:$auto$ff.cc:266:slice$1849, port CLR, FF -1, Anet:0.000000
             Input port: inst   84:$auto$ff.cc:266:slice$1850, port CLR, FF -1, Anet:0.000000
             Input port: inst   85:$auto$ff.cc:266:slice$1851, port CLR, FF -1, Anet:0.000000
    net 7:i_clk, don't route: 1, ignore timing: 0, Anet:0.000000, Clock domain -1, Clock synchronizer: 0
            Output port: inst   86:g_86_i_clk_ibuf, port O, Anet:0.000000
    net 8:i_x_dir, don't route: 1, ignore timing: 0, Anet:0.000000, Clock domain -1, Clock synchronizer: 0
            Output port: inst    2:   i_x_dir, port O, Anet:0.000000
    net 9:i_x_step, don't route: 1, ignore timing: 0, Anet:0.000000, Clock domain -1, Clock synchronizer: 0
            Output port: inst    3:  i_x_step, port O, Anet:0.000000
    net 10:o_x_motor[1], don't route: 0, ignore timing: 1, Anet:0.000000, Clock domain -1, Clock synchronizer: 0
            Output port: inst   49:$abc$3021$lut\o_x_motor[1], port O  , Anet:0.000000
             Input port: inst   92:g_92_o_x_motor_1_obuf, port I  , FF -1, Anet:0.000000
    net 11:o_x_motor[0], don't route: 0, ignore timing: 1, Anet:0.000000, Clock domain -1, Clock synchronizer: 0
            Output port: inst   48:$abc$3021$lut\o_x_motor[0], port O  , Anet:0.000000
             Input port: inst   91:g_91_o_x_motor_0_obuf, port I  , FF -1, Anet:0.000000
    net 12:o_x_motor[3], don't route: 0, ignore timing: 1, Anet:0.000000, Clock domain -1, Clock synchronizer: 0
            Output port: inst   51:$auto$abc9_ops.cc:1550:reintegrate$3023, port O  , Anet:0.000000
             Input port: inst   94:g_94_o_x_motor_3_obuf, port I  , FF -1, Anet:0.000000
    net 13:o_x_motor[2], don't route: 0, ignore timing: 1, Anet:0.000000, Clock domain -1, Clock synchronizer: 0
            Output port: inst   50:$abc$3021$lut\o_x_motor[2], port O  , Anet:0.000000
             Input port: inst   93:g_93_o_x_motor_2_obuf, port I  , FF -1, Anet:0.000000
    net 14:o_status_led, don't route: 0, ignore timing: 1, Anet:0.595568, Clock domain -1, Clock synchronizer: 0
            Output port: inst   47:$abc$3021$lut\o_status_led, port O  , Anet:0.595568
             Input port: inst   59:$auto$ff.cc:266:slice$1825, port CE , FF -1, Anet:0.595568
             Input port: inst   60:$auto$ff.cc:266:slice$1826, port CE , FF -1, Anet:0.595568
             Input port: inst   61:$auto$ff.cc:266:slice$1827, port CE , FF -1, Anet:0.595568
             Input port: inst   90:g_90_o_status_led_obuf, port I  , FF -1, Anet:0.000000
    net 15:$techmap2176$auto$ff.cc:266:slice$1847.D, don't route: 0, ignore timing: 0, Anet:0.719333, Clock domain 7, Clock synchronizer: 0
            Output port: inst   57:$auto$alumacc.cc:485:replace_alu$1284.genblk1.slice[4].genblk1.carry4, port O [3], Anet:0.719333
             Input port: inst   81:$auto$ff.cc:266:slice$1847, port D  , FF -1, Anet:0.719333
    net 16:$abc$3021$aiger3020$106, don't route: 0, ignore timing: 0, Anet:1.000000, Clock domain 7, Clock synchronizer: 0
            Output port: inst   57:$auto$alumacc.cc:485:replace_alu$1284.genblk1.slice[4].genblk1.carry4, port CO[3], Anet:1.000000
             Input port: inst   58:$auto$alumacc.cc:485:replace_alu$1284.genblk1.slice[5].genblk1.carry4, port CI   , FF -1, Anet:1.000000
    net 17:$abc$3021$aiger3020$103, don't route: 1, ignore timing: 0, Anet:0.000000, Clock domain 7, Clock synchronizer: 0
            Output port: inst   57:$auto$alumacc.cc:485:replace_alu$1284.genblk1.slice[4].genblk1.carry4, port CO[0], Anet:0.000000
    net 18:$abc$3021$aiger3020$105, don't route: 1, ignore timing: 0, Anet:0.000000, Clock domain 7, Clock synchronizer: 0
            Output port: inst   57:$auto$alumacc.cc:485:replace_alu$1284.genblk1.slice[4].genblk1.carry4, port CO[2], Anet:0.000000
    net 19:$abc$3021$aiger3020$104, don't route: 1, ignore timing: 0, Anet:0.000000, Clock domain 7, Clock synchronizer: 0
            Output port: inst   57:$auto$alumacc.cc:485:replace_alu$1284.genblk1.slice[4].genblk1.carry4, port CO[1], Anet:0.000000
    net 20:$abc$3021$aiger3020$68, don't route: 1, ignore timing: 0, Anet:0.000000, Clock domain 7, Clock synchronizer: 0
            Output port: inst   54:$auto$alumacc.cc:485:replace_alu$1284.genblk1.slice[1].genblk1.carry4, port CO[1], Anet:0.000000
    net 21:$abc$3021$aiger3020$67, don't route: 1, ignore timing: 0, Anet:0.000000, Clock domain 7, Clock synchronizer: 0
            Output port: inst   54:$auto$alumacc.cc:485:replace_alu$1284.genblk1.slice[1].genblk1.carry4, port CO[0], Anet:0.000000
    net 22:$abc$3021$aiger3020$58, don't route: 0, ignore timing: 0, Anet:1.000000, Clock domain 7, Clock synchronizer: 0
            Output port: inst   53:$auto$alumacc.cc:485:replace_alu$1284.genblk1.slice[0].genblk1.carry4, port CO[3], Anet:1.000000
             Input port: inst   54:$auto$alumacc.cc:485:replace_alu$1284.genblk1.slice[1].genblk1.carry4, port CI   , FF -1, Anet:1.000000
    net 23:$abc$3021$aiger3020$56, don't route: 1, ignore timing: 0, Anet:0.000000, Clock domain 7, Clock synchronizer: 0
            Output port: inst   53:$auto$alumacc.cc:485:replace_alu$1284.genblk1.slice[0].genblk1.carry4, port CO[1], Anet:0.000000
    net 24:$abc$3021$aiger3020$55, don't route: 1, ignore timing: 0, Anet:0.000000, Clock domain 7, Clock synchronizer: 0
            Output port: inst   53:$auto$alumacc.cc:485:replace_alu$1284.genblk1.slice[0].genblk1.carry4, port CO[0], Anet:0.000000
    net 25:$abc$3021$aiger3020$57, don't route: 1, ignore timing: 0, Anet:0.000000, Clock domain 7, Clock synchronizer: 0
            Output port: inst   53:$auto$alumacc.cc:485:replace_alu$1284.genblk1.slice[0].genblk1.carry4, port CO[2], Anet:0.000000
    net 26:$abc$3021$aiger3020$51, don't route: 1, ignore timing: 0, Anet:0.000000, Clock domain 7, Clock synchronizer: 0
            Output port: inst   53:$auto$alumacc.cc:485:replace_alu$1284.genblk1.slice[0].genblk1.carry4, port O [0], Anet:0.000000
    net 27:$abc$3021$aiger3020$81, don't route: 1, ignore timing: 0, Anet:0.000000, Clock domain 7, Clock synchronizer: 0
            Output port: inst   55:$auto$alumacc.cc:485:replace_alu$1284.genblk1.slice[2].genblk1.carry4, port CO[2], Anet:0.000000
    net 28:$abc$3021$aiger3020$79, don't route: 1, ignore timing: 0, Anet:0.000000, Clock domain 7, Clock synchronizer: 0
            Output port: inst   55:$auto$alumacc.cc:485:replace_alu$1284.genblk1.slice[2].genblk1.carry4, port CO[0], Anet:0.000000
    net 29:$abc$3021$aiger3020$80, don't route: 1, ignore timing: 0, Anet:0.000000, Clock domain 7, Clock synchronizer: 0
            Output port: inst   55:$auto$alumacc.cc:485:replace_alu$1284.genblk1.slice[2].genblk1.carry4, port CO[1], Anet:0.000000
    net 30:$abc$3021$aiger3020$69, don't route: 1, ignore timing: 0, Anet:0.000000, Clock domain 7, Clock synchronizer: 0
            Output port: inst   54:$auto$alumacc.cc:485:replace_alu$1284.genblk1.slice[1].genblk1.carry4, port CO[2], Anet:0.000000
    net 31:$abc$3021$aiger3020$70, don't route: 0, ignore timing: 0, Anet:1.000000, Clock domain 7, Clock synchronizer: 0
            Output port: inst   54:$auto$alumacc.cc:485:replace_alu$1284.genblk1.slice[1].genblk1.carry4, port CO[3], Anet:1.000000
             Input port: inst   55:$auto$alumacc.cc:485:replace_alu$1284.genblk1.slice[2].genblk1.carry4, port CI   , FF -1, Anet:1.000000
    net 32:$abc$3021$aiger3020$118, don't route: 1, ignore timing: 0, Anet:0.000000, Clock domain 7, Clock synchronizer: 0
            Output port: inst   58:$auto$alumacc.cc:485:replace_alu$1284.genblk1.slice[5].genblk1.carry4, port CO[3], Anet:0.000000
    net 33:$abc$3021$aiger3020$117, don't route: 1, ignore timing: 0, Anet:0.000000, Clock domain 7, Clock synchronizer: 0
            Output port: inst   58:$auto$alumacc.cc:485:replace_alu$1284.genblk1.slice[5].genblk1.carry4, port CO[2], Anet:0.000000
    net 34:$abc$3021$aiger3020$116, don't route: 1, ignore timing: 0, Anet:0.000000, Clock domain 7, Clock synchronizer: 0
            Output port: inst   58:$auto$alumacc.cc:485:replace_alu$1284.genblk1.slice[5].genblk1.carry4, port CO[1], Anet:0.000000
    net 35:$abc$3021$aiger3020$115, don't route: 1, ignore timing: 0, Anet:0.000000, Clock domain 7, Clock synchronizer: 0
            Output port: inst   58:$auto$alumacc.cc:485:replace_alu$1284.genblk1.slice[5].genblk1.carry4, port CO[0], Anet:0.000000
    net 36:$abc$3021$aiger3020$46, don't route: 1, ignore timing: 0, Anet:0.000000, Clock domain 7, Clock synchronizer: 0
            Output port: inst   52:$auto$alumacc.cc:485:replace_alu$1281.genblk1.slice[0].genblk1.carry4, port CO[3], Anet:0.000000
    net 37:$abc$3021$aiger3020$47b, don't route: 0, ignore timing: 0, Anet:1.000000, Clock domain 7, Clock synchronizer: 0
            Output port: inst   46:$abc$3021$lut$not$aiger3020$47, port O  , Anet:1.000000
             Input port: inst   53:$auto$alumacc.cc:485:replace_alu$1284.genblk1.slice[0].genblk1.carry4, port S [0], FF -1, Anet:1.000000
    net 38:$abc$3021$aiger3020$43, don't route: 1, ignore timing: 0, Anet:0.000000, Clock domain 7, Clock synchronizer: 0
            Output port: inst   52:$auto$alumacc.cc:485:replace_alu$1281.genblk1.slice[0].genblk1.carry4, port CO[0], Anet:0.000000
    net 39:$abc$3021$aiger3020$45, don't route: 1, ignore timing: 0, Anet:0.000000, Clock domain 7, Clock synchronizer: 0
            Output port: inst   52:$auto$alumacc.cc:485:replace_alu$1281.genblk1.slice[0].genblk1.carry4, port CO[2], Anet:0.000000
    net 40:$abc$3021$aiger3020$39, don't route: 1, ignore timing: 0, Anet:0.000000, Clock domain 7, Clock synchronizer: 0
            Output port: inst   52:$auto$alumacc.cc:485:replace_alu$1281.genblk1.slice[0].genblk1.carry4, port O [0], Anet:0.000000
    net 41:$abc$3021$aiger3020$92, don't route: 1, ignore timing: 0, Anet:0.000000, Clock domain 7, Clock synchronizer: 0
            Output port: inst   56:$auto$alumacc.cc:485:replace_alu$1284.genblk1.slice[3].genblk1.carry4, port CO[1], Anet:0.000000
    net 42:$abc$3021$aiger3020$91, don't route: 1, ignore timing: 0, Anet:0.000000, Clock domain 7, Clock synchronizer: 0
            Output port: inst   56:$auto$alumacc.cc:485:replace_alu$1284.genblk1.slice[3].genblk1.carry4, port CO[0], Anet:0.000000
    net 43:$abc$3021$aiger3020$82, don't route: 0, ignore timing: 0, Anet:1.000000, Clock domain 7, Clock synchronizer: 0
            Output port: inst   55:$auto$alumacc.cc:485:replace_alu$1284.genblk1.slice[2].genblk1.carry4, port CO[3], Anet:1.000000
             Input port: inst   56:$auto$alumacc.cc:485:replace_alu$1284.genblk1.slice[3].genblk1.carry4, port CI   , FF -1, Anet:1.000000
    net 44:$abc$3021$aiger3020$94, don't route: 0, ignore timing: 0, Anet:1.000000, Clock domain 7, Clock synchronizer: 0
            Output port: inst   56:$auto$alumacc.cc:485:replace_alu$1284.genblk1.slice[3].genblk1.carry4, port CO[3], Anet:1.000000
             Input port: inst   57:$auto$alumacc.cc:485:replace_alu$1284.genblk1.slice[4].genblk1.carry4, port CI   , FF -1, Anet:1.000000
    net 45:$abc$3021$aiger3020$93, don't route: 1, ignore timing: 0, Anet:0.000000, Clock domain 7, Clock synchronizer: 0
            Output port: inst   56:$auto$alumacc.cc:485:replace_alu$1284.genblk1.slice[3].genblk1.carry4, port CO[2], Anet:0.000000
    net 46:$techmap2196$auto$ff.cc:266:slice$1838.D, don't route: 0, ignore timing: 0, Anet:0.523564, Clock domain 7, Clock synchronizer: 0
            Output port: inst   55:$auto$alumacc.cc:485:replace_alu$1284.genblk1.slice[2].genblk1.carry4, port O [2], Anet:0.523564
             Input port: inst   72:$auto$ff.cc:266:slice$1838, port D  , FF -1, Anet:0.523564
    net 47:$auto$alumacc.cc:485:replace_alu$1281.Y[0], don't route: 0, ignore timing: 0, Anet:0.327795, Clock domain 7, Clock synchronizer: 0
            Output port: inst   45:$abc$3021$lut$not$aiger3020$36, port O  , Anet:0.327795
             Input port: inst   52:$auto$alumacc.cc:485:replace_alu$1281.genblk1.slice[0].genblk1.carry4, port S [0], FF -1, Anet:0.327795
             Input port: inst   59:$auto$ff.cc:266:slice$1825, port D  , FF -1, Anet:0.229902
    net 48:$auto$alumacc.cc:485:replace_alu$1281.Y[1], don't route: 0, ignore timing: 0, Anet:0.327804, Clock domain 7, Clock synchronizer: 0
            Output port: inst   52:$auto$alumacc.cc:485:replace_alu$1281.genblk1.slice[0].genblk1.carry4, port O [1], Anet:0.327804
             Input port: inst   60:$auto$ff.cc:266:slice$1826, port D  , FF -1, Anet:0.327804
    net 49:$auto$alumacc.cc:485:replace_alu$1281.Y[2], don't route: 0, ignore timing: 0, Anet:0.327814, Clock domain 7, Clock synchronizer: 0
            Output port: inst   52:$auto$alumacc.cc:485:replace_alu$1281.genblk1.slice[0].genblk1.carry4, port O [2], Anet:0.327814
             Input port: inst   61:$auto$ff.cc:266:slice$1827, port D  , FF -1, Anet:0.327814
    net 50:$techmap2198$auto$ff.cc:266:slice$1830.D, don't route: 0, ignore timing: 0, Anet:0.327795, Clock domain 7, Clock synchronizer: 0
            Output port: inst   53:$auto$alumacc.cc:485:replace_alu$1284.genblk1.slice[0].genblk1.carry4, port O [2], Anet:0.327795
             Input port: inst   64:$auto$ff.cc:266:slice$1830, port D  , FF -1, Anet:0.327795
    net 51:$techmap2178$auto$ff.cc:266:slice$1846.D, don't route: 0, ignore timing: 0, Anet:0.902116, Clock domain 7, Clock synchronizer: 0
            Output port: inst   30:$abc$3021$lut$0\clk_div[23:0][18], port O  , Anet:0.902116
             Input port: inst   80:$auto$ff.cc:266:slice$1846, port D  , FF -1, Anet:0.902116
    net 52:$techmap3074$abc$3021$lut$0clk_div[23:0][21].A[3], don't route: 0, ignore timing: 0, Anet:1.000000, Clock domain 7, Clock synchronizer: 0
            Output port: inst   58:$auto$alumacc.cc:485:replace_alu$1284.genblk1.slice[5].genblk1.carry4, port O [1], Anet:1.000000
             Input port: inst   32:$abc$3021$lut$0\clk_div[23:0][21], port I3 , FF -1, Anet:1.000000
    net 53:$techmap3080$auto$abc9_ops.cc:1550:reintegrate$3023.A[2], don't route: 0, ignore timing: 0, Anet:0.000000, Clock domain 7, Clock synchronizer: 0
            Output port: inst   52:$auto$alumacc.cc:485:replace_alu$1281.genblk1.slice[0].genblk1.carry4, port O [3], Anet:0.000000
             Input port: inst   51:$auto$abc9_ops.cc:1550:reintegrate$3023, port I2 , FF -1, Anet:0.000000
    net 54:$techmap2201$auto$ff.cc:266:slice$1835.D, don't route: 0, ignore timing: 0, Anet:0.425680, Clock domain 7, Clock synchronizer: 0
            Output port: inst   54:$auto$alumacc.cc:485:replace_alu$1284.genblk1.slice[1].genblk1.carry4, port O [3], Anet:0.425680
             Input port: inst   69:$auto$ff.cc:266:slice$1835, port D  , FF -1, Anet:0.425680
    net 55:$techmap2197$auto$ff.cc:266:slice$1839.D, don't route: 0, ignore timing: 0, Anet:0.706347, Clock domain 7, Clock synchronizer: 0
            Output port: inst   26:$abc$3021$lut$0\clk_div[23:0][11], port O  , Anet:0.706347
             Input port: inst   73:$auto$ff.cc:266:slice$1839, port D  , FF -1, Anet:0.706347
    net 56:$techmap3066$abc$3021$lut$0clk_div[23:0][8].A[0], don't route: 0, ignore timing: 0, Anet:0.706347, Clock domain 7, Clock synchronizer: 0
            Output port: inst   55:$auto$alumacc.cc:485:replace_alu$1284.genblk1.slice[2].genblk1.carry4, port O [0], Anet:0.706347
             Input port: inst   34:$abc$3021$lut$0\clk_div[23:0][8], port I0 , FF -1, Anet:0.706347
    net 57:$techmap3069$abc$3021$lut$0clk_div[23:0][12].A[0], don't route: 0, ignore timing: 0, Anet:0.804231, Clock domain 7, Clock synchronizer: 0
            Output port: inst   56:$auto$alumacc.cc:485:replace_alu$1284.genblk1.slice[3].genblk1.carry4, port O [0], Anet:0.804231
             Input port: inst   27:$abc$3021$lut$0\clk_div[23:0][12], port I0 , FF -1, Anet:0.804231
    net 58:$techmap2200$auto$ff.cc:266:slice$1833.D, don't route: 0, ignore timing: 0, Anet:0.425680, Clock domain 7, Clock synchronizer: 0
            Output port: inst   54:$auto$alumacc.cc:485:replace_alu$1284.genblk1.slice[1].genblk1.carry4, port O [1], Anet:0.425680
             Input port: inst   67:$auto$ff.cc:266:slice$1833, port D  , FF -1, Anet:0.425680
    net 59:$techmap2191$auto$ff.cc:266:slice$1828.D, don't route: 0, ignore timing: 0, Anet:0.595568, Clock domain 7, Clock synchronizer: 0
            Output port: inst   25:$abc$3021$lut$0\clk_div[23:0][0], port O  , Anet:0.595568
             Input port: inst   62:$auto$ff.cc:266:slice$1828, port D  , FF -1, Anet:0.595568
    net 60:$techmap2184$auto$ff.cc:266:slice$1829.D, don't route: 0, ignore timing: 0, Anet:0.327795, Clock domain 7, Clock synchronizer: 0
            Output port: inst   53:$auto$alumacc.cc:485:replace_alu$1284.genblk1.slice[0].genblk1.carry4, port O [1], Anet:0.327795
             Input port: inst   63:$auto$ff.cc:266:slice$1829, port D  , FF -1, Anet:0.327795
    net 61:$techmap2194$auto$ff.cc:266:slice$1836.D, don't route: 0, ignore timing: 0, Anet:0.706347, Clock domain 7, Clock synchronizer: 0
            Output port: inst   34:$abc$3021$lut$0\clk_div[23:0][8], port O  , Anet:0.706347
             Input port: inst   70:$auto$ff.cc:266:slice$1836, port D  , FF -1, Anet:0.706347
    net 62:$techmap2179$auto$ff.cc:266:slice$1843.D, don't route: 0, ignore timing: 0, Anet:0.621448, Clock domain 7, Clock synchronizer: 0
            Output port: inst   56:$auto$alumacc.cc:485:replace_alu$1284.genblk1.slice[3].genblk1.carry4, port O [3], Anet:0.621448
             Input port: inst   77:$auto$ff.cc:266:slice$1843, port D  , FF -1, Anet:0.621448
    net 63:$techmap2182$auto$ff.cc:266:slice$1849.D, don't route: 0, ignore timing: 0, Anet:1.000000, Clock domain 7, Clock synchronizer: 0
            Output port: inst   32:$abc$3021$lut$0\clk_div[23:0][21], port O  , Anet:1.000000
             Input port: inst   83:$auto$ff.cc:266:slice$1849, port D  , FF -1, Anet:1.000000
    net 64:$techmap2183$auto$ff.cc:266:slice$1850.D, don't route: 0, ignore timing: 0, Anet:0.817217, Clock domain 7, Clock synchronizer: 0
            Output port: inst   58:$auto$alumacc.cc:485:replace_alu$1284.genblk1.slice[5].genblk1.carry4, port O [2], Anet:0.817217
             Input port: inst   84:$auto$ff.cc:266:slice$1850, port D  , FF -1, Anet:0.817217
    net 65:$techmap2181$auto$ff.cc:266:slice$1845.D, don't route: 0, ignore timing: 0, Anet:0.902116, Clock domain 7, Clock synchronizer: 0
            Output port: inst   29:$abc$3021$lut$0\clk_div[23:0][17], port O  , Anet:0.902116
             Input port: inst   79:$auto$ff.cc:266:slice$1845, port D  , FF -1, Anet:0.902116
    net 66:$techmap2193$auto$ff.cc:266:slice$1841.D, don't route: 0, ignore timing: 0, Anet:0.621448, Clock domain 7, Clock synchronizer: 0
            Output port: inst   56:$auto$alumacc.cc:485:replace_alu$1284.genblk1.slice[3].genblk1.carry4, port O [1], Anet:0.621448
             Input port: inst   75:$auto$ff.cc:266:slice$1841, port D  , FF -1, Anet:0.621448
    net 67:$techmap2202$auto$ff.cc:266:slice$1831.D, don't route: 0, ignore timing: 0, Anet:0.327795, Clock domain 7, Clock synchronizer: 0
            Output port: inst   53:$auto$alumacc.cc:485:replace_alu$1284.genblk1.slice[0].genblk1.carry4, port O [3], Anet:0.327795
             Input port: inst   65:$auto$ff.cc:266:slice$1831, port D  , FF -1, Anet:0.327795
    net 68:$techmap2192$auto$ff.cc:266:slice$1840.D, don't route: 0, ignore timing: 0, Anet:0.804231, Clock domain 7, Clock synchronizer: 0
            Output port: inst   27:$abc$3021$lut$0\clk_div[23:0][12], port O  , Anet:0.804231
             Input port: inst   74:$auto$ff.cc:266:slice$1840, port D  , FF -1, Anet:0.804231
    net 69:$techmap2188$auto$ff.cc:266:slice$1842.D, don't route: 0, ignore timing: 0, Anet:0.621448, Clock domain 7, Clock synchronizer: 0
            Output port: inst   56:$auto$alumacc.cc:485:replace_alu$1284.genblk1.slice[3].genblk1.carry4, port O [2], Anet:0.621448
             Input port: inst   76:$auto$ff.cc:266:slice$1842, port D  , FF -1, Anet:0.621448
    net 70:$techmap2187$auto$ff.cc:266:slice$1837.D, don't route: 0, ignore timing: 0, Anet:0.706347, Clock domain 7, Clock synchronizer: 0
            Output port: inst   35:$abc$3021$lut$0\clk_div[23:0][9], port O  , Anet:0.706347
             Input port: inst   71:$auto$ff.cc:266:slice$1837, port D  , FF -1, Anet:0.706347
    net 71:$techmap2189$auto$ff.cc:266:slice$1851.D, don't route: 0, ignore timing: 0, Anet:1.000000, Clock domain 7, Clock synchronizer: 0
            Output port: inst   33:$abc$3021$lut$0\clk_div[23:0][23], port O  , Anet:1.000000
             Input port: inst   85:$auto$ff.cc:266:slice$1851, port D  , FF -1, Anet:1.000000
    net 72:$techmap2180$auto$ff.cc:266:slice$1848.D, don't route: 0, ignore timing: 0, Anet:1.000000, Clock domain 7, Clock synchronizer: 0
            Output port: inst   31:$abc$3021$lut$0\clk_div[23:0][20], port O  , Anet:1.000000
             Input port: inst   82:$auto$ff.cc:266:slice$1848, port D  , FF -1, Anet:1.000000
    net 73:$techmap3060$abc$3021$lut$aiger3020$125.A[0], don't route: 0, ignore timing: 0, Anet:0.595568, Clock domain 7, Clock synchronizer: 0
            Output port: inst   85:$auto$ff.cc:266:slice$1851, port Q, Anet:0.595568
             Input port: inst   40:$abc$3021$lut$aiger3020$125, port I0 , FF -1, Anet:0.595568
             Input port: inst  127:$auto$ff.cc:266:slice$1851_buf127_i, port I0 , FF -1, Anet:0.510569
    net 74:$techmap3060$abc$3021$lut$aiger3020$125.A[1], don't route: 0, ignore timing: 0, Anet:0.595568, Clock domain 7, Clock synchronizer: 0
            Output port: inst   84:$auto$ff.cc:266:slice$1850, port Q, Anet:0.595568
             Input port: inst   40:$abc$3021$lut$aiger3020$125, port I1 , FF -1, Anet:0.595568
             Input port: inst  126:$auto$ff.cc:266:slice$1850_buf126_i, port I0 , FF -1, Anet:0.510569
    net 75:$techmap3059$abc$3021$lut$aiger3020$124.A[0], don't route: 0, ignore timing: 0, Anet:0.595568, Clock domain 7, Clock synchronizer: 0
            Output port: inst   83:$auto$ff.cc:266:slice$1849, port Q, Anet:0.595568
             Input port: inst   39:$abc$3021$lut$aiger3020$124, port I0 , FF -1, Anet:0.595568
             Input port: inst  125:$auto$ff.cc:266:slice$1849_buf125_i, port I0 , FF -1, Anet:0.510569
    net 76:$techmap3059$abc$3021$lut$aiger3020$124.A[1], don't route: 0, ignore timing: 0, Anet:0.595568, Clock domain 7, Clock synchronizer: 0
            Output port: inst   82:$auto$ff.cc:266:slice$1848, port Q, Anet:0.595568
             Input port: inst   39:$abc$3021$lut$aiger3020$124, port I1 , FF -1, Anet:0.595568
             Input port: inst  124:$auto$ff.cc:266:slice$1848_buf124_i, port I0 , FF -1, Anet:0.510569
    net 77:$techmap3057$abc$3021$lut$aiger3020$122.A[0], don't route: 0, ignore timing: 0, Anet:0.804222, Clock domain 7, Clock synchronizer: 0
            Output port: inst   70:$auto$ff.cc:266:slice$1836, port Q, Anet:0.804222
             Input port: inst   37:$abc$3021$lut$aiger3020$122, port I0 , FF -1, Anet:0.595568
             Input port: inst  112:$auto$ff.cc:266:slice$1836_buf112_i, port I0 , FF -1, Anet:0.804222
    net 78:$techmap3057$abc$3021$lut$aiger3020$122.A[1], don't route: 0, ignore timing: 0, Anet:0.804222, Clock domain 7, Clock synchronizer: 0
            Output port: inst   71:$auto$ff.cc:266:slice$1837, port Q, Anet:0.804222
             Input port: inst   37:$abc$3021$lut$aiger3020$122, port I1 , FF -1, Anet:0.595568
             Input port: inst  113:$auto$ff.cc:266:slice$1837_buf113_i, port I0 , FF -1, Anet:0.804222
    net 79:$techmap3056$abc$3021$lut$aiger3020$121.A[2], don't route: 0, ignore timing: 0, Anet:0.902106, Clock domain 7, Clock synchronizer: 0
            Output port: inst   66:$auto$ff.cc:266:slice$1832, port Q, Anet:0.902106
             Input port: inst   36:$abc$3021$lut$aiger3020$121, port I2 , FF -1, Anet:0.595568
             Input port: inst  108:$auto$ff.cc:266:slice$1832_buf108_i, port I0 , FF -1, Anet:0.902106
    net 80:$techmap3056$abc$3021$lut$aiger3020$121.A[3], don't route: 0, ignore timing: 0, Anet:0.902106, Clock domain 7, Clock synchronizer: 0
            Output port: inst   68:$auto$ff.cc:266:slice$1834, port Q, Anet:0.902106
             Input port: inst   36:$abc$3021$lut$aiger3020$121, port I3 , FF -1, Anet:0.595568
             Input port: inst  110:$auto$ff.cc:266:slice$1834_buf110_i, port I0 , FF -1, Anet:0.902106
    net 81:$techmap3056$abc$3021$lut$aiger3020$121.A[0], don't route: 0, ignore timing: 0, Anet:0.902106, Clock domain 7, Clock synchronizer: 0
            Output port: inst   69:$auto$ff.cc:266:slice$1835, port Q, Anet:0.902106
             Input port: inst   36:$abc$3021$lut$aiger3020$121, port I0 , FF -1, Anet:0.595568
             Input port: inst  111:$auto$ff.cc:266:slice$1835_buf111_i, port I0 , FF -1, Anet:0.902106
    net 82:$techmap3056$abc$3021$lut$aiger3020$121.A[1], don't route: 0, ignore timing: 0, Anet:0.902106, Clock domain 7, Clock synchronizer: 0
            Output port: inst   67:$auto$ff.cc:266:slice$1833, port Q, Anet:0.902106
             Input port: inst   36:$abc$3021$lut$aiger3020$121, port I1 , FF -1, Anet:0.595568
             Input port: inst  109:$auto$ff.cc:266:slice$1833_buf109_i, port I0 , FF -1, Anet:0.902106
    net 83:$techmap3058$abc$3021$lut$aiger3020$123.A[0], don't route: 0, ignore timing: 0, Anet:0.804222, Clock domain 7, Clock synchronizer: 0
            Output port: inst   73:$auto$ff.cc:266:slice$1839, port Q, Anet:0.804222
             Input port: inst   38:$abc$3021$lut$aiger3020$123, port I0 , FF -1, Anet:0.595568
             Input port: inst  115:$auto$ff.cc:266:slice$1839_buf115_i, port I0 , FF -1, Anet:0.804222
    net 84:$techmap3058$abc$3021$lut$aiger3020$123.A[1], don't route: 0, ignore timing: 0, Anet:0.804222, Clock domain 7, Clock synchronizer: 0
            Output port: inst   72:$auto$ff.cc:266:slice$1838, port Q, Anet:0.804222
             Input port: inst   38:$abc$3021$lut$aiger3020$123, port I1 , FF -1, Anet:0.595568
             Input port: inst  114:$auto$ff.cc:266:slice$1838_buf114_i, port I0 , FF -1, Anet:0.804222
    net 85:$techmap3071$abc$3021$lut$0clk_div[23:0][17].A[3], don't route: 0, ignore timing: 0, Anet:0.902116, Clock domain 7, Clock synchronizer: 0
            Output port: inst   57:$auto$alumacc.cc:485:replace_alu$1284.genblk1.slice[4].genblk1.carry4, port O [1], Anet:0.902116
             Input port: inst   29:$abc$3021$lut$0\clk_div[23:0][17], port I3 , FF -1, Anet:0.902116
    net 86:$techmap3061$abc$3021$lut$aiger3020$129.A[4], don't route: 0, ignore timing: 0, Anet:0.595568, Clock domain 7, Clock synchronizer: 0
            Output port: inst   36:$abc$3021$lut$aiger3020$121, port O  , Anet:0.595568
             Input port: inst   41:$abc$3021$lut$aiger3020$129, port I4 , FF -1, Anet:0.595568
    net 87:$techmap3061$abc$3021$lut$aiger3020$129.A[2], don't route: 0, ignore timing: 0, Anet:0.999991, Clock domain 7, Clock synchronizer: 0
            Output port: inst   63:$auto$ff.cc:266:slice$1829, port Q, Anet:0.999991
             Input port: inst   41:$abc$3021$lut$aiger3020$129, port I2 , FF -1, Anet:0.412785
             Input port: inst  105:$auto$ff.cc:266:slice$1829_buf105_i, port I0 , FF -1, Anet:0.999991
    net 88:$techmap3061$abc$3021$lut$aiger3020$129.A[0], don't route: 0, ignore timing: 0, Anet:0.999991, Clock domain 7, Clock synchronizer: 0
            Output port: inst   65:$auto$ff.cc:266:slice$1831, port Q, Anet:0.999991
             Input port: inst   41:$abc$3021$lut$aiger3020$129, port I0 , FF -1, Anet:0.412785
             Input port: inst  107:$auto$ff.cc:266:slice$1831_buf107_i, port I0 , FF -1, Anet:0.999991
    net 89:$techmap3061$abc$3021$lut$aiger3020$129.A[1], don't route: 0, ignore timing: 0, Anet:0.999991, Clock domain 7, Clock synchronizer: 0
            Output port: inst   64:$auto$ff.cc:266:slice$1830, port Q, Anet:0.999991
             Input port: inst   41:$abc$3021$lut$aiger3020$129, port I1 , FF -1, Anet:0.412785
             Input port: inst  106:$auto$ff.cc:266:slice$1830_buf106_i, port I0 , FF -1, Anet:0.999991
    net 90:$techmap3062$abc$3021$lut$aiger3020$134.A[2], don't route: 0, ignore timing: 0, Anet:0.706338, Clock domain 7, Clock synchronizer: 0
            Output port: inst   76:$auto$ff.cc:266:slice$1842, port Q, Anet:0.706338
             Input port: inst   42:$abc$3021$lut$aiger3020$134, port I2 , FF -1, Anet:0.412785
             Input port: inst  118:$auto$ff.cc:266:slice$1842_buf118_i, port I0 , FF -1, Anet:0.706338
    net 91:$techmap3062$abc$3021$lut$aiger3020$134.A[3], don't route: 0, ignore timing: 0, Anet:0.706338, Clock domain 7, Clock synchronizer: 0
            Output port: inst   77:$auto$ff.cc:266:slice$1843, port Q, Anet:0.706338
             Input port: inst   42:$abc$3021$lut$aiger3020$134, port I3 , FF -1, Anet:0.412785
             Input port: inst  119:$auto$ff.cc:266:slice$1843_buf119_i, port I0 , FF -1, Anet:0.706338
    net 92:$techmap3062$abc$3021$lut$aiger3020$134.A[0], don't route: 0, ignore timing: 0, Anet:0.706338, Clock domain 7, Clock synchronizer: 0
            Output port: inst   75:$auto$ff.cc:266:slice$1841, port Q, Anet:0.706338
             Input port: inst   42:$abc$3021$lut$aiger3020$134, port I0 , FF -1, Anet:0.412785
             Input port: inst  117:$auto$ff.cc:266:slice$1841_buf117_i, port I0 , FF -1, Anet:0.706338
    net 93:$techmap3062$abc$3021$lut$aiger3020$134.A[1], don't route: 0, ignore timing: 0, Anet:0.706338, Clock domain 7, Clock synchronizer: 0
            Output port: inst   74:$auto$ff.cc:266:slice$1840, port Q, Anet:0.706338
             Input port: inst   42:$abc$3021$lut$aiger3020$134, port I1 , FF -1, Anet:0.412785
             Input port: inst  116:$auto$ff.cc:266:slice$1840_buf116_i, port I0 , FF -1, Anet:0.706338
    net 94:$techmap3062$abc$3021$lut$aiger3020$134.A[4], don't route: 0, ignore timing: 0, Anet:0.595568, Clock domain 7, Clock synchronizer: 0
            Output port: inst   38:$abc$3021$lut$aiger3020$123, port O  , Anet:0.595568
             Input port: inst   42:$abc$3021$lut$aiger3020$134, port I4 , FF -1, Anet:0.595568
    net 95:$techmap3062$abc$3021$lut$aiger3020$134.A[5], don't route: 0, ignore timing: 0, Anet:0.595568, Clock domain 7, Clock synchronizer: 0
            Output port: inst   37:$abc$3021$lut$aiger3020$122, port O  , Anet:0.595568
             Input port: inst   42:$abc$3021$lut$aiger3020$134, port I5 , FF -1, Anet:0.595568
    net 96:$techmap3054$abc$3021$lut$not$aiger3020$36.A, don't route: 0, ignore timing: 0, Anet:0.327795, Clock domain 7, Clock synchronizer: 0
            Output port: inst   59:$auto$ff.cc:266:slice$1825, port Q, Anet:0.327795
             Input port: inst   44:$abc$3021$lut$aiger3020$175, port I1 , FF -1, Anet:0.000000
             Input port: inst   45:$abc$3021$lut$not$aiger3020$36, port I0 , FF -1, Anet:0.327795
    net 97:$techmap3055$abc$3021$lut$not$aiger3020$47.A, don't route: 0, ignore timing: 0, Anet:1.000000, Clock domain 7, Clock synchronizer: 0
            Output port: inst   62:$auto$ff.cc:266:slice$1828, port Q, Anet:1.000000
             Input port: inst   25:$abc$3021$lut$0\clk_div[23:0][0], port I0 , FF -1, Anet:0.229911
             Input port: inst   41:$abc$3021$lut$aiger3020$129, port I3 , FF -1, Anet:0.412794
             Input port: inst   46:$abc$3021$lut$not$aiger3020$47, port I0 , FF -1, Anet:1.000000
    net 98:$techmap3068$abc$3021$lut$0clk_div[23:0][11].A[0], don't route: 0, ignore timing: 0, Anet:0.706347, Clock domain 7, Clock synchronizer: 0
            Output port: inst   55:$auto$alumacc.cc:485:replace_alu$1284.genblk1.slice[2].genblk1.carry4, port O [3], Anet:0.706347
             Input port: inst   26:$abc$3021$lut$0\clk_div[23:0][11], port I0 , FF -1, Anet:0.706347
    net 99:$techmap3064$abc$3021$luto_status_led.A[2], don't route: 0, ignore timing: 0, Anet:0.595568, Clock domain 7, Clock synchronizer: 0
            Output port: inst   41:$abc$3021$lut$aiger3020$129, port O  , Anet:0.595568
             Input port: inst   25:$abc$3021$lut$0\clk_div[23:0][0], port I3 , FF -1, Anet:0.595568
             Input port: inst   26:$abc$3021$lut$0\clk_div[23:0][11], port I3 , FF -1, Anet:0.595568
             Input port: inst   27:$abc$3021$lut$0\clk_div[23:0][12], port I3 , FF -1, Anet:0.595568
             Input port: inst   28:$abc$3021$lut$0\clk_div[23:0][16], port I3 , FF -1, Anet:0.595568
             Input port: inst   29:$abc$3021$lut$0\clk_div[23:0][17], port I2 , FF -1, Anet:0.595568
             Input port: inst   30:$abc$3021$lut$0\clk_div[23:0][18], port I3 , FF -1, Anet:0.595568
             Input port: inst   31:$abc$3021$lut$0\clk_div[23:0][20], port I2 , FF -1, Anet:0.595568
             Input port: inst   32:$abc$3021$lut$0\clk_div[23:0][21], port I2 , FF -1, Anet:0.595568
             Input port: inst   33:$abc$3021$lut$0\clk_div[23:0][23], port I2 , FF -1, Anet:0.595568
             Input port: inst   34:$abc$3021$lut$0\clk_div[23:0][8], port I3 , FF -1, Anet:0.595568
             Input port: inst   35:$abc$3021$lut$0\clk_div[23:0][9], port I3 , FF -1, Anet:0.595568
             Input port: inst   47:$abc$3021$lut\o_status_led, port I2 , FF -1, Anet:0.595568
    net 100:$techmap3064$abc$3021$luto_status_led.A[1], don't route: 0, ignore timing: 0, Anet:0.595568, Clock domain 7, Clock synchronizer: 0
            Output port: inst   42:$abc$3021$lut$aiger3020$134, port O  , Anet:0.595568
             Input port: inst   25:$abc$3021$lut$0\clk_div[23:0][0], port I2 , FF -1, Anet:0.595568
             Input port: inst   26:$abc$3021$lut$0\clk_div[23:0][11], port I2 , FF -1, Anet:0.595568
             Input port: inst   27:$abc$3021$lut$0\clk_div[23:0][12], port I2 , FF -1, Anet:0.595568
             Input port: inst   28:$abc$3021$lut$0\clk_div[23:0][16], port I1 , FF -1, Anet:0.595568
             Input port: inst   29:$abc$3021$lut$0\clk_div[23:0][17], port I1 , FF -1, Anet:0.595568
             Input port: inst   30:$abc$3021$lut$0\clk_div[23:0][18], port I1 , FF -1, Anet:0.595568
             Input port: inst   31:$abc$3021$lut$0\clk_div[23:0][20], port I1 , FF -1, Anet:0.595568
             Input port: inst   32:$abc$3021$lut$0\clk_div[23:0][21], port I1 , FF -1, Anet:0.595568
             Input port: inst   33:$abc$3021$lut$0\clk_div[23:0][23], port I1 , FF -1, Anet:0.595568
             Input port: inst   34:$abc$3021$lut$0\clk_div[23:0][8], port I2 , FF -1, Anet:0.595568
             Input port: inst   35:$abc$3021$lut$0\clk_div[23:0][9], port I2 , FF -1, Anet:0.595568
             Input port: inst   47:$abc$3021$lut\o_status_led, port I1 , FF -1, Anet:0.595568
    net 101:$techmap3064$abc$3021$luto_status_led.A[0], don't route: 0, ignore timing: 0, Anet:0.595568, Clock domain 7, Clock synchronizer: 0
            Output port: inst   43:$abc$3021$lut$aiger3020$139, port O  , Anet:0.595568
             Input port: inst   25:$abc$3021$lut$0\clk_div[23:0][0], port I1 , FF -1, Anet:0.595568
             Input port: inst   26:$abc$3021$lut$0\clk_div[23:0][11], port I1 , FF -1, Anet:0.595568
             Input port: inst   27:$abc$3021$lut$0\clk_div[23:0][12], port I1 , FF -1, Anet:0.595568
             Input port: inst   28:$abc$3021$lut$0\clk_div[23:0][16], port I0 , FF -1, Anet:0.595568
             Input port: inst   29:$abc$3021$lut$0\clk_div[23:0][17], port I0 , FF -1, Anet:0.595568
             Input port: inst   30:$abc$3021$lut$0\clk_div[23:0][18], port I0 , FF -1, Anet:0.595568
             Input port: inst   31:$abc$3021$lut$0\clk_div[23:0][20], port I0 , FF -1, Anet:0.595568
             Input port: inst   32:$abc$3021$lut$0\clk_div[23:0][21], port I0 , FF -1, Anet:0.595568
             Input port: inst   33:$abc$3021$lut$0\clk_div[23:0][23], port I0 , FF -1, Anet:0.595568
             Input port: inst   34:$abc$3021$lut$0\clk_div[23:0][8], port I1 , FF -1, Anet:0.595568
             Input port: inst   35:$abc$3021$lut$0\clk_div[23:0][9], port I1 , FF -1, Anet:0.595568
             Input port: inst   47:$abc$3021$lut\o_status_led, port I0 , FF -1, Anet:0.595568
    net 102:$techmap3067$abc$3021$lut$0clk_div[23:0][9].A[0], don't route: 0, ignore timing: 0, Anet:0.706347, Clock domain 7, Clock synchronizer: 0
            Output port: inst   55:$auto$alumacc.cc:485:replace_alu$1284.genblk1.slice[2].genblk1.carry4, port O [1], Anet:0.706347
             Input port: inst   35:$abc$3021$lut$0\clk_div[23:0][9], port I0 , FF -1, Anet:0.706347
    net 103:$techmap3072$abc$3021$lut$0clk_div[23:0][18].A[2], don't route: 0, ignore timing: 0, Anet:0.902116, Clock domain 7, Clock synchronizer: 0
            Output port: inst   57:$auto$alumacc.cc:485:replace_alu$1284.genblk1.slice[4].genblk1.carry4, port O [2], Anet:0.902116
             Input port: inst   30:$abc$3021$lut$0\clk_div[23:0][18], port I2 , FF -1, Anet:0.902116
    net 104:$techmap3075$abc$3021$lut$0clk_div[23:0][23].A[3], don't route: 0, ignore timing: 0, Anet:1.000000, Clock domain 7, Clock synchronizer: 0
            Output port: inst   58:$auto$alumacc.cc:485:replace_alu$1284.genblk1.slice[5].genblk1.carry4, port O [3], Anet:1.000000
             Input port: inst   33:$abc$3021$lut$0\clk_div[23:0][23], port I3 , FF -1, Anet:1.000000
    net 105:$techmap3070$abc$3021$lut$0clk_div[23:0][16].A[2], don't route: 0, ignore timing: 0, Anet:0.902116, Clock domain 7, Clock synchronizer: 0
            Output port: inst   57:$auto$alumacc.cc:485:replace_alu$1284.genblk1.slice[4].genblk1.carry4, port O [0], Anet:0.902116
             Input port: inst   28:$abc$3021$lut$0\clk_div[23:0][16], port I2 , FF -1, Anet:0.902116
    net 106:$techmap3077$abc$3021$luto_x_motor[0].A[1], don't route: 0, ignore timing: 0, Anet:0.000000, Clock domain 7, Clock synchronizer: 0
            Output port: inst   44:$abc$3021$lut$aiger3020$175, port O  , Anet:0.000000
             Input port: inst   48:$abc$3021$lut\o_x_motor[0], port I1 , FF -1, Anet:0.000000
             Input port: inst   50:$abc$3021$lut\o_x_motor[2], port I1 , FF -1, Anet:0.000000
    net 107:$techmap3077$abc$3021$luto_x_motor[0].A[0], don't route: 0, ignore timing: 0, Anet:0.327814, Clock domain 7, Clock synchronizer: 0
            Output port: inst   61:$auto$ff.cc:266:slice$1827, port Q, Anet:0.327814
             Input port: inst   48:$abc$3021$lut\o_x_motor[0], port I0 , FF -1, Anet:0.000000
             Input port: inst   49:$abc$3021$lut\o_x_motor[1], port I1 , FF -1, Anet:0.000000
             Input port: inst   50:$abc$3021$lut\o_x_motor[2], port I0 , FF -1, Anet:0.000000
             Input port: inst   51:$auto$abc9_ops.cc:1550:reintegrate$3023, port I1 , FF -1, Anet:0.000000
             Input port: inst  104:$auto$ff.cc:266:slice$1827_buf104_i, port I0 , FF -1, Anet:0.327814
    net 108:$techmap3073$abc$3021$lut$0clk_div[23:0][20].A[3], don't route: 0, ignore timing: 0, Anet:1.000000, Clock domain 7, Clock synchronizer: 0
            Output port: inst   58:$auto$alumacc.cc:485:replace_alu$1284.genblk1.slice[5].genblk1.carry4, port O [0], Anet:1.000000
             Input port: inst   31:$abc$3021$lut$0\clk_div[23:0][20], port I3 , FF -1, Anet:1.000000
    net 109:$techmap3076$abc$3021$lut$aiger3020$175.A[0], don't route: 0, ignore timing: 0, Anet:0.327804, Clock domain 7, Clock synchronizer: 0
            Output port: inst   60:$auto$ff.cc:266:slice$1826, port Q, Anet:0.327804
             Input port: inst   44:$abc$3021$lut$aiger3020$175, port I0 , FF -1, Anet:0.000000
             Input port: inst   49:$abc$3021$lut\o_x_motor[1], port I0 , FF -1, Anet:0.000000
             Input port: inst   51:$auto$abc9_ops.cc:1550:reintegrate$3023, port I0 , FF -1, Anet:0.000000
             Input port: inst  103:$auto$ff.cc:266:slice$1826_buf103_i, port I0 , FF -1, Anet:0.327804
    net 110:$techmap3063$abc$3021$lut$aiger3020$139.A[4], don't route: 0, ignore timing: 0, Anet:0.595568, Clock domain 7, Clock synchronizer: 0
            Output port: inst   40:$abc$3021$lut$aiger3020$125, port O  , Anet:0.595568
             Input port: inst   43:$abc$3021$lut$aiger3020$139, port I4 , FF -1, Anet:0.595568
    net 111:$techmap3063$abc$3021$lut$aiger3020$139.A[5], don't route: 0, ignore timing: 0, Anet:0.595568, Clock domain 7, Clock synchronizer: 0
            Output port: inst   39:$abc$3021$lut$aiger3020$124, port O  , Anet:0.595568
             Input port: inst   43:$abc$3021$lut$aiger3020$139, port I5 , FF -1, Anet:0.595568
    net 112:$techmap3063$abc$3021$lut$aiger3020$139.A[2], don't route: 0, ignore timing: 0, Anet:0.608453, Clock domain 7, Clock synchronizer: 0
            Output port: inst   78:$auto$ff.cc:266:slice$1844, port Q, Anet:0.608453
             Input port: inst   43:$abc$3021$lut$aiger3020$139, port I2 , FF -1, Anet:0.412785
             Input port: inst  120:$auto$ff.cc:266:slice$1844_buf120_i, port I0 , FF -1, Anet:0.608453
    net 113:$techmap3063$abc$3021$lut$aiger3020$139.A[3], don't route: 0, ignore timing: 0, Anet:0.608453, Clock domain 7, Clock synchronizer: 0
            Output port: inst   81:$auto$ff.cc:266:slice$1847, port Q, Anet:0.608453
             Input port: inst   43:$abc$3021$lut$aiger3020$139, port I3 , FF -1, Anet:0.412785
             Input port: inst  123:$auto$ff.cc:266:slice$1847_buf123_i, port I0 , FF -1, Anet:0.608453
    net 114:$techmap3063$abc$3021$lut$aiger3020$139.A[0], don't route: 0, ignore timing: 0, Anet:0.608453, Clock domain 7, Clock synchronizer: 0
            Output port: inst   79:$auto$ff.cc:266:slice$1845, port Q, Anet:0.608453
             Input port: inst   43:$abc$3021$lut$aiger3020$139, port I0 , FF -1, Anet:0.412785
             Input port: inst  121:$auto$ff.cc:266:slice$1845_buf121_i, port I0 , FF -1, Anet:0.608453
    net 115:$techmap3063$abc$3021$lut$aiger3020$139.A[1], don't route: 0, ignore timing: 0, Anet:0.608453, Clock domain 7, Clock synchronizer: 0
            Output port: inst   80:$auto$ff.cc:266:slice$1846, port Q, Anet:0.608453
             Input port: inst   43:$abc$3021$lut$aiger3020$139, port I1 , FF -1, Anet:0.412785
             Input port: inst  122:$auto$ff.cc:266:slice$1846_buf122_i, port I0 , FF -1, Anet:0.608453
    net 116:$techmap3078$abc$3021$luto_x_motor[1].A[2], don't route: 0, ignore timing: 0, Anet:0.000000, Clock domain 7, Clock synchronizer: 0
            Output port: inst   52:$auto$alumacc.cc:485:replace_alu$1281.genblk1.slice[0].genblk1.carry4, port CO[1], Anet:0.000000
             Input port: inst   49:$abc$3021$lut\o_x_motor[1], port I2 , FF -1, Anet:0.000000
    net 117:$techmap2195$auto$ff.cc:266:slice$1834.D, don't route: 0, ignore timing: 0, Anet:0.425680, Clock domain 7, Clock synchronizer: 0
            Output port: inst   54:$auto$alumacc.cc:485:replace_alu$1284.genblk1.slice[1].genblk1.carry4, port O [2], Anet:0.425680
             Input port: inst   68:$auto$ff.cc:266:slice$1834, port D  , FF -1, Anet:0.425680
    net 118:$techmap2199$auto$ff.cc:266:slice$1832.D, don't route: 0, ignore timing: 0, Anet:0.425680, Clock domain 7, Clock synchronizer: 0
            Output port: inst   54:$auto$alumacc.cc:485:replace_alu$1284.genblk1.slice[1].genblk1.carry4, port O [0], Anet:0.425680
             Input port: inst   66:$auto$ff.cc:266:slice$1832, port D  , FF -1, Anet:0.425680
    net 119:$techmap2177$auto$ff.cc:266:slice$1844.D, don't route: 0, ignore timing: 0, Anet:0.902116, Clock domain 7, Clock synchronizer: 0
            Output port: inst   28:$abc$3021$lut$0\clk_div[23:0][16], port O  , Anet:0.902116
             Input port: inst   78:$auto$ff.cc:266:slice$1844, port D  , FF -1, Anet:0.902116
    net 120:i_clk_ibuf, don't route: 1, ignore timing: 0, Anet:0.000000, Clock domain -1, Clock synchronizer: 0
            Output port: inst    0:     i_clk, port O, Anet:0.000000
             Input port: inst   86:g_86_i_clk_ibuf, port I  , FF -1, Anet:0.000000
    net 121:i_rst_ibuf, don't route: 1, ignore timing: 0, Anet:0.000000, Clock domain -1, Clock synchronizer: 0
            Output port: inst    1:     i_rst, port O, Anet:0.000000
             Input port: inst   87:g_87_i_rst_ibuf, port I  , FF -1, Anet:0.000000
    net 122:o_led_en_obuf, don't route: 1, ignore timing: 0, Anet:0.000000, Clock domain -1, Clock synchronizer: 0
            Output port: inst   88:g_88_o_led_en_obuf, port O, Anet:0.000000
             Input port: inst    8:  o_led_en, port I, FF -1, Anet:0.000000
    net 123:o_motor_en_obuf, don't route: 1, ignore timing: 0, Anet:0.000000, Clock domain -1, Clock synchronizer: 0
            Output port: inst   89:g_89_o_motor_en_obuf, port O, Anet:0.000000
             Input port: inst    9:o_motor_en, port I, FF -1, Anet:0.000000
    net 124:o_status_led_obuf, don't route: 1, ignore timing: 0, Anet:0.000000, Clock domain -1, Clock synchronizer: 0
            Output port: inst   90:g_90_o_status_led_obuf, port O, Anet:0.000000
             Input port: inst   10:o_status_led, port I, FF -1, Anet:0.000000
    net 125:o_x_motor_0_obuf, don't route: 1, ignore timing: 0, Anet:0.000000, Clock domain -1, Clock synchronizer: 0
            Output port: inst   91:g_91_o_x_motor_0_obuf, port O, Anet:0.000000
             Input port: inst   11:o_x_motor[0], port I, FF -1, Anet:0.000000
    net 126:o_x_motor_1_obuf, don't route: 1, ignore timing: 0, Anet:0.000000, Clock domain -1, Clock synchronizer: 0
            Output port: inst   92:g_92_o_x_motor_1_obuf, port O, Anet:0.000000
             Input port: inst   12:o_x_motor[1], port I, FF -1, Anet:0.000000
    net 127:o_x_motor_2_obuf, don't route: 1, ignore timing: 0, Anet:0.000000, Clock domain -1, Clock synchronizer: 0
            Output port: inst   93:g_93_o_x_motor_2_obuf, port O, Anet:0.000000
             Input port: inst   13:o_x_motor[2], port I, FF -1, Anet:0.000000
    net 128:o_x_motor_3_obuf, don't route: 1, ignore timing: 0, Anet:0.000000, Clock domain -1, Clock synchronizer: 0
            Output port: inst   94:g_94_o_x_motor_3_obuf, port O, Anet:0.000000
             Input port: inst   14:o_x_motor[3], port I, FF -1, Anet:0.000000
    net 129:o_y_motor_0_obuf, don't route: 1, ignore timing: 0, Anet:0.000000, Clock domain -1, Clock synchronizer: 0
            Output port: inst   95:g_95_o_y_motor_0_obuf, port O, Anet:0.000000
             Input port: inst   15:o_y_motor[0], port I, FF -1, Anet:0.000000
    net 130:o_y_motor_1_obuf, don't route: 1, ignore timing: 0, Anet:0.000000, Clock domain -1, Clock synchronizer: 0
            Output port: inst   96:g_96_o_y_motor_1_obuf, port O, Anet:0.000000
             Input port: inst   16:o_y_motor[1], port I, FF -1, Anet:0.000000
    net 131:o_y_motor_2_obuf, don't route: 1, ignore timing: 0, Anet:0.000000, Clock domain -1, Clock synchronizer: 0
            Output port: inst   97:g_97_o_y_motor_2_obuf, port O, Anet:0.000000
             Input port: inst   17:o_y_motor[2], port I, FF -1, Anet:0.000000
    net 132:o_y_motor_3_obuf, don't route: 1, ignore timing: 0, Anet:0.000000, Clock domain -1, Clock synchronizer: 0
            Output port: inst   98:g_98_o_y_motor_3_obuf, port O, Anet:0.000000
             Input port: inst   18:o_y_motor[3], port I, FF -1, Anet:0.000000
    net 133:o_z_motor_0_obuf, don't route: 1, ignore timing: 0, Anet:0.000000, Clock domain -1, Clock synchronizer: 0
            Output port: inst   99:g_99_o_z_motor_0_obuf, port O, Anet:0.000000
             Input port: inst   19:o_z_motor[0], port I, FF -1, Anet:0.000000
    net 134:o_z_motor_1_obuf, don't route: 1, ignore timing: 0, Anet:0.000000, Clock domain -1, Clock synchronizer: 0
            Output port: inst  100:g_100_o_z_motor_1_obuf, port O, Anet:0.000000
             Input port: inst   20:o_z_motor[1], port I, FF -1, Anet:0.000000
    net 135:o_z_motor_2_obuf, don't route: 1, ignore timing: 0, Anet:0.000000, Clock domain -1, Clock synchronizer: 0
            Output port: inst  101:g_101_o_z_motor_2_obuf, port O, Anet:0.000000
             Input port: inst   21:o_z_motor[2], port I, FF -1, Anet:0.000000
    net 136:o_z_motor_3_obuf, don't route: 1, ignore timing: 0, Anet:0.000000, Clock domain -1, Clock synchronizer: 0
            Output port: inst  102:g_102_o_z_motor_3_obuf, port O, Anet:0.000000
             Input port: inst   22:o_z_motor[3], port I, FF -1, Anet:0.000000
    net 137:$techmap3076$abc$3021$lut$aiger3020$175.A[0]_buf137, don't route: 1, ignore timing: 0, Anet:0.327804, Clock domain 7, Clock synchronizer: 0
            Output port: inst  103:$auto$ff.cc:266:slice$1826_buf103_i, port O  , Anet:0.327804
             Input port: inst   52:$auto$alumacc.cc:485:replace_alu$1281.genblk1.slice[0].genblk1.carry4, port S [1], FF -1, Anet:0.327804
    net 138:$techmap3077$abc$3021$luto_x_motor[0].A[0]_buf138, don't route: 1, ignore timing: 0, Anet:0.327814, Clock domain 7, Clock synchronizer: 0
            Output port: inst  104:$auto$ff.cc:266:slice$1827_buf104_i, port O  , Anet:0.327814
             Input port: inst   52:$auto$alumacc.cc:485:replace_alu$1281.genblk1.slice[0].genblk1.carry4, port S [2], FF -1, Anet:0.327814
    net 139:$techmap3061$abc$3021$lut$aiger3020$129.A[2]_buf139, don't route: 1, ignore timing: 0, Anet:0.999991, Clock domain 7, Clock synchronizer: 0
            Output port: inst  105:$auto$ff.cc:266:slice$1829_buf105_i, port O  , Anet:0.999991
             Input port: inst   53:$auto$alumacc.cc:485:replace_alu$1284.genblk1.slice[0].genblk1.carry4, port S [1], FF -1, Anet:0.999991
    net 140:$techmap3061$abc$3021$lut$aiger3020$129.A[1]_buf140, don't route: 1, ignore timing: 0, Anet:0.999991, Clock domain 7, Clock synchronizer: 0
            Output port: inst  106:$auto$ff.cc:266:slice$1830_buf106_i, port O  , Anet:0.999991
             Input port: inst   53:$auto$alumacc.cc:485:replace_alu$1284.genblk1.slice[0].genblk1.carry4, port S [2], FF -1, Anet:0.999991
    net 141:$techmap3061$abc$3021$lut$aiger3020$129.A[0]_buf141, don't route: 1, ignore timing: 0, Anet:0.999991, Clock domain 7, Clock synchronizer: 0
            Output port: inst  107:$auto$ff.cc:266:slice$1831_buf107_i, port O  , Anet:0.999991
             Input port: inst   53:$auto$alumacc.cc:485:replace_alu$1284.genblk1.slice[0].genblk1.carry4, port S [3], FF -1, Anet:0.999991
    net 142:$techmap3056$abc$3021$lut$aiger3020$121.A[2]_buf142, don't route: 1, ignore timing: 0, Anet:0.902106, Clock domain 7, Clock synchronizer: 0
            Output port: inst  108:$auto$ff.cc:266:slice$1832_buf108_i, port O  , Anet:0.902106
             Input port: inst   54:$auto$alumacc.cc:485:replace_alu$1284.genblk1.slice[1].genblk1.carry4, port S [0], FF -1, Anet:0.902106
    net 143:$techmap3056$abc$3021$lut$aiger3020$121.A[1]_buf143, don't route: 1, ignore timing: 0, Anet:0.902106, Clock domain 7, Clock synchronizer: 0
            Output port: inst  109:$auto$ff.cc:266:slice$1833_buf109_i, port O  , Anet:0.902106
             Input port: inst   54:$auto$alumacc.cc:485:replace_alu$1284.genblk1.slice[1].genblk1.carry4, port S [1], FF -1, Anet:0.902106
    net 144:$techmap3056$abc$3021$lut$aiger3020$121.A[3]_buf144, don't route: 1, ignore timing: 0, Anet:0.902106, Clock domain 7, Clock synchronizer: 0
            Output port: inst  110:$auto$ff.cc:266:slice$1834_buf110_i, port O  , Anet:0.902106
             Input port: inst   54:$auto$alumacc.cc:485:replace_alu$1284.genblk1.slice[1].genblk1.carry4, port S [2], FF -1, Anet:0.902106
    net 145:$techmap3056$abc$3021$lut$aiger3020$121.A[0]_buf145, don't route: 1, ignore timing: 0, Anet:0.902106, Clock domain 7, Clock synchronizer: 0
            Output port: inst  111:$auto$ff.cc:266:slice$1835_buf111_i, port O  , Anet:0.902106
             Input port: inst   54:$auto$alumacc.cc:485:replace_alu$1284.genblk1.slice[1].genblk1.carry4, port S [3], FF -1, Anet:0.902106
    net 146:$techmap3057$abc$3021$lut$aiger3020$122.A[0]_buf146, don't route: 1, ignore timing: 0, Anet:0.804222, Clock domain 7, Clock synchronizer: 0
            Output port: inst  112:$auto$ff.cc:266:slice$1836_buf112_i, port O  , Anet:0.804222
             Input port: inst   55:$auto$alumacc.cc:485:replace_alu$1284.genblk1.slice[2].genblk1.carry4, port S [0], FF -1, Anet:0.804222
    net 147:$techmap3057$abc$3021$lut$aiger3020$122.A[1]_buf147, don't route: 1, ignore timing: 0, Anet:0.804222, Clock domain 7, Clock synchronizer: 0
            Output port: inst  113:$auto$ff.cc:266:slice$1837_buf113_i, port O  , Anet:0.804222
             Input port: inst   55:$auto$alumacc.cc:485:replace_alu$1284.genblk1.slice[2].genblk1.carry4, port S [1], FF -1, Anet:0.804222
    net 148:$techmap3058$abc$3021$lut$aiger3020$123.A[1]_buf148, don't route: 1, ignore timing: 0, Anet:0.804222, Clock domain 7, Clock synchronizer: 0
            Output port: inst  114:$auto$ff.cc:266:slice$1838_buf114_i, port O  , Anet:0.804222
             Input port: inst   55:$auto$alumacc.cc:485:replace_alu$1284.genblk1.slice[2].genblk1.carry4, port S [2], FF -1, Anet:0.804222
    net 149:$techmap3058$abc$3021$lut$aiger3020$123.A[0]_buf149, don't route: 1, ignore timing: 0, Anet:0.804222, Clock domain 7, Clock synchronizer: 0
            Output port: inst  115:$auto$ff.cc:266:slice$1839_buf115_i, port O  , Anet:0.804222
             Input port: inst   55:$auto$alumacc.cc:485:replace_alu$1284.genblk1.slice[2].genblk1.carry4, port S [3], FF -1, Anet:0.804222
    net 150:$techmap3062$abc$3021$lut$aiger3020$134.A[1]_buf150, don't route: 1, ignore timing: 0, Anet:0.706338, Clock domain 7, Clock synchronizer: 0
            Output port: inst  116:$auto$ff.cc:266:slice$1840_buf116_i, port O  , Anet:0.706338
             Input port: inst   56:$auto$alumacc.cc:485:replace_alu$1284.genblk1.slice[3].genblk1.carry4, port S [0], FF -1, Anet:0.706338
    net 151:$techmap3062$abc$3021$lut$aiger3020$134.A[0]_buf151, don't route: 1, ignore timing: 0, Anet:0.706338, Clock domain 7, Clock synchronizer: 0
            Output port: inst  117:$auto$ff.cc:266:slice$1841_buf117_i, port O  , Anet:0.706338
             Input port: inst   56:$auto$alumacc.cc:485:replace_alu$1284.genblk1.slice[3].genblk1.carry4, port S [1], FF -1, Anet:0.706338
    net 152:$techmap3062$abc$3021$lut$aiger3020$134.A[2]_buf152, don't route: 1, ignore timing: 0, Anet:0.706338, Clock domain 7, Clock synchronizer: 0
            Output port: inst  118:$auto$ff.cc:266:slice$1842_buf118_i, port O  , Anet:0.706338
             Input port: inst   56:$auto$alumacc.cc:485:replace_alu$1284.genblk1.slice[3].genblk1.carry4, port S [2], FF -1, Anet:0.706338
    net 153:$techmap3062$abc$3021$lut$aiger3020$134.A[3]_buf153, don't route: 1, ignore timing: 0, Anet:0.706338, Clock domain 7, Clock synchronizer: 0
            Output port: inst  119:$auto$ff.cc:266:slice$1843_buf119_i, port O  , Anet:0.706338
             Input port: inst   56:$auto$alumacc.cc:485:replace_alu$1284.genblk1.slice[3].genblk1.carry4, port S [3], FF -1, Anet:0.706338
    net 154:$techmap3063$abc$3021$lut$aiger3020$139.A[2]_buf154, don't route: 1, ignore timing: 0, Anet:0.608453, Clock domain 7, Clock synchronizer: 0
            Output port: inst  120:$auto$ff.cc:266:slice$1844_buf120_i, port O  , Anet:0.608453
             Input port: inst   57:$auto$alumacc.cc:485:replace_alu$1284.genblk1.slice[4].genblk1.carry4, port S [0], FF -1, Anet:0.608453
    net 155:$techmap3063$abc$3021$lut$aiger3020$139.A[0]_buf155, don't route: 1, ignore timing: 0, Anet:0.608453, Clock domain 7, Clock synchronizer: 0
            Output port: inst  121:$auto$ff.cc:266:slice$1845_buf121_i, port O  , Anet:0.608453
             Input port: inst   57:$auto$alumacc.cc:485:replace_alu$1284.genblk1.slice[4].genblk1.carry4, port S [1], FF -1, Anet:0.608453
    net 156:$techmap3063$abc$3021$lut$aiger3020$139.A[1]_buf156, don't route: 1, ignore timing: 0, Anet:0.608453, Clock domain 7, Clock synchronizer: 0
            Output port: inst  122:$auto$ff.cc:266:slice$1846_buf122_i, port O  , Anet:0.608453
             Input port: inst   57:$auto$alumacc.cc:485:replace_alu$1284.genblk1.slice[4].genblk1.carry4, port S [2], FF -1, Anet:0.608453
    net 157:$techmap3063$abc$3021$lut$aiger3020$139.A[3]_buf157, don't route: 1, ignore timing: 0, Anet:0.608453, Clock domain 7, Clock synchronizer: 0
            Output port: inst  123:$auto$ff.cc:266:slice$1847_buf123_i, port O  , Anet:0.608453
             Input port: inst   57:$auto$alumacc.cc:485:replace_alu$1284.genblk1.slice[4].genblk1.carry4, port S [3], FF -1, Anet:0.608453
    net 158:$techmap3059$abc$3021$lut$aiger3020$124.A[1]_buf158, don't route: 1, ignore timing: 0, Anet:0.510569, Clock domain 7, Clock synchronizer: 0
            Output port: inst  124:$auto$ff.cc:266:slice$1848_buf124_i, port O  , Anet:0.510569
             Input port: inst   58:$auto$alumacc.cc:485:replace_alu$1284.genblk1.slice[5].genblk1.carry4, port S [0], FF -1, Anet:0.510569
    net 159:$techmap3059$abc$3021$lut$aiger3020$124.A[0]_buf159, don't route: 1, ignore timing: 0, Anet:0.510569, Clock domain 7, Clock synchronizer: 0
            Output port: inst  125:$auto$ff.cc:266:slice$1849_buf125_i, port O  , Anet:0.510569
             Input port: inst   58:$auto$alumacc.cc:485:replace_alu$1284.genblk1.slice[5].genblk1.carry4, port S [1], FF -1, Anet:0.510569
    net 160:$techmap3060$abc$3021$lut$aiger3020$125.A[1]_buf160, don't route: 1, ignore timing: 0, Anet:0.510569, Clock domain 7, Clock synchronizer: 0
            Output port: inst  126:$auto$ff.cc:266:slice$1850_buf126_i, port O  , Anet:0.510569
             Input port: inst   58:$auto$alumacc.cc:485:replace_alu$1284.genblk1.slice[5].genblk1.carry4, port S [2], FF -1, Anet:0.510569
    net 161:$techmap3060$abc$3021$lut$aiger3020$125.A[0]_buf161, don't route: 1, ignore timing: 0, Anet:0.510569, Clock domain 7, Clock synchronizer: 0
            Output port: inst  127:$auto$ff.cc:266:slice$1851_buf127_i, port O  , Anet:0.510569
             Input port: inst   58:$auto$alumacc.cc:485:replace_alu$1284.genblk1.slice[5].genblk1.carry4, port S [3], FF -1, Anet:0.510569
RBB 0: chip_tile 0 0, chip_loc 0 6 0, clock_latency (0:0:0, 0:0:0), RBB_phy_ver 0
   IOB 0:
   Clock -1, pol 0, async_RST O: -1 I: -1, sync_SR O: -1 I: -1
    O0: net    1
    O1: net    0
  EFLX Out0: inst 102, net 1, port name o_z_motor[3], output delay -1ps
  EFLX Out1: inst 88, net 0, port name o_led_en, output delay -1ps
RBB 1: chip_tile 0 0, chip_loc 0 8 0, clock_latency (0:0:0, 0:0:0), RBB_phy_ver 0
   IOB 1:
   Clock -1, pol 0, async_RST O: -1 I: -1, sync_SR O: -1 I: -1
    O0: net   14
    O1: net    0
  EFLX Out0: inst 90, net 14, port name o_status_led, output delay -1ps
  EFLX Out1: inst 89, net 0, port name o_motor_en, output delay -1ps
RBB 2: chip_tile 0 0, chip_loc 0 23 0, clock_latency (0:0:0, 0:0:0), RBB_phy_ver 0
   IOB 2:
   Clock -1, pol 0, async_RST O: -1 I: -1, sync_SR O: -1 I: -1
    O0: net   12
  EFLX Out0: inst 94, net 12, port name o_x_motor[3], output delay -1ps
RBB 3: chip_tile 0 0, chip_loc 0 24 0, clock_latency (0:0:0, 0:0:0), RBB_phy_ver 0
   IOB 3:
   Clock -1, pol 0, async_RST O: -1 I: -1, sync_SR O: -1 I: -1
    O0: net    1
  EFLX Out0: inst 95, net 1, port name o_y_motor[0], output delay -1ps
RBB 4: chip_tile 0 0, chip_loc 31 4 0, clock_latency (0:0:0, 0:0:0), RBB_phy_ver 0
   IOB 4:
   Clock -1, pol 0, async_RST O: -1 I: -1, sync_SR O: -1 I: -1
    O0: net   13
  EFLX Out0: inst 93, net 13, port name o_x_motor[2], output delay -1ps
RBB 5: chip_tile 0 0, chip_loc 31 5 0, clock_latency (0:0:0, 0:0:0), RBB_phy_ver 0
   IOB 5:
   Clock -1, pol 0, async_RST O: -1 I: -1, sync_SR O: -1 I: -1
    O0: net   10
  EFLX Out0: inst 92, net 10, port name o_x_motor[1], output delay -1ps
RBB 6: chip_tile 0 0, chip_loc 31 6 0, clock_latency (0:0:0, 0:0:0), RBB_phy_ver 0
   IOB 6:
   Clock -1, pol 0, async_RST O: -1 I: -1, sync_SR O: -1 I: -1
    O0: net   11
  EFLX Out0: inst 91, net 11, port name o_x_motor[0], output delay -1ps
RBB 7: chip_tile 0 0, chip_loc 31 22 0, clock_latency (0:0:0, 0:0:0), RBB_phy_ver 0
   IOB 7:
   Clock -1, pol 0, async_RST O: -1 I: -1, sync_SR O: -1 I: -1
    O0: net    1
  EFLX Out0: inst 101, net 1, port name o_z_motor[2], output delay -1ps
RBB 8: chip_tile 0 0, chip_loc 31 23 0, clock_latency (0:0:0, 0:0:0), RBB_phy_ver 0
   IOB 8:
   Clock -1, pol 0, async_RST O: -1 I: -1, sync_SR O: -1 I: -1
    O0: net    1
    I0: net    6
  EFLX Out0: inst 100, net 1, port name o_z_motor[1], output delay -1ps
  EFLX  In0: inst 87, net 6, port name i_rst,  input delay -1ps
RBB 9: chip_tile 0 0, chip_loc 31 24 0, clock_latency (0:0:0, 0:0:0), RBB_phy_ver 0
   IOB 9:
   Clock -1, pol 0, async_RST O: -1 I: -1, sync_SR O: -1 I: -1
    O0: net    1
  EFLX Out0: inst 99, net 1, port name o_z_motor[0], output delay -1ps
RBB 10: chip_tile 0 0, chip_loc 31 25 0, clock_latency (0:0:0, 0:0:0), RBB_phy_ver 0
   IOB 10:
   Clock -1, pol 0, async_RST O: -1 I: -1, sync_SR O: -1 I: -1
    O0: net    1
  EFLX Out0: inst 98, net 1, port name o_y_motor[3], output delay -1ps
RBB 11: chip_tile 0 0, chip_loc 31 26 0, clock_latency (0:0:0, 0:0:0), RBB_phy_ver 0
   IOB 11:
   Clock -1, pol 0, async_RST O: -1 I: -1, sync_SR O: -1 I: -1
    O0: net    1
  EFLX Out0: inst 97, net 1, port name o_y_motor[2], output delay -1ps
RBB 12: chip_tile 0 0, chip_loc 31 27 0, clock_latency (0:0:0, 0:0:0), RBB_phy_ver 0
   IOB 12:
   Clock -1, pol 0, async_RST O: -1 I: -1, sync_SR O: -1 I: -1
    O0: net    1
  EFLX Out0: inst 96, net 1, port name o_y_motor[1], output delay -1ps
RBB 13: chip_tile -1 -1, chip_loc -1 -1 -1, clock_latency (0:0:0, 0:0:0), RBB_phy_ver 0, placed_at_RBBM 0
   Clock 7, pol 0, latch 0, FF_CE 1, FF_SR 1, async_RST Q:1, OQ:-1, 
   LUT  [0]: 45, net 47
   LUTO [0]: 49, net 10
   XORCY[0]: 52, net 40
   MUXCY[0]: 52, net 38
   FD   [0]: 59, net 96
   LUT  [1]: 103, net 137
   XORCY[1]: 52, net 48
   MUXCY[1]: 52, net 116
   FD   [1]: 60, net 109
   LUT  [2]: 104, net 138
   LUTO [2]: 48, net 11
   XORCY[2]: 52, net 49
   MUXCY[2]: 52, net 39
   FD   [2]: 61, net 107
   LUT  [3]: 23, net 1
   XORCY[3]: 52, net 53
   MUXCY[3]: 52, net 36
     net_ABCD5:  net -1 -1 -1 -1
     net_ABCD6:  net -1 -1 -1 -1
     net_ABCDI:  net 0 1 1 1
     net_CE:     net 14
     net_CEin:   net -1
     net_CEout:  net 14
     net_SR:     net 6
     net_SRin:   net -1
     net_SRout:  net 6
   A1  : net   96
   A2  : net  116
   A4  : net  107
   A5  : net  109
   A6  : net   14
   B5  : net  109
   B6  : net    6
   C1  : net  106
   C4  : net  107
   CIN : net    1
   AMUX : net   10
   AQ   : net   96
   BMUX : net  116
   BQ   : net  109
   CMUX : net   11
   CQ   : net  107
   DMUX : net   53
   CARRY: inst 13
Out AMUX: A5  A4  A2  
Out AQ  : A6  B6  A1      FF: A6  B6  A1  
Out BMUX: B5  A1  CIN 
Out BQ  : A6  B6  B5  A1  CIN     FF: A6  B6  B5  A1  CIN 
Out CMUX: C4  C1  
Out CQ  : A6  B6  C4  B5  A1  CIN     FF: A6  B6  C4  B5  A1  CIN 
Out DMUX: C4  B5  A1  CIN 
RBB 14: chip_tile -1 -1, chip_loc -1 -1 -1, clock_latency (0:0:0, 0:0:0), RBB_phy_ver 0, placed_at_RBBM 0
   Clock 7, pol 0, latch 0, FF_CE 0, FF_SR 1, async_RST Q:1, OQ:1, 
   LUT  [0]: 46, net 37
   LUTO [0]: 44, net 106
   XORCY[0]: 53, net 26
   MUXCY[0]: 53, net 24
   LUT  [1]: 105, net 139
   LUTO [1]: 51, net 12
   XORCY[1]: 53, net 60
   MUXCY[1]: 53, net 23
   FD   [1]: 63, net 87
   LUT  [2]: 106, net 140
   LUTO [2]: 50, net 13
   XORCY[2]: 53, net 50
   MUXCY[2]: 53, net 25
   FD   [2]: 64, net 89
   LUT  [3]: 107, net 141
   LUTO [3]: 25, net 59
   XORCY[3]: 53, net 67
   MUXCY[3]: 53, net 22
   FD   [3]: 65, net 88
   FDO  [3]: 62, net 97
     net_ABCD5:  net -1 -1 -1 -1
     net_ABCD6:  net -1 -1 -1 -1
     net_ABCDI:  net 0 1 1 1
     net_CE:     net -1
     net_CEin:   net -1
     net_CEout:  net -1
     net_SR:     net 6
     net_SRin:   net -1
     net_SRout:  net 6
   A1  : net   96
   A4  : net  109
   A5  : net   97
   A6  : net    6
   B1  : net   87
   B2  : net   53
   B4  : net  109
   B5  : net  107
   C1  : net   89
   C2  : net  106
   C5  : net  107
   D1  : net   88
   D2  : net  101
   D3  : net  100
   D4  : net   99
   D5  : net   97
   CIN : net    1
   AMUX : net  106
   BMUX : net   12
   BQ   : net   87
   CMUX : net   13
   CQ   : net   89
   DMUX : net   97
   DQ   : net   88
   COUT : net   22
   CARRY: inst 14 15 16 17 18 19
Out AMUX: A4  A1  
Out BMUX: B4  B5  B2  
Out BQ  : A6  B1  A5  CIN     FF: A6  B1  A5  CIN 
Out CMUX: C5  C2  
Out CQ  : A6  C1  B1  A5  CIN     FF: A6  C1  B1  A5  CIN 
Out DMUX: A6  D5  D2  D3  D4      FF: A6  D5  D2  D3  D4  
Out DQ  : A6  D1  C1  B1  A5  CIN     FF: A6  D1  C1  B1  A5  CIN 
Out COUT: D1  C1  B1  A5  CIN 
RBB 15: chip_tile -1 -1, chip_loc -1 -1 -1, clock_latency (0:0:0, 0:0:0), RBB_phy_ver 0, placed_at_RBBM 0
   Clock 7, pol 0, latch 0, FF_CE 0, FF_SR 1, async_RST Q:1, OQ:-1, 
   LUT  [0]: 108, net 142
   LUTO [0]: 40, net 110
   XORCY[0]: 54, net 118
   MUXCY[0]: 54, net 21
   FD   [0]: 66, net 79
   LUT  [1]: 109, net 143
   LUTO [1]: 39, net 111
   XORCY[1]: 54, net 58
   MUXCY[1]: 54, net 20
   FD   [1]: 67, net 82
   LUT  [2]: 110, net 144
   LUTO [2]: 36, net 86
   XORCY[2]: 54, net 117
   MUXCY[2]: 54, net 30
   FD   [2]: 68, net 80
   LUT  [3]: 111, net 145
   LUTO [3]: 47, net 14
   XORCY[3]: 54, net 54
   MUXCY[3]: 54, net 31
   FD   [3]: 69, net 81
     net_ABCD5:  net -1 -1 -1 -1
     net_ABCD6:  net -1 -1 -1 -1
     net_ABCDI:  net 1 1 1 1
     net_CE:     net -1
     net_CEin:   net -1
     net_CEout:  net -1
     net_SR:     net 6
     net_SRin:   net 6
     net_SRout:  net 6
   A1  : net   73
   A2  : net   74
   A5  : net   79
   B1  : net   75
   B2  : net   76
   B4  : net   82
   C1  : net   80
   C3  : net   81
   C4  : net   82
   C5  : net   79
   D1  : net  101
   D2  : net  100
   D3  : net   81
   D4  : net   99
   CIN : net   22
   AMUX : net  110
   AQ   : net   79
   BMUX : net  111
   BQ   : net   82
   CMUX : net   86
   CQ   : net   80
   DMUX : net   14
   DQ   : net   81
   COUT : net   31
   CARRY: inst 14 15 16 17 18 19
Out AMUX: A1  A2  
Out AQ  : A5  CIN     FF: A5  CIN 
Out BMUX: B1  B2  
Out BQ  : B4  A5  CIN     FF: B4  A5  CIN 
Out CMUX: C3  C4  C5  C1  
Out CQ  : C1  B4  A5  CIN     FF: C1  B4  A5  CIN 
Out DMUX: D1  D2  D4  
Out DQ  : D3  C1  B4  A5  CIN     FF: D3  C1  B4  A5  CIN 
Out COUT: D3  C1  B4  A5  CIN 
RBB 16: chip_tile -1 -1, chip_loc -1 -1 -1, clock_latency (0:0:0, 0:0:0), RBB_phy_ver 0, placed_at_RBBM 0
   Clock 7, pol 0, latch 0, FF_CE 0, FF_SR 1, async_RST Q:1, OQ:1, 
   LUT  [0]: 112, net 146
   XORCY[0]: 55, net 56
   MUXCY[0]: 55, net 28
   LUT  [1]: 113, net 147
   LUTO [1]: 26, net 55
   XORCY[1]: 55, net 102
   MUXCY[1]: 55, net 29
   FD   [1]: 73, net 83
   LUT  [2]: 114, net 148
   LUTO [2]: 35, net 70
   XORCY[2]: 55, net 46
   MUXCY[2]: 55, net 27
   FD   [2]: 72, net 84
   FDO  [2]: 71, net 78
   LUT  [3]: 115, net 149
   LUTO [3]: 34, net 61
   XORCY[3]: 55, net 98
   MUXCY[3]: 55, net 43
   FD   [3]: 70, net 77
     net_ABCD5:  net -1 -1 -1 -1
     net_ABCD6:  net -1 -1 -1 -1
     net_ABCDI:  net 1 1 1 1
     net_CE:     net -1
     net_CEin:   net -1
     net_CEout:  net -1
     net_SR:     net 6
     net_SRin:   net 6
     net_SRout:  net 6
   A1  : net   77
   B1  : net   78
   B2  : net   98
   B3  : net   99
   B4  : net  100
   B5  : net  101
   C1  : net   84
   C2  : net  102
   C3  : net   99
   C4  : net  100
   C5  : net  101
   D1  : net   83
   D2  : net   56
   D3  : net   99
   D4  : net  100
   D5  : net  101
   CIN : net   31
   AMUX : net   56
   BMUX : net  102
   BQ   : net   83
   CMUX : net   78
   CQ   : net   84
   DMUX : net   98
   DQ   : net   77
   COUT : net   43
   CARRY: inst 14 15 16 17 18 19
Out AMUX: A1  CIN 
Out BMUX: B1  A1  CIN 
Out BQ  : B2  B5  B4  B3      FF: B2  B5  B4  B3  
Out CMUX: C2  C5  C4  C3      FF: C2  C5  C4  C3  
Out CQ  : C1  B1  A1  CIN     FF: C1  B1  A1  CIN 
Out DMUX: D1  C1  B1  A1  CIN 
Out DQ  : D2  D5  D4  D3      FF: D2  D5  D4  D3  
Out COUT: D1  C1  B1  A1  CIN 
RBB 17: chip_tile -1 -1, chip_loc -1 -1 -1, clock_latency (0:0:0, 0:0:0), RBB_phy_ver 0, placed_at_RBBM 0
   Clock 7, pol 0, latch 0, FF_CE 0, FF_SR 1, async_RST Q:1, OQ:1, 
   LUT  [0]: 116, net 150
   XORCY[0]: 56, net 57
   MUXCY[0]: 56, net 42
   LUT  [1]: 117, net 151
   XORCY[1]: 56, net 66
   MUXCY[1]: 56, net 41
   FD   [1]: 75, net 92
   LUT  [2]: 118, net 152
   XORCY[2]: 56, net 69
   MUXCY[2]: 56, net 45
   FD   [2]: 76, net 90
   LUT  [3]: 119, net 153
   LUTO [3]: 27, net 68
   XORCY[3]: 56, net 62
   MUXCY[3]: 56, net 44
   FD   [3]: 77, net 91
   FDO  [3]: 74, net 93
     net_ABCD5:  net -1 -1 -1 -1
     net_ABCD6:  net -1 -1 -1 -1
     net_ABCDI:  net 1 1 1 1
     net_CE:     net -1
     net_CEin:   net -1
     net_CEout:  net -1
     net_SR:     net 6
     net_SRin:   net 6
     net_SRout:  net 6
   A1  : net   93
   B1  : net   92
   C1  : net   90
   D1  : net   91
   D2  : net   57
   D3  : net  101
   D4  : net  100
   D5  : net   99
   CIN : net   43
   AMUX : net   57
   BQ   : net   92
   CQ   : net   90
   DMUX : net   93
   DQ   : net   91
   COUT : net   44
   CARRY: inst 14 15 16 17 18 19
Out AMUX: A1  CIN 
Out BQ  : B1  A1  CIN     FF: B1  A1  CIN 
Out CQ  : C1  B1  A1  CIN     FF: C1  B1  A1  CIN 
Out DMUX: D2  D3  D4  D5      FF: D2  D3  D4  D5  
Out DQ  : D1  C1  B1  A1  CIN     FF: D1  C1  B1  A1  CIN 
Out COUT: D1  C1  B1  A1  CIN 
RBB 18: chip_tile -1 -1, chip_loc -1 -1 -1, clock_latency (0:0:0, 0:0:0), RBB_phy_ver 0, placed_at_RBBM 0
   Clock 7, pol 0, latch 0, FF_CE 0, FF_SR 1, async_RST Q:1, OQ:1, 
   LUT  [0]: 120, net 154
   XORCY[0]: 57, net 105
   MUXCY[0]: 57, net 17
   LUT  [1]: 121, net 155
   LUTO [1]: 30, net 51
   XORCY[1]: 57, net 85
   MUXCY[1]: 57, net 19
   FD   [1]: 80, net 115
   LUT  [2]: 122, net 156
   LUTO [2]: 29, net 65
   XORCY[2]: 57, net 103
   MUXCY[2]: 57, net 18
   FD   [2]: 79, net 114
   LUT  [3]: 123, net 157
   LUTO [3]: 28, net 119
   XORCY[3]: 57, net 15
   MUXCY[3]: 57, net 16
   FD   [3]: 81, net 113
   FDO  [3]: 78, net 112
     net_ABCD5:  net -1 -1 -1 -1
     net_ABCD6:  net -1 -1 -1 -1
     net_ABCDI:  net 1 1 1 1
     net_CE:     net -1
     net_CEin:   net -1
     net_CEout:  net -1
     net_SR:     net 6
     net_SRin:   net 6
     net_SRout:  net 6
   A1  : net  112
   B1  : net  114
   B2  : net  103
   B3  : net   99
   B4  : net  100
   B5  : net  101
   C1  : net  115
   C2  : net   85
   C3  : net   99
   C4  : net  100
   C5  : net  101
   D1  : net  113
   D2  : net  105
   D3  : net   99
   D4  : net  100
   D5  : net  101
   CIN : net   44
   AMUX : net  105
   BMUX : net   85
   BQ   : net  115
   CMUX : net  103
   CQ   : net  114
   DMUX : net  112
   DQ   : net  113
   COUT : net   16
   CARRY: inst 14 15 16 17 18 19
Out AMUX: A1  CIN 
Out BMUX: B1  A1  CIN 
Out BQ  : B5  B4  B2  B3      FF: B5  B4  B2  B3  
Out CMUX: C1  B1  A1  CIN 
Out CQ  : C5  C4  C3  C2      FF: C5  C4  C3  C2  
Out DMUX: D5  D4  D2  D3      FF: D5  D4  D2  D3  
Out DQ  : D1  C1  B1  A1  CIN     FF: D1  C1  B1  A1  CIN 
Out COUT: D1  C1  B1  A1  CIN 
RBB 19: chip_tile -1 -1, chip_loc -1 -1 -1, clock_latency (0:0:0, 0:0:0), RBB_phy_ver 0, placed_at_RBBM 0
   Clock 7, pol 0, latch 0, FF_CE 0, FF_SR 1, async_RST Q:1, OQ:1, 
   LUT  [0]: 124, net 158
   XORCY[0]: 58, net 108
   MUXCY[0]: 58, net 35
   LUT  [1]: 125, net 159
   LUTO [1]: 33, net 71
   XORCY[1]: 58, net 52
   MUXCY[1]: 58, net 34
   FD   [1]: 85, net 73
   LUT  [2]: 126, net 160
   LUTO [2]: 32, net 63
   XORCY[2]: 58, net 64
   MUXCY[2]: 58, net 33
   FD   [2]: 84, net 74
   FDO  [2]: 83, net 75
   LUT  [3]: 127, net 161
   LUTO [3]: 31, net 72
   XORCY[3]: 58, net 104
   MUXCY[3]: 58, net 32
   FD   [3]: 82, net 76
     net_ABCD5:  net -1 -1 -1 -1
     net_ABCD6:  net -1 -1 -1 -1
     net_ABCDI:  net 1 1 1 1
     net_CE:     net -1
     net_CEin:   net -1
     net_CEout:  net -1
     net_SR:     net 6
     net_SRin:   net 6
     net_SRout:  net 6
   A1  : net   76
   B1  : net   75
   B2  : net  104
   B3  : net   99
   B4  : net  100
   B5  : net  101
   C1  : net   74
   C2  : net   52
   C3  : net   99
   C4  : net  100
   C5  : net  101
   D1  : net   73
   D2  : net  108
   D3  : net   99
   D4  : net  100
   D5  : net  101
   CIN : net   16
   AMUX : net  108
   BMUX : net   52
   BQ   : net   73
   CMUX : net   75
   CQ   : net   74
   DMUX : net  104
   DQ   : net   76
   CARRY: inst 14 15 16 17 18 19
Out AMUX: A1  CIN 
Out BMUX: B1  A1  CIN 
Out BQ  : B5  B4  B3  B2      FF: B5  B4  B3  B2  
Out CMUX: C5  C4  C3  C2      FF: C5  C4  C3  C2  
Out CQ  : C1  B1  A1  CIN     FF: C1  B1  A1  CIN 
Out DMUX: D1  C1  B1  A1  CIN 
Out DQ  : D5  D4  D3  D2      FF: D5  D4  D3  D2  
RBB 20: chip_tile -1 -1, chip_loc -1 -1 -1, clock_latency (0:0:0, 0:0:0), RBB_phy_ver 0, placed_at_RBBM 0
   Clock -1, pol 0, latch 0, FF_CE -1, FF_SR -1, async_RST Q:-1, OQ:-1, 
   LUT  [0]: 38, net 94
   LUTO [0]: 37, net 95
   LUT  [1]: 42, net 100
   LUTO [1]: 42, net -1
   LUT  [2]: 43, net 101
   LUTO [2]: 43, net -1
   LUT  [3]: 41, net 99
     net_ABCD5:  net -1 -1 -1 -1
     net_ABCD6:  net -1 -1 -1 -1
     net_ABCDI:  net -1 -1 -1 -1
     net_CE:     net -1
     net_CEin:   net -1
     net_CEout:  net -1
     net_SR:     net -1
     net_SRin:   net -1
     net_SRout:  net -1
   A1  : net   83
   A2  : net   84
   A3  : net   77
   A4  : net   78
   B1  : net   92
   B2  : net   93
   B3  : net   90
   B4  : net   91
   B5  : net   94
   B6  : net   95
   C1  : net  114
   C2  : net  115
   C3  : net  112
   C4  : net  113
   C5  : net  110
   C6  : net  111
   D1  : net   88
   D2  : net   89
   D3  : net   87
   D4  : net   97
   D5  : net   86
   A    : net   94
   AMUX : net   95
   B    : net  100
   C    : net  101
   D    : net   99
Out A   : A1  A2  
Out AMUX: A3  A4  
Out B   : B1  B2  B3  B4  B5  B6  
Out C   : C1  C2  C3  C4  C5  C6  
Out D   : D1  D2  D3  D4  D5  
Post-packing database information:
    net 0:VCC_NET, don't route: 1, clock domain: -1
             Input port: RBB    0:     RBB_0, port O[1]
             Input port: RBB    1:     RBB_1, port O[1]
    net 1:GND_NET, don't route: 1, clock domain: -1
             Input port: RBB    0:     RBB_0, port O[0]
             Input port: RBB    3:     RBB_3, port O[0]
             Input port: RBB    7:     RBB_7, port O[0]
             Input port: RBB    8:     RBB_8, port O[0]
             Input port: RBB    9:     RBB_9, port O[0]
             Input port: RBB   10:    RBB_10, port O[0]
             Input port: RBB   11:    RBB_11, port O[0]
             Input port: RBB   12:    RBB_12, port O[0]
             Input port: RBB   13:    RBB_13, port CIN
             Input port: RBB   14:    RBB_14, port CIN
    net 2:i_y_dir, don't route: 1, clock domain: -1
    net 3:i_y_step, don't route: 1, clock domain: -1
    net 4:i_z_dir, don't route: 1, clock domain: -1
    net 5:i_z_step, don't route: 1, clock domain: -1
    net 6:i_rst, don't route: 0, clock domain: -1
            Output port: RBB    8:     RBB_8, port I[0]
             Input port: RBB   13:    RBB_13, port B6 
             Input port: RBB   14:    RBB_14, port A6 
    net 7:i_clk, don't route: 1, clock domain: -1
    net 8:i_x_dir, don't route: 1, clock domain: -1
    net 9:i_x_step, don't route: 1, clock domain: -1
    net 10:o_x_motor[1], don't route: 0, clock domain: -1
            Output port: RBB   13:    RBB_13, port AMUX
             Input port: RBB    5:     RBB_5, port O[0]
    net 11:o_x_motor[0], don't route: 0, clock domain: -1
            Output port: RBB   13:    RBB_13, port CMUX
             Input port: RBB    6:     RBB_6, port O[0]
    net 12:o_x_motor[3], don't route: 0, clock domain: -1
            Output port: RBB   14:    RBB_14, port BMUX
             Input port: RBB    2:     RBB_2, port O[0]
    net 13:o_x_motor[2], don't route: 0, clock domain: -1
            Output port: RBB   14:    RBB_14, port CMUX
             Input port: RBB    4:     RBB_4, port O[0]
    net 14:o_status_led, don't route: 0, clock domain: -1
            Output port: RBB   15:    RBB_15, port DMUX
             Input port: RBB    1:     RBB_1, port O[0]
             Input port: RBB   13:    RBB_13, port A6 
    net 15:$techmap2176$auto$ff.cc:266:slice$1847.D, don't route: 1, clock domain: 7
    net 16:$abc$3021$aiger3020$106, don't route: 1, clock domain: 7
            Output port: RBB   18:    RBB_18, port COUT
             Input port: RBB   19:    RBB_19, port CIN
    net 17:$abc$3021$aiger3020$103, don't route: 1, clock domain: 7
    net 18:$abc$3021$aiger3020$105, don't route: 1, clock domain: 7
    net 19:$abc$3021$aiger3020$104, don't route: 1, clock domain: 7
    net 20:$abc$3021$aiger3020$68, don't route: 1, clock domain: 7
    net 21:$abc$3021$aiger3020$67, don't route: 1, clock domain: 7
    net 22:$abc$3021$aiger3020$58, don't route: 1, clock domain: 7
            Output port: RBB   14:    RBB_14, port COUT
             Input port: RBB   15:    RBB_15, port CIN
    net 23:$abc$3021$aiger3020$56, don't route: 1, clock domain: 7
    net 24:$abc$3021$aiger3020$55, don't route: 1, clock domain: 7
    net 25:$abc$3021$aiger3020$57, don't route: 1, clock domain: 7
    net 26:$abc$3021$aiger3020$51, don't route: 1, clock domain: 7
    net 27:$abc$3021$aiger3020$81, don't route: 1, clock domain: 7
    net 28:$abc$3021$aiger3020$79, don't route: 1, clock domain: 7
    net 29:$abc$3021$aiger3020$80, don't route: 1, clock domain: 7
    net 30:$abc$3021$aiger3020$69, don't route: 1, clock domain: 7
    net 31:$abc$3021$aiger3020$70, don't route: 1, clock domain: 7
            Output port: RBB   15:    RBB_15, port COUT
             Input port: RBB   16:    RBB_16, port CIN
    net 32:$abc$3021$aiger3020$118, don't route: 1, clock domain: 7
    net 33:$abc$3021$aiger3020$117, don't route: 1, clock domain: 7
    net 34:$abc$3021$aiger3020$116, don't route: 1, clock domain: 7
    net 35:$abc$3021$aiger3020$115, don't route: 1, clock domain: 7
    net 36:$abc$3021$aiger3020$46, don't route: 1, clock domain: 7
    net 37:$abc$3021$aiger3020$47b, don't route: 1, clock domain: 7
    net 38:$abc$3021$aiger3020$43, don't route: 1, clock domain: 7
    net 39:$abc$3021$aiger3020$45, don't route: 1, clock domain: 7
    net 40:$abc$3021$aiger3020$39, don't route: 1, clock domain: 7
    net 41:$abc$3021$aiger3020$92, don't route: 1, clock domain: 7
    net 42:$abc$3021$aiger3020$91, don't route: 1, clock domain: 7
    net 43:$abc$3021$aiger3020$82, don't route: 1, clock domain: 7
            Output port: RBB   16:    RBB_16, port COUT
             Input port: RBB   17:    RBB_17, port CIN
    net 44:$abc$3021$aiger3020$94, don't route: 1, clock domain: 7
            Output port: RBB   17:    RBB_17, port COUT
             Input port: RBB   18:    RBB_18, port CIN
    net 45:$abc$3021$aiger3020$93, don't route: 1, clock domain: 7
    net 46:$techmap2196$auto$ff.cc:266:slice$1838.D, don't route: 1, clock domain: 7
    net 47:$auto$alumacc.cc:485:replace_alu$1281.Y[0], don't route: 1, clock domain: 7
    net 48:$auto$alumacc.cc:485:replace_alu$1281.Y[1], don't route: 1, clock domain: 7
    net 49:$auto$alumacc.cc:485:replace_alu$1281.Y[2], don't route: 1, clock domain: 7
    net 50:$techmap2198$auto$ff.cc:266:slice$1830.D, don't route: 1, clock domain: 7
    net 51:$techmap2178$auto$ff.cc:266:slice$1846.D, don't route: 1, clock domain: 7
    net 52:$techmap3074$abc$3021$lut$0clk_div[23:0][21].A[3], don't route: 0, clock domain: 7
            Output port: RBB   19:    RBB_19, port BMUX
             Input port: RBB   19:    RBB_19, port C2 
    net 53:$techmap3080$auto$abc9_ops.cc:1550:reintegrate$3023.A[2], don't route: 0, clock domain: 7
            Output port: RBB   13:    RBB_13, port DMUX
             Input port: RBB   14:    RBB_14, port B2 
    net 54:$techmap2201$auto$ff.cc:266:slice$1835.D, don't route: 1, clock domain: 7
    net 55:$techmap2197$auto$ff.cc:266:slice$1839.D, don't route: 1, clock domain: 7
    net 56:$techmap3066$abc$3021$lut$0clk_div[23:0][8].A[0], don't route: 0, clock domain: 7
            Output port: RBB   16:    RBB_16, port AMUX
             Input port: RBB   16:    RBB_16, port D2 
    net 57:$techmap3069$abc$3021$lut$0clk_div[23:0][12].A[0], don't route: 0, clock domain: 7
            Output port: RBB   17:    RBB_17, port AMUX
             Input port: RBB   17:    RBB_17, port D2 
    net 58:$techmap2200$auto$ff.cc:266:slice$1833.D, don't route: 1, clock domain: 7
    net 59:$techmap2191$auto$ff.cc:266:slice$1828.D, don't route: 1, clock domain: 7
    net 60:$techmap2184$auto$ff.cc:266:slice$1829.D, don't route: 1, clock domain: 7
    net 61:$techmap2194$auto$ff.cc:266:slice$1836.D, don't route: 1, clock domain: 7
    net 62:$techmap2179$auto$ff.cc:266:slice$1843.D, don't route: 1, clock domain: 7
    net 63:$techmap2182$auto$ff.cc:266:slice$1849.D, don't route: 1, clock domain: 7
    net 64:$techmap2183$auto$ff.cc:266:slice$1850.D, don't route: 1, clock domain: 7
    net 65:$techmap2181$auto$ff.cc:266:slice$1845.D, don't route: 1, clock domain: 7
    net 66:$techmap2193$auto$ff.cc:266:slice$1841.D, don't route: 1, clock domain: 7
    net 67:$techmap2202$auto$ff.cc:266:slice$1831.D, don't route: 1, clock domain: 7
    net 68:$techmap2192$auto$ff.cc:266:slice$1840.D, don't route: 1, clock domain: 7
    net 69:$techmap2188$auto$ff.cc:266:slice$1842.D, don't route: 1, clock domain: 7
    net 70:$techmap2187$auto$ff.cc:266:slice$1837.D, don't route: 1, clock domain: 7
    net 71:$techmap2189$auto$ff.cc:266:slice$1851.D, don't route: 1, clock domain: 7
    net 72:$techmap2180$auto$ff.cc:266:slice$1848.D, don't route: 1, clock domain: 7
    net 73:$techmap3060$abc$3021$lut$aiger3020$125.A[0], don't route: 0, clock domain: 7
            Output port: RBB   19:    RBB_19, port BQ  
             Input port: RBB   15:    RBB_15, port A1 
             Input port: RBB   19:    RBB_19, port D1 
    net 74:$techmap3060$abc$3021$lut$aiger3020$125.A[1], don't route: 0, clock domain: 7
            Output port: RBB   19:    RBB_19, port CQ  
             Input port: RBB   15:    RBB_15, port A2 
             Input port: RBB   19:    RBB_19, port C1 
    net 75:$techmap3059$abc$3021$lut$aiger3020$124.A[0], don't route: 0, clock domain: 7
            Output port: RBB   19:    RBB_19, port CMUX
             Input port: RBB   15:    RBB_15, port B1 
             Input port: RBB   19:    RBB_19, port B1 
    net 76:$techmap3059$abc$3021$lut$aiger3020$124.A[1], don't route: 0, clock domain: 7
            Output port: RBB   19:    RBB_19, port DQ  
             Input port: RBB   15:    RBB_15, port B2 
             Input port: RBB   19:    RBB_19, port A1 
    net 77:$techmap3057$abc$3021$lut$aiger3020$122.A[0], don't route: 0, clock domain: 7
            Output port: RBB   16:    RBB_16, port DQ  
             Input port: RBB   16:    RBB_16, port A1 
             Input port: RBB   20:    RBB_20, port A3 
    net 78:$techmap3057$abc$3021$lut$aiger3020$122.A[1], don't route: 0, clock domain: 7
            Output port: RBB   16:    RBB_16, port CMUX
             Input port: RBB   16:    RBB_16, port B1 
             Input port: RBB   20:    RBB_20, port A4 
    net 79:$techmap3056$abc$3021$lut$aiger3020$121.A[2], don't route: 0, clock domain: 7
            Output port: RBB   15:    RBB_15, port AQ  
             Input port: RBB   15:    RBB_15, port A5 
             Input port: RBB   15:    RBB_15, port C5 
    net 80:$techmap3056$abc$3021$lut$aiger3020$121.A[3], don't route: 0, clock domain: 7
            Output port: RBB   15:    RBB_15, port CQ  
             Input port: RBB   15:    RBB_15, port C1 
    net 81:$techmap3056$abc$3021$lut$aiger3020$121.A[0], don't route: 0, clock domain: 7
            Output port: RBB   15:    RBB_15, port DQ  
             Input port: RBB   15:    RBB_15, port C3 
             Input port: RBB   15:    RBB_15, port D3 
    net 82:$techmap3056$abc$3021$lut$aiger3020$121.A[1], don't route: 0, clock domain: 7
            Output port: RBB   15:    RBB_15, port BQ  
             Input port: RBB   15:    RBB_15, port B4 
             Input port: RBB   15:    RBB_15, port C4 
    net 83:$techmap3058$abc$3021$lut$aiger3020$123.A[0], don't route: 0, clock domain: 7
            Output port: RBB   16:    RBB_16, port BQ  
             Input port: RBB   16:    RBB_16, port D1 
             Input port: RBB   20:    RBB_20, port A1 
    net 84:$techmap3058$abc$3021$lut$aiger3020$123.A[1], don't route: 0, clock domain: 7
            Output port: RBB   16:    RBB_16, port CQ  
             Input port: RBB   16:    RBB_16, port C1 
             Input port: RBB   20:    RBB_20, port A2 
    net 85:$techmap3071$abc$3021$lut$0clk_div[23:0][17].A[3], don't route: 0, clock domain: 7
            Output port: RBB   18:    RBB_18, port BMUX
             Input port: RBB   18:    RBB_18, port C2 
    net 86:$techmap3061$abc$3021$lut$aiger3020$129.A[4], don't route: 0, clock domain: 7
            Output port: RBB   15:    RBB_15, port CMUX
             Input port: RBB   20:    RBB_20, port D5 
    net 87:$techmap3061$abc$3021$lut$aiger3020$129.A[2], don't route: 0, clock domain: 7
            Output port: RBB   14:    RBB_14, port BQ  
             Input port: RBB   14:    RBB_14, port B1 
             Input port: RBB   20:    RBB_20, port D3 
    net 88:$techmap3061$abc$3021$lut$aiger3020$129.A[0], don't route: 0, clock domain: 7
            Output port: RBB   14:    RBB_14, port DQ  
             Input port: RBB   14:    RBB_14, port D1 
             Input port: RBB   20:    RBB_20, port D1 
    net 89:$techmap3061$abc$3021$lut$aiger3020$129.A[1], don't route: 0, clock domain: 7
            Output port: RBB   14:    RBB_14, port CQ  
             Input port: RBB   14:    RBB_14, port C1 
             Input port: RBB   20:    RBB_20, port D2 
    net 90:$techmap3062$abc$3021$lut$aiger3020$134.A[2], don't route: 0, clock domain: 7
            Output port: RBB   17:    RBB_17, port CQ  
             Input port: RBB   17:    RBB_17, port C1 
             Input port: RBB   20:    RBB_20, port B3 
    net 91:$techmap3062$abc$3021$lut$aiger3020$134.A[3], don't route: 0, clock domain: 7
            Output port: RBB   17:    RBB_17, port DQ  
             Input port: RBB   17:    RBB_17, port D1 
             Input port: RBB   20:    RBB_20, port B4 
    net 92:$techmap3062$abc$3021$lut$aiger3020$134.A[0], don't route: 0, clock domain: 7
            Output port: RBB   17:    RBB_17, port BQ  
             Input port: RBB   17:    RBB_17, port B1 
             Input port: RBB   20:    RBB_20, port B1 
    net 93:$techmap3062$abc$3021$lut$aiger3020$134.A[1], don't route: 0, clock domain: 7
            Output port: RBB   17:    RBB_17, port DMUX
             Input port: RBB   17:    RBB_17, port A1 
             Input port: RBB   20:    RBB_20, port B2 
    net 94:$techmap3062$abc$3021$lut$aiger3020$134.A[4], don't route: 0, clock domain: 7
            Output port: RBB   20:    RBB_20, port A   
             Input port: RBB   20:    RBB_20, port B5 
    net 95:$techmap3062$abc$3021$lut$aiger3020$134.A[5], don't route: 0, clock domain: 7
            Output port: RBB   20:    RBB_20, port AMUX
             Input port: RBB   20:    RBB_20, port B6 
    net 96:$techmap3054$abc$3021$lut$not$aiger3020$36.A, don't route: 0, clock domain: 7
            Output port: RBB   13:    RBB_13, port AQ  
             Input port: RBB   13:    RBB_13, port A1 
             Input port: RBB   14:    RBB_14, port A1 
    net 97:$techmap3055$abc$3021$lut$not$aiger3020$47.A, don't route: 0, clock domain: 7
            Output port: RBB   14:    RBB_14, port DMUX
             Input port: RBB   14:    RBB_14, port A5 
             Input port: RBB   14:    RBB_14, port D5 
             Input port: RBB   20:    RBB_20, port D4 
    net 98:$techmap3068$abc$3021$lut$0clk_div[23:0][11].A[0], don't route: 0, clock domain: 7
            Output port: RBB   16:    RBB_16, port DMUX
             Input port: RBB   16:    RBB_16, port B2 
    net 99:$techmap3064$abc$3021$luto_status_led.A[2], don't route: 0, clock domain: 7
            Output port: RBB   20:    RBB_20, port D   
             Input port: RBB   14:    RBB_14, port D4 
             Input port: RBB   15:    RBB_15, port D4 
             Input port: RBB   16:    RBB_16, port B3 
             Input port: RBB   16:    RBB_16, port C3 
             Input port: RBB   16:    RBB_16, port D3 
             Input port: RBB   17:    RBB_17, port D5 
             Input port: RBB   18:    RBB_18, port B3 
             Input port: RBB   18:    RBB_18, port C3 
             Input port: RBB   18:    RBB_18, port D3 
             Input port: RBB   19:    RBB_19, port B3 
             Input port: RBB   19:    RBB_19, port C3 
             Input port: RBB   19:    RBB_19, port D3 
    net 100:$techmap3064$abc$3021$luto_status_led.A[1], don't route: 0, clock domain: 7
            Output port: RBB   20:    RBB_20, port B   
             Input port: RBB   14:    RBB_14, port D3 
             Input port: RBB   15:    RBB_15, port D2 
             Input port: RBB   16:    RBB_16, port B4 
             Input port: RBB   16:    RBB_16, port C4 
             Input port: RBB   16:    RBB_16, port D4 
             Input port: RBB   17:    RBB_17, port D4 
             Input port: RBB   18:    RBB_18, port B4 
             Input port: RBB   18:    RBB_18, port C4 
             Input port: RBB   18:    RBB_18, port D4 
             Input port: RBB   19:    RBB_19, port B4 
             Input port: RBB   19:    RBB_19, port C4 
             Input port: RBB   19:    RBB_19, port D4 
    net 101:$techmap3064$abc$3021$luto_status_led.A[0], don't route: 0, clock domain: 7
            Output port: RBB   20:    RBB_20, port C   
             Input port: RBB   14:    RBB_14, port D2 
             Input port: RBB   15:    RBB_15, port D1 
             Input port: RBB   16:    RBB_16, port B5 
             Input port: RBB   16:    RBB_16, port C5 
             Input port: RBB   16:    RBB_16, port D5 
             Input port: RBB   17:    RBB_17, port D3 
             Input port: RBB   18:    RBB_18, port B5 
             Input port: RBB   18:    RBB_18, port C5 
             Input port: RBB   18:    RBB_18, port D5 
             Input port: RBB   19:    RBB_19, port B5 
             Input port: RBB   19:    RBB_19, port C5 
             Input port: RBB   19:    RBB_19, port D5 
    net 102:$techmap3067$abc$3021$lut$0clk_div[23:0][9].A[0], don't route: 0, clock domain: 7
            Output port: RBB   16:    RBB_16, port BMUX
             Input port: RBB   16:    RBB_16, port C2 
    net 103:$techmap3072$abc$3021$lut$0clk_div[23:0][18].A[2], don't route: 0, clock domain: 7
            Output port: RBB   18:    RBB_18, port CMUX
             Input port: RBB   18:    RBB_18, port B2 
    net 104:$techmap3075$abc$3021$lut$0clk_div[23:0][23].A[3], don't route: 0, clock domain: 7
            Output port: RBB   19:    RBB_19, port DMUX
             Input port: RBB   19:    RBB_19, port B2 
    net 105:$techmap3070$abc$3021$lut$0clk_div[23:0][16].A[2], don't route: 0, clock domain: 7
            Output port: RBB   18:    RBB_18, port AMUX
             Input port: RBB   18:    RBB_18, port D2 
    net 106:$techmap3077$abc$3021$luto_x_motor[0].A[1], don't route: 0, clock domain: 7
            Output port: RBB   14:    RBB_14, port AMUX
             Input port: RBB   13:    RBB_13, port C1 
             Input port: RBB   14:    RBB_14, port C2 
    net 107:$techmap3077$abc$3021$luto_x_motor[0].A[0], don't route: 0, clock domain: 7
            Output port: RBB   13:    RBB_13, port CQ  
             Input port: RBB   13:    RBB_13, port A4 
             Input port: RBB   13:    RBB_13, port C4 
             Input port: RBB   14:    RBB_14, port B5 
             Input port: RBB   14:    RBB_14, port C5 
    net 108:$techmap3073$abc$3021$lut$0clk_div[23:0][20].A[3], don't route: 0, clock domain: 7
            Output port: RBB   19:    RBB_19, port AMUX
             Input port: RBB   19:    RBB_19, port D2 
    net 109:$techmap3076$abc$3021$lut$aiger3020$175.A[0], don't route: 0, clock domain: 7
            Output port: RBB   13:    RBB_13, port BQ  
             Input port: RBB   13:    RBB_13, port A5 
             Input port: RBB   13:    RBB_13, port B5 
             Input port: RBB   14:    RBB_14, port A4 
             Input port: RBB   14:    RBB_14, port B4 
    net 110:$techmap3063$abc$3021$lut$aiger3020$139.A[4], don't route: 0, clock domain: 7
            Output port: RBB   15:    RBB_15, port AMUX
             Input port: RBB   20:    RBB_20, port C5 
    net 111:$techmap3063$abc$3021$lut$aiger3020$139.A[5], don't route: 0, clock domain: 7
            Output port: RBB   15:    RBB_15, port BMUX
             Input port: RBB   20:    RBB_20, port C6 
    net 112:$techmap3063$abc$3021$lut$aiger3020$139.A[2], don't route: 0, clock domain: 7
            Output port: RBB   18:    RBB_18, port DMUX
             Input port: RBB   18:    RBB_18, port A1 
             Input port: RBB   20:    RBB_20, port C3 
    net 113:$techmap3063$abc$3021$lut$aiger3020$139.A[3], don't route: 0, clock domain: 7
            Output port: RBB   18:    RBB_18, port DQ  
             Input port: RBB   18:    RBB_18, port D1 
             Input port: RBB   20:    RBB_20, port C4 
    net 114:$techmap3063$abc$3021$lut$aiger3020$139.A[0], don't route: 0, clock domain: 7
            Output port: RBB   18:    RBB_18, port CQ  
             Input port: RBB   18:    RBB_18, port B1 
             Input port: RBB   20:    RBB_20, port C1 
    net 115:$techmap3063$abc$3021$lut$aiger3020$139.A[1], don't route: 0, clock domain: 7
            Output port: RBB   18:    RBB_18, port BQ  
             Input port: RBB   18:    RBB_18, port C1 
             Input port: RBB   20:    RBB_20, port C2 
    net 116:$techmap3078$abc$3021$luto_x_motor[1].A[2], don't route: 0, clock domain: 7
            Output port: RBB   13:    RBB_13, port BMUX
             Input port: RBB   13:    RBB_13, port A2 
    net 117:$techmap2195$auto$ff.cc:266:slice$1834.D, don't route: 1, clock domain: 7
    net 118:$techmap2199$auto$ff.cc:266:slice$1832.D, don't route: 1, clock domain: 7
    net 119:$techmap2177$auto$ff.cc:266:slice$1844.D, don't route: 1, clock domain: 7
    net 120:i_clk_ibuf, don't route: 1, clock domain: -1
    net 121:i_rst_ibuf, don't route: 1, clock domain: -1
    net 122:o_led_en_obuf, don't route: 1, clock domain: -1
    net 123:o_motor_en_obuf, don't route: 1, clock domain: -1
    net 124:o_status_led_obuf, don't route: 1, clock domain: -1
    net 125:o_x_motor_0_obuf, don't route: 1, clock domain: -1
    net 126:o_x_motor_1_obuf, don't route: 1, clock domain: -1
    net 127:o_x_motor_2_obuf, don't route: 1, clock domain: -1
    net 128:o_x_motor_3_obuf, don't route: 1, clock domain: -1
    net 129:o_y_motor_0_obuf, don't route: 1, clock domain: -1
    net 130:o_y_motor_1_obuf, don't route: 1, clock domain: -1
    net 131:o_y_motor_2_obuf, don't route: 1, clock domain: -1
    net 132:o_y_motor_3_obuf, don't route: 1, clock domain: -1
    net 133:o_z_motor_0_obuf, don't route: 1, clock domain: -1
    net 134:o_z_motor_1_obuf, don't route: 1, clock domain: -1
    net 135:o_z_motor_2_obuf, don't route: 1, clock domain: -1
    net 136:o_z_motor_3_obuf, don't route: 1, clock domain: -1
    net 137:$techmap3076$abc$3021$lut$aiger3020$175.A[0]_buf137, don't route: 1, clock domain: 7
    net 138:$techmap3077$abc$3021$luto_x_motor[0].A[0]_buf138, don't route: 1, clock domain: 7
    net 139:$techmap3061$abc$3021$lut$aiger3020$129.A[2]_buf139, don't route: 1, clock domain: 7
    net 140:$techmap3061$abc$3021$lut$aiger3020$129.A[1]_buf140, don't route: 1, clock domain: 7
    net 141:$techmap3061$abc$3021$lut$aiger3020$129.A[0]_buf141, don't route: 1, clock domain: 7
    net 142:$techmap3056$abc$3021$lut$aiger3020$121.A[2]_buf142, don't route: 1, clock domain: 7
    net 143:$techmap3056$abc$3021$lut$aiger3020$121.A[1]_buf143, don't route: 1, clock domain: 7
    net 144:$techmap3056$abc$3021$lut$aiger3020$121.A[3]_buf144, don't route: 1, clock domain: 7
    net 145:$techmap3056$abc$3021$lut$aiger3020$121.A[0]_buf145, don't route: 1, clock domain: 7
    net 146:$techmap3057$abc$3021$lut$aiger3020$122.A[0]_buf146, don't route: 1, clock domain: 7
    net 147:$techmap3057$abc$3021$lut$aiger3020$122.A[1]_buf147, don't route: 1, clock domain: 7
    net 148:$techmap3058$abc$3021$lut$aiger3020$123.A[1]_buf148, don't route: 1, clock domain: 7
    net 149:$techmap3058$abc$3021$lut$aiger3020$123.A[0]_buf149, don't route: 1, clock domain: 7
    net 150:$techmap3062$abc$3021$lut$aiger3020$134.A[1]_buf150, don't route: 1, clock domain: 7
    net 151:$techmap3062$abc$3021$lut$aiger3020$134.A[0]_buf151, don't route: 1, clock domain: 7
    net 152:$techmap3062$abc$3021$lut$aiger3020$134.A[2]_buf152, don't route: 1, clock domain: 7
    net 153:$techmap3062$abc$3021$lut$aiger3020$134.A[3]_buf153, don't route: 1, clock domain: 7
    net 154:$techmap3063$abc$3021$lut$aiger3020$139.A[2]_buf154, don't route: 1, clock domain: 7
    net 155:$techmap3063$abc$3021$lut$aiger3020$139.A[0]_buf155, don't route: 1, clock domain: 7
    net 156:$techmap3063$abc$3021$lut$aiger3020$139.A[1]_buf156, don't route: 1, clock domain: 7
    net 157:$techmap3063$abc$3021$lut$aiger3020$139.A[3]_buf157, don't route: 1, clock domain: 7
    net 158:$techmap3059$abc$3021$lut$aiger3020$124.A[1]_buf158, don't route: 1, clock domain: 7
    net 159:$techmap3059$abc$3021$lut$aiger3020$124.A[0]_buf159, don't route: 1, clock domain: 7
    net 160:$techmap3060$abc$3021$lut$aiger3020$125.A[1]_buf160, don't route: 1, clock domain: 7
    net 161:$techmap3060$abc$3021$lut$aiger3020$125.A[0]_buf161, don't route: 1, clock domain: 7
Timing Summary
==============

   PRE-PLACE TSMC 40nm ULP tt1p1v25c_Typical

          Group  No. Clocks  No. Clock Pairs  WNS(ps)   TNS(ps)  TNS Endpoints      
    -----------  ----------  ---------------  -------   -------  -------------      
   <UDEF_i_clk>           1                1   -42531  -1491726            101      




Clocks
======

            Clock    Clock net         Group  Constrained Period(ps)      Waveform(ps)   Achievable Period(ps)  Achievable Frequency(MHz)
   --------------  -----------   -----------  ----------------------  -----------------  ---------------------  -------------------------
            i_clk        i_clk  <UDEF_i_clk>           (auto) 2000            (0,1000)                  44530                     22.457 




Clock Relationships
===================

       From Clock        To Clock               Group    Endpoints     WNS(ps)    TNS(ps)  TNS Endpoints
   --------------  --------------  ------------------  -----------  ----------  ---------  -------------
            i_clk           i_clk        <UDEF_i_clk>          101      -42531   -1491726            101




Timing Details for Clock Pair i_clk and i_clk
=============================================

       From Clock        To Clock               Group    Endpoints     WNS(ps)    TNS(ps)  TNS Endpoints
   --------------  --------------  ------------------  -----------  ----------  ---------  -------------
            i_clk           i_clk        <UDEF_i_clk>          101      -42531   -1491726            101

Path 0:
   Slack (not met):                        -42531ps
     Path type:                               SETUP
     Group:                            <UDEF_i_clk>
     Launching clock:                         i_clk (rising edge)
     Capturing clock:                         i_clk (rising edge)

     Requested period:                       2000ps
   + Delay of the capturing clock:              0ps
   - Clock uncertainty:                       150ps
   = Required time:                          1850ps
   - Propagation time:                      44381ps (9.8% logic, 90.2% route, logic stage 4)
   - Delay of the launching clock:              0ps
   = Slack:                                -42531ps

   Instance/Pin or Net Name                      Type         ID  Location or Fanout   Delay(ps)  Edge  Arrival Time(ps)    Instance detail                                           
   -------------------------------------------------------------------------------------------------------------------------------------------------------------------------------------
   i_clk                                         CLOCK-PORT    -                   -     launch     r               0                                                                 
   i_clk                                         Clock net     7        (fanout=304)          0                     -                                                                 
   RBB_19/CLK                                    RBB_6L       19                   -          -     r               0                                                                 
   -------------------------------------------------------------------------------------------------------------------------------------------------------------------------------------
   RBB_19/CMUX                                   RBB_6L       19                   -       1380     r            1380     {inst83: $auto$ff.cc:266:slice$1849 (FDC,site=cffo)}        
   $techmap3059$abc$3021$lut$aiger3020$124.A[0]  Net          75          (fanout=2)      10002                     -                                                                 
   RBB_15/B1                                     RBB_6L       15                   -          -     r           11382                                                                 
   RBB_15/BMUX                                   RBB_6L       15                   -        812     r           12194     {inst39: $abc$3021$lut$aiger3020$124 (LUT,site=bluto)}      
   $techmap3063$abc$3021$lut$aiger3020$139.A[5]  Net         111          (fanout=1)      10001                     -                                                                 
   RBB_20/C6                                     RBB_6L       20                   -          -     r           22195                                                                 
   RBB_20/C                                      RBB_6L       20                   -        487     r           22682     {inst43: $abc$3021$lut$aiger3020$139 (LUT,site=clut,cluto)} 
   $techmap3064$abc$3021$luto_status_led.A[0]    Net         101         (fanout=12)      10012                     -                                                                 
   RBB_15/D1                                     RBB_6L       15                   -          -     r           32694                                                                 
   RBB_15/DMUX                                   RBB_6L       15                   -        863     r           33557     {inst47: $abc$3021$lut\o_status_led (LUT,site=dluto)}       
   o_status_led                                  Net          14          (fanout=2)      10002                     -                                                                 
   RBB_13/A6                                     RBB_6L       13                   -          -     r           43559     {<CE>inst59: $auto$ff.cc:266:slice$1825 (FDCE,site=aff)}    
   -------------------------------------------------------------------------------------------------------------------------------------------------------------------------------------
   RBB_13/CLK                                    RBB_6L       13                   -        822     r           44381                                                                 
   i_clk                                         Clock net     7        (fanout=304)          0                     -                                                                 
   i_clk                                         CLOCK-PORT    -                   -    capture     r           44381                                                                 
   -------------------------------------------------------------------------------------------------------------------------------------------------------------------------------------


Path 1:
   Slack (not met):                        -42531ps
     Path type:                               SETUP
     Group:                            <UDEF_i_clk>
     Launching clock:                         i_clk (rising edge)
     Capturing clock:                         i_clk (rising edge)

     Requested period:                       2000ps
   + Delay of the capturing clock:              0ps
   - Clock uncertainty:                       150ps
   = Required time:                          1850ps
   - Propagation time:                      44381ps (9.8% logic, 90.2% route, logic stage 4)
   - Delay of the launching clock:              0ps
   = Slack:                                -42531ps

   Instance/Pin or Net Name                      Type         ID  Location or Fanout   Delay(ps)  Edge  Arrival Time(ps)    Instance detail                                           
   -------------------------------------------------------------------------------------------------------------------------------------------------------------------------------------
   i_clk                                         CLOCK-PORT    -                   -     launch     r               0                                                                 
   i_clk                                         Clock net     7        (fanout=304)          0                     -                                                                 
   RBB_19/CLK                                    RBB_6L       19                   -          -     r               0                                                                 
   -------------------------------------------------------------------------------------------------------------------------------------------------------------------------------------
   RBB_19/CMUX                                   RBB_6L       19                   -       1380     r            1380     {inst83: $auto$ff.cc:266:slice$1849 (FDC,site=cffo)}        
   $techmap3059$abc$3021$lut$aiger3020$124.A[0]  Net          75          (fanout=2)      10002                     -                                                                 
   RBB_15/B1                                     RBB_6L       15                   -          -     r           11382                                                                 
   RBB_15/BMUX                                   RBB_6L       15                   -        812     r           12194     {inst39: $abc$3021$lut$aiger3020$124 (LUT,site=bluto)}      
   $techmap3063$abc$3021$lut$aiger3020$139.A[5]  Net         111          (fanout=1)      10001                     -                                                                 
   RBB_20/C6                                     RBB_6L       20                   -          -     r           22195                                                                 
   RBB_20/C                                      RBB_6L       20                   -        487     r           22682     {inst43: $abc$3021$lut$aiger3020$139 (LUT,site=clut,cluto)} 
   $techmap3064$abc$3021$luto_status_led.A[0]    Net         101         (fanout=12)      10012                     -                                                                 
   RBB_15/D1                                     RBB_6L       15                   -          -     r           32694                                                                 
   RBB_15/DMUX                                   RBB_6L       15                   -        863     r           33557     {inst47: $abc$3021$lut\o_status_led (LUT,site=dluto)}       
   o_status_led                                  Net          14          (fanout=2)      10002                     -                                                                 
   RBB_13/A6                                     RBB_6L       13                   -          -     r           43559     {<CE>inst60: $auto$ff.cc:266:slice$1826 (FDCE,site=bff)}    
   -------------------------------------------------------------------------------------------------------------------------------------------------------------------------------------
   RBB_13/CLK                                    RBB_6L       13                   -        822     r           44381                                                                 
   i_clk                                         Clock net     7        (fanout=304)          0                     -                                                                 
   i_clk                                         CLOCK-PORT    -                   -    capture     r           44381                                                                 
   -------------------------------------------------------------------------------------------------------------------------------------------------------------------------------------


Path 2:
   Slack (not met):                        -42531ps
     Path type:                               SETUP
     Group:                            <UDEF_i_clk>
     Launching clock:                         i_clk (rising edge)
     Capturing clock:                         i_clk (rising edge)

     Requested period:                       2000ps
   + Delay of the capturing clock:              0ps
   - Clock uncertainty:                       150ps
   = Required time:                          1850ps
   - Propagation time:                      44381ps (9.8% logic, 90.2% route, logic stage 4)
   - Delay of the launching clock:              0ps
   = Slack:                                -42531ps

   Instance/Pin or Net Name                      Type         ID  Location or Fanout   Delay(ps)  Edge  Arrival Time(ps)    Instance detail                                           
   -------------------------------------------------------------------------------------------------------------------------------------------------------------------------------------
   i_clk                                         CLOCK-PORT    -                   -     launch     r               0                                                                 
   i_clk                                         Clock net     7        (fanout=304)          0                     -                                                                 
   RBB_19/CLK                                    RBB_6L       19                   -          -     r               0                                                                 
   -------------------------------------------------------------------------------------------------------------------------------------------------------------------------------------
   RBB_19/CMUX                                   RBB_6L       19                   -       1380     r            1380     {inst83: $auto$ff.cc:266:slice$1849 (FDC,site=cffo)}        
   $techmap3059$abc$3021$lut$aiger3020$124.A[0]  Net          75          (fanout=2)      10002                     -                                                                 
   RBB_15/B1                                     RBB_6L       15                   -          -     r           11382                                                                 
   RBB_15/BMUX                                   RBB_6L       15                   -        812     r           12194     {inst39: $abc$3021$lut$aiger3020$124 (LUT,site=bluto)}      
   $techmap3063$abc$3021$lut$aiger3020$139.A[5]  Net         111          (fanout=1)      10001                     -                                                                 
   RBB_20/C6                                     RBB_6L       20                   -          -     r           22195                                                                 
   RBB_20/C                                      RBB_6L       20                   -        487     r           22682     {inst43: $abc$3021$lut$aiger3020$139 (LUT,site=clut,cluto)} 
   $techmap3064$abc$3021$luto_status_led.A[0]    Net         101         (fanout=12)      10012                     -                                                                 
   RBB_15/D1                                     RBB_6L       15                   -          -     r           32694                                                                 
   RBB_15/DMUX                                   RBB_6L       15                   -        863     r           33557     {inst47: $abc$3021$lut\o_status_led (LUT,site=dluto)}       
   o_status_led                                  Net          14          (fanout=2)      10002                     -                                                                 
   RBB_13/A6                                     RBB_6L       13                   -          -     r           43559     {<CE>inst61: $auto$ff.cc:266:slice$1827 (FDCE,site=cff)}    
   -------------------------------------------------------------------------------------------------------------------------------------------------------------------------------------
   RBB_13/CLK                                    RBB_6L       13                   -        822     r           44381                                                                 
   i_clk                                         Clock net     7        (fanout=304)          0                     -                                                                 
   i_clk                                         CLOCK-PORT    -                   -    capture     r           44381                                                                 
   -------------------------------------------------------------------------------------------------------------------------------------------------------------------------------------













Initializing post-pack, pre-route timing analysis...
Total timing paths for clock-domain i_clk: 31.
Total timing paths for clock-domain i_clk: 63.
Total timing paths for clock-domain i_clk: 74.
Printing post-pack, pre-route critical path...


Tile resource allocation: x=0 y=0:

 0,0: Iyi1 Iyi1 Iyi1 Iyi1 Iyi1 Iyi1 I..2 I..3 I..2 I..3 Iyi1 Iyi1 Iyi1 Iyi1 Iyi1 Iyi1 Iyi1 Iyi1 Iyi1 Iyi1 Iyi1 Iyi1 I..2 I..3 I..2 I..3 Iyi1 Iyi1 Iyi1 Iyi1 Iyi1 Iyi1 
 0,1: .... .... .... .... .... .... .... .... .... .... .... .... .... .... .... .... .... .... .... .... .... .... .... .... .... .... .... .... .... .... .... .... 
 1,0: I.i0 I.i0 L.i0 .... L.i0 .... M..0 .... Mx.2 .... L.i0 .... L.i0 .... L.i0 .... L.i0 .... L.i0 .... L.i0 .... M..0 .... Mx.2 .... L.i0 .... L.i0 .... I.i0 I.i0 
 1,1: .... .... .... .... .... .... .... .... .... .... .... .... .... .... .... .... .... .... .... .... .... .... .... .... .... .... .... .... .... .... .... .... 
 2,0: Iyi1 Iyi1 .... .... .... .... .... .... .... .... .... .... .... .... .... .... .... .... .... .... .... .... .... .... .... .... .... .... .... .... Iyi1 Iyi1 
 2,1: .... .... .... .... .... .... .... .... .... .... .... .... .... .... .... .... .... .... .... .... .... .... .... .... .... .... .... .... .... .... .... .... 
 3,0: I.i1 I.i1 .... .... .... .... .... .... .... .... .... .... .... .... .... .... .... .... .... .... .... .... .... .... .... .... .... .... .... .... I.i1 I.i1 
 3,1: .... .... .... .... .... .... .... .... .... .... .... .... .... .... .... .... .... .... .... .... .... .... .... .... .... .... .... .... .... .... .... .... 
 4,0: Iyi0 Iyi0 Lyi1 .... Lyi1 .... My.1 .... Mr.3 .... Lyi1 .... Lyi1 .... Lyi1 .... Lyi1 .... Lyi1 .... Lyi1 .... My.1 .... Mr.3 .... Lyi1 .... Lyi1 .... Iyi0 Iyi0 
 4,1: .... .... .... .... .... .... .... .... .... .... .... .... .... .... .... .... .... .... .... .... .... .... .... .... .... .... .... .... .... .... .... .... 
 5,0: I.i1 I.i1 .... .... .... .... .... .... .... .... .... .... .... .... .... .... .... .... .... .... .... .... .... .... .... .... .... .... .... .... I.i1 I.i1 
 5,1: .... .... .... .... .... .... .... .... .... .... .... .... .... .... .... .... .... .... .... .... .... .... .... .... .... .... .... .... .... .... .... .... 
 6,0: Iyi1 Iyi1 .... .... .... .... .... .... .... .... .... .... .... .... .... .... .... .... .... .... .... .... .... .... .... .... .... .... .... .... Iyi1 Iyi1 
 6,1: .... .... .... .... .... .... .... .... .... .... .... .... .... .... .... .... .... .... .... .... .... .... .... .... .... .... .... .... .... .... .... .... 
 7,0: I.i0 I.i0 L.i0 .... L.i0 .... M..0 .... Mx.2 .... L.i0 .... L.i0 .... L.i0 .... L.i0 .... L.i0 .... L.i0 .... M..0 .... Mx.2 .... L.i0 .... L.i0 .... I.i0 I.i0 
 7,1: .... .... .... .... .... .... .... .... .... .... .... .... .... .... .... .... .... .... .... .... .... .... .... .... .... .... .... .... .... .... .... .... 
 8,0: Iyi1 Iyi1 .... .... .... .... .... .... .... .... .... .... .... .... .... .... .... .... .... .... .... .... .... .... .... .... .... .... .... .... Iyi1 Iyi1 
 8,1: .... .... .... .... .... .... .... .... .... .... .... .... .... .... .... .... .... .... .... .... .... .... .... .... .... .... .... .... .... .... .... .... 
 9,0: I.i1 I.i1 .... .... .... .... .... .... .... .... .... .... .... .... .... .... .... .... .... .... .... .... .... .... .... .... .... .... .... .... I.i1 I.i1 
 9,1: .... .... .... .... .... .... .... .... .... .... .... .... .... .... .... .... .... .... .... .... .... .... .... .... .... .... .... .... .... .... .... .... 
10,0: Iyi0 Iyi0 Lyi1 .... Lyi1 .... My.1 .... Mr.3 .... Lyi1 .... Lyi1 .... Lyi1 .... Lyi1 .... Lyi1 .... Lyi1 .... My.1 .... Mr.3 .... Lyi1 .... Lyi1 .... Iyi0 Iyi0 
10,1: .... .... .... .... .... .... .... .... .... .... .... .... .... .... .... .... .... .... .... .... .... .... .... .... .... .... .... .... .... .... .... .... 
11,0: I.i1 I.i1 .... .... .... .... .... .... .... .... .... .... .... .... .... .... .... .... .... .... .... .... .... .... .... .... .... .... .... .... I.i1 I.i1 
11,1: .... .... .... .... .... .... .... .... .... .... .... .... .... .... .... .... .... .... .... .... .... .... .... .... .... .... .... .... .... .... .... .... 
12,0: Iyi1 Iyi1 .... .... .... .... .... .... .... .... .... .... .... .... .... .... .... .... .... .... .... .... .... .... .... .... .... .... .... .... Iyi1 Iyi1 
12,1: .... .... .... .... .... .... .... .... .... .... .... .... .... .... .... .... .... .... .... .... .... .... .... .... .... .... .... .... .... .... .... .... 
13,0: I.i0 I.i0 L.i0 .... L.i0 .... M..0 .... Mx.2 .... L.i0 .... L.i0 .... L.i0 .... L.i0 .... L.i0 .... L.i0 .... M..0 .... Mx.2 .... L.i0 .... L.i0 .... I.i0 I.i0 
13,1: .... .... .... .... .... .... .... .... .... .... .... .... .... .... .... .... .... .... .... .... .... .... .... .... .... .... .... .... .... .... .... .... 
14,0: Iyi1 Iyi1 .... .... .... .... .... .... .... .... .... .... .... .... .... .... .... .... .... .... .... .... .... .... .... .... .... .... .... .... Iyi1 Iyi1 
14,1: .... .... .... .... .... .... .... .... .... .... .... .... .... .... .... .... .... .... .... .... .... .... .... .... .... .... .... .... .... .... .... .... 
15,0: I.i1 I.i1 .... .... .... .... .... .... .... .... .... .... .... .... .... .... .... .... .... .... .... .... .... .... .... .... .... .... .... .... I.i1 I.i1 
15,1: .... .... .... .... .... .... .... .... .... .... .... .... .... .... .... .... .... .... .... .... .... .... .... .... .... .... .... .... .... .... .... .... 
16,0: Iyi0 Iyi0 Lyi1 .... Lyi1 .... My.1 .... Mr.3 .... Lyi1 .... Lyi1 .... Lyi1 .... Lyi1 .... Lyi1 .... Lyi1 .... My.1 .... Mr.3 .... Lyi1 .... Lyi1 .... Iyi0 Iyi0 
16,1: .... .... .... .... .... .... .... .... .... .... .... .... .... .... .... .... .... .... .... .... .... .... .... .... .... .... .... .... .... .... .... .... 
17,0: I.i1 I.i1 .... .... .... .... .... .... .... .... .... .... .... .... .... .... .... .... .... .... .... .... .... .... .... .... .... .... .... .... I.i1 I.i1 
17,1: .... .... .... .... .... .... .... .... .... .... .... .... .... .... .... .... .... .... .... .... .... .... .... .... .... .... .... .... .... .... .... .... 
18,0: Iyi1 Iyi1 .... .... .... .... .... .... .... .... .... .... .... .... .... .... .... .... .... .... .... .... .... .... .... .... .... .... .... .... Iyi1 Iyi1 
18,1: .... .... .... .... .... .... .... .... .... .... .... .... .... .... .... .... .... .... .... .... .... .... .... .... .... .... .... .... .... .... .... .... 
19,0: I.i0 I.i0 L.i0 .... L.i0 .... M..0 .... Mx.2 .... L.i0 .... L.i0 .... L.i0 .... L.i0 .... L.i0 .... L.i0 .... M..0 .... Mx.2 .... L.i0 .... L.i0 .... I.i0 I.i0 
19,1: .... .... .... .... .... .... .... .... .... .... .... .... .... .... .... .... .... .... .... .... .... .... .... .... .... .... .... .... .... .... .... .... 
20,0: Iyi1 Iyi1 .... .... .... .... .... .... .... .... .... .... .... .... .... .... .... .... .... .... .... .... .... .... .... .... .... .... .... .... Iyi1 Iyi1 
20,1: .... .... .... .... .... .... .... .... .... .... .... .... .... .... .... .... .... .... .... .... .... .... .... .... .... .... .... .... .... .... .... .... 
21,0: I.i1 I.i1 .... .... .... .... .... .... .... .... .... .... .... .... .... .... .... .... .... .... .... .... .... .... .... .... .... .... .... .... I.i1 I.i1 
21,1: .... .... .... .... .... .... .... .... .... .... .... .... .... .... .... .... .... .... .... .... .... .... .... .... .... .... .... .... .... .... .... .... 
22,0: Iyi0 Iyi0 Lyi1 .... Lyi1 .... My.1 .... Mr.3 .... Lyi1 .... Lyi1 .... Lyi1 .... Lyi1 .... Lyi1 .... Lyi1 .... My.1 .... Mr.3 .... Lyi1 .... Lyi1 .... Iyi0 Iyi0 
22,1: .... .... .... .... .... .... .... .... .... .... .... .... .... .... .... .... .... .... .... .... .... .... .... .... .... .... .... .... .... .... .... .... 
23,0: I.i1 I.i1 .... .... .... .... .... .... .... .... .... .... .... .... .... .... .... .... .... .... .... .... .... .... .... .... .... .... .... .... I.i1 I.i1 
23,1: .... .... .... .... .... .... .... .... .... .... .... .... .... .... .... .... .... .... .... .... .... .... .... .... .... .... .... .... .... .... .... .... 
24,0: Iyi1 Iyi1 .... .... .... .... .... .... .... .... .... .... .... .... .... .... .... .... .... .... .... .... .... .... .... .... .... .... .... .... Iyi1 Iyi1 
24,1: .... .... .... .... .... .... .... .... .... .... .... .... .... .... .... .... .... .... .... .... .... .... .... .... .... .... .... .... .... .... .... .... 
25,0: I.i0 I.i0 L.i0 .... L.i0 .... M..0 .... Mx.2 .... L.i0 .... L.i0 .... L.i0 .... L.i0 .... L.i0 .... L.i0 .... M..0 .... Mx.2 .... L.i0 .... L.i0 .... I.i0 I.i0 
25,1: .... .... .... .... .... .... .... .... .... .... .... .... .... .... .... .... .... .... .... .... .... .... .... .... .... .... .... .... .... .... .... .... 
26,0: Iyi1 Iyi1 .... .... .... .... .... .... .... .... .... .... .... .... .... .... .... .... .... .... .... .... .... .... .... .... .... .... .... .... Iyi1 Iyi1 
26,1: .... .... .... .... .... .... .... .... .... .... .... .... .... .... .... .... .... .... .... .... .... .... .... .... .... .... .... .... .... .... .... .... 
27,0: I.i1 I.i1 .... .... .... .... .... .... .... .... .... .... .... .... .... .... .... .... .... .... .... .... .... .... .... .... .... .... .... .... I.i1 I.i1 
27,1: .... .... .... .... .... .... .... .... .... .... .... .... .... .... .... .... .... .... .... .... .... .... .... .... .... .... .... .... .... .... .... .... 
28,0: Iyi0 Iyi0 Lyi1 .... Lyi1 .... My.1 .... Mr.3 .... Lyi1 .... Lyi1 .... Lyi1 .... Lyi1 .... Lyi1 .... Lyi1 .... My.1 .... Mr.3 .... Lyi1 .... Lyi1 .... Iyi0 Iyi0 
28,1: .... .... .... .... .... .... .... .... .... .... .... .... .... .... .... .... .... .... .... .... .... .... .... .... .... .... .... .... .... .... .... .... 
29,0: I.i1 I.i1 .... .... .... .... .... .... .... .... .... .... .... .... .... .... .... .... .... .... .... .... .... .... .... .... .... .... .... .... I.i1 I.i1 
29,1: .... .... .... .... .... .... .... .... .... .... .... .... .... .... .... .... .... .... .... .... .... .... .... .... .... .... .... .... .... .... .... .... 
30,0: Iyi1 Iyi1 .... .... .... .... .... .... .... .... .... .... .... .... .... .... .... .... .... .... .... .... .... .... .... .... .... .... .... .... Iyi1 Iyi1 
30,1: .... .... .... .... .... .... .... .... .... .... .... .... .... .... .... .... .... .... .... .... .... .... .... .... .... .... .... .... .... .... .... .... 
31,0: I.i0 I.i0 I.i0 I.i0 I.i0 I.i0 Ix.4 Ix.5 Ix.4 Ix.5 I.i0 I.i0 I.i0 I.i0 I.i0 I.i0 I.i0 I.i0 I.i0 I.i0 I.i0 I.i0 Ix.4 Ix.5 Ix.4 Ix.5 I.i0 I.i0 I.i0 I.i0 I.i0 I.i0 
31,1: .... .... .... .... .... .... .... .... .... .... .... .... .... .... .... .... .... .... .... .... .... .... .... .... .... .... .... .... .... .... .... .... 
SDF average delay information: TSMC 40nm ULP tt1p1v25c_Typical
IN l:0 b:0 i:0 d:0  LM l:1 b:0 i:0 d:0: 115 102 pol 1  DSP l:1 b:0 i:0 d:0: 115 102 pol 1
IN l:0 b:0 i:0 d:0  LM l:1 b:1 i:0 d:0: 115 102 pol 1  DSP l:1 b:1 i:0 d:0: 115 102 pol 1
IN l:0 b:0 i:0 d:0  LM l:1 b:2 i:0 d:0: 115 102 pol 1  DSP l:1 b:2 i:0 d:0: 115 102 pol 1
IN l:0 b:0 i:0 d:0  LM l:1 b:3 i:0 d:0: 115 102 pol 1  DSP l:1 b:3 i:0 d:0: 115 102 pol 1
IN l:0 b:1 i:0 d:0  LM l:1 b:0 i:0 d:0: 125 109 pol 1  DSP l:1 b:0 i:0 d:0: 125 109 pol 1
IN l:0 b:1 i:0 d:0  LM l:1 b:1 i:0 d:0: 125 109 pol 1  DSP l:1 b:1 i:0 d:0: 125 109 pol 1
IN l:0 b:1 i:0 d:0  LM l:1 b:2 i:0 d:0: 125 109 pol 1  DSP l:1 b:2 i:0 d:0: 125 109 pol 1
IN l:0 b:1 i:0 d:0  LM l:1 b:3 i:0 d:0: 125 109 pol 1  DSP l:1 b:3 i:0 d:0: 125 109 pol 1
IN l:0 b:2 i:0 d:0  LM l:1 b:0 i:0 d:0: 120 106 pol 1  DSP l:1 b:0 i:0 d:0: 120 106 pol 1
IN l:0 b:2 i:0 d:0  LM l:1 b:1 i:0 d:0: 120 106 pol 1  DSP l:1 b:1 i:0 d:0: 120 106 pol 1
IN l:0 b:2 i:0 d:0  LM l:1 b:2 i:0 d:0: 120 106 pol 1  DSP l:1 b:2 i:0 d:0: 120 106 pol 1
IN l:0 b:2 i:0 d:0  LM l:1 b:3 i:0 d:0: 120 106 pol 1  DSP l:1 b:3 i:0 d:0: 120 106 pol 1
IN l:0 b:3 i:0 d:0  LM l:1 b:0 i:0 d:0: 128 112 pol 1  DSP l:1 b:0 i:0 d:0: 128 112 pol 1
IN l:0 b:3 i:0 d:0  LM l:1 b:1 i:0 d:0: 128 112 pol 1  DSP l:1 b:1 i:0 d:0: 128 112 pol 1
IN l:0 b:3 i:0 d:0  LM l:1 b:2 i:0 d:0: 128 112 pol 1  DSP l:1 b:2 i:0 d:0: 128 112 pol 1
IN l:0 b:3 i:0 d:0  LM l:1 b:3 i:0 d:0: 128 112 pol 1  DSP l:1 b:3 i:0 d:0: 128 112 pol 1
IN l:1 b:0 i:0 d:0  LM l:1 b:0 i:0 d:1: 254 201 pol 0  DSP l:1 b:0 i:0 d:1: 254 201 pol 0
IN l:1 b:0 i:0 d:0  LM l:1 b:0 i:1 d:1: 254 201 pol 0  DSP l:1 b:0 i:1 d:1: 254 201 pol 0
IN l:1 b:0 i:0 d:0  LM l:1 b:1 i:0 d:1: 254 201 pol 0  DSP l:1 b:1 i:0 d:1: 254 201 pol 0
IN l:1 b:0 i:0 d:0  LM l:1 b:2 i:0 d:1: 254 201 pol 0  DSP l:1 b:2 i:0 d:1: 254 201 pol 0
IN l:1 b:0 i:0 d:0  LM l:1 b:3 i:0 d:1: 254 201 pol 0  DSP l:1 b:3 i:0 d:1: 254 201 pol 0
IN l:1 b:0 i:0 d:0  LM l:3 b:1 i:0 d:0: 128 120 pol 1  DSP l:3 b:1 i:0 d:0: 128 120 pol 1
IN l:1 b:0 i:0 d:0  LM l:3 b:1 i:0 d:1: 254 201 pol 0  DSP l:3 b:1 i:0 d:1: 254 201 pol 0
IN l:1 b:0 i:0 d:0  LM l:3 b:4 i:0 d:0: 128 120 pol 1  DSP l:3 b:4 i:0 d:0: 128 120 pol 1
IN l:1 b:0 i:0 d:0  LM l:3 b:4 i:0 d:1: 254 201 pol 0  DSP l:3 b:4 i:0 d:1: 254 201 pol 0
IN l:1 b:0 i:0 d:0  LM l:4 b:2 i:0 d:0: 128 120 pol 1  DSP l:4 b:2 i:0 d:0: 128 120 pol 1
IN l:1 b:0 i:0 d:0  LM l:4 b:2 i:0 d:1: 254 201 pol 0  DSP l:4 b:2 i:0 d:1: 254 201 pol 0
IN l:1 b:0 i:0 d:0  LM l:4 b:5 i:0 d:0: 128 120 pol 1  DSP l:4 b:5 i:0 d:0: 128 120 pol 1
IN l:1 b:0 i:0 d:0  LM l:4 b:5 i:0 d:1: 254 201 pol 0  DSP l:4 b:5 i:0 d:1: 254 201 pol 0
IN l:1 b:0 i:0 d:0  LM l:5 b:0 i:0 d:0: 128 120 pol 1  DSP l:5 b:0 i:0 d:0: 128 120 pol 1
IN l:1 b:0 i:0 d:0  LM l:5 b:0 i:1 d:0: 128 120 pol 1  DSP l:5 b:0 i:1 d:0: 128 120 pol 1
IN l:1 b:0 i:0 d:1  LM l:0 b:0 i:0 d:1: 121 111 pol 1  DSP l:0 b:0 i:0 d:1: 121 111 pol 1
IN l:1 b:0 i:0 d:1  LM l:0 b:1 i:0 d:1: 121 111 pol 1  DSP l:0 b:1 i:0 d:1: 121 111 pol 1
IN l:1 b:0 i:0 d:1  LM l:0 b:2 i:0 d:1: 121 111 pol 1  DSP l:0 b:2 i:0 d:1: 121 111 pol 1
IN l:1 b:0 i:0 d:1  LM l:0 b:3 i:0 d:1: 121 111 pol 1  DSP l:0 b:3 i:0 d:1: 121 111 pol 1
IN l:1 b:0 i:1 d:1  LM l:0 b:0 i:0 d:1: 121 112 pol 1  DSP l:0 b:0 i:0 d:1: 121 112 pol 1
IN l:1 b:0 i:1 d:1  LM l:0 b:1 i:0 d:1: 121 112 pol 1  DSP l:0 b:1 i:0 d:1: 121 112 pol 1
IN l:1 b:0 i:1 d:1  LM l:0 b:2 i:0 d:1: 121 112 pol 1  DSP l:0 b:2 i:0 d:1: 121 112 pol 1
IN l:1 b:0 i:1 d:1  LM l:0 b:3 i:0 d:1: 121 112 pol 1  DSP l:0 b:3 i:0 d:1: 121 112 pol 1
IN l:1 b:1 i:0 d:0  LM l:1 b:0 i:0 d:1: 270 225 pol 0  DSP l:1 b:0 i:0 d:1: 270 225 pol 0
IN l:1 b:1 i:0 d:0  LM l:1 b:0 i:1 d:1: 270 225 pol 0  DSP l:1 b:0 i:1 d:1: 270 225 pol 0
IN l:1 b:1 i:0 d:0  LM l:1 b:1 i:0 d:1: 270 225 pol 0  DSP l:1 b:1 i:0 d:1: 270 225 pol 0
IN l:1 b:1 i:0 d:0  LM l:1 b:2 i:0 d:1: 270 225 pol 0  DSP l:1 b:2 i:0 d:1: 270 225 pol 0
IN l:1 b:1 i:0 d:0  LM l:1 b:3 i:0 d:1: 270 225 pol 0  DSP l:1 b:3 i:0 d:1: 270 225 pol 0
IN l:1 b:1 i:0 d:0  LM l:3 b:1 i:0 d:0: 137 148 pol 1  DSP l:3 b:1 i:0 d:0: 137 148 pol 1
IN l:1 b:1 i:0 d:0  LM l:3 b:1 i:0 d:1: 270 225 pol 0  DSP l:3 b:1 i:0 d:1: 270 225 pol 0
IN l:1 b:1 i:0 d:0  LM l:3 b:4 i:0 d:0: 137 148 pol 1  DSP l:3 b:4 i:0 d:0: 137 148 pol 1
IN l:1 b:1 i:0 d:0  LM l:3 b:4 i:0 d:1: 270 225 pol 0  DSP l:3 b:4 i:0 d:1: 270 225 pol 0
IN l:1 b:1 i:0 d:0  LM l:4 b:2 i:0 d:0: 137 148 pol 1  DSP l:4 b:2 i:0 d:0: 137 148 pol 1
IN l:1 b:1 i:0 d:0  LM l:4 b:2 i:0 d:1: 270 225 pol 0  DSP l:4 b:2 i:0 d:1: 270 225 pol 0
IN l:1 b:1 i:0 d:0  LM l:4 b:5 i:0 d:0: 137 148 pol 1  DSP l:4 b:5 i:0 d:0: 137 148 pol 1
IN l:1 b:1 i:0 d:0  LM l:4 b:5 i:0 d:1: 270 225 pol 0  DSP l:4 b:5 i:0 d:1: 270 225 pol 0
IN l:1 b:1 i:0 d:0  LM l:5 b:0 i:0 d:0: 137 148 pol 1  DSP l:5 b:0 i:0 d:0: 137 148 pol 1
IN l:1 b:1 i:0 d:0  LM l:5 b:0 i:1 d:0: 137 148 pol 1  DSP l:5 b:0 i:1 d:0: 137 148 pol 1
IN l:1 b:1 i:0 d:1  LM l:0 b:0 i:0 d:1: 132 141 pol 1  DSP l:0 b:0 i:0 d:1: 132 141 pol 1
IN l:1 b:1 i:0 d:1  LM l:0 b:1 i:0 d:1: 132 141 pol 1  DSP l:0 b:1 i:0 d:1: 132 141 pol 1
IN l:1 b:1 i:0 d:1  LM l:0 b:2 i:0 d:1: 132 141 pol 1  DSP l:0 b:2 i:0 d:1: 132 141 pol 1
IN l:1 b:1 i:0 d:1  LM l:0 b:3 i:0 d:1: 132 141 pol 1  DSP l:0 b:3 i:0 d:1: 132 141 pol 1
IN l:1 b:2 i:0 d:0  LM l:1 b:0 i:0 d:1: 271 230 pol 0  DSP l:1 b:0 i:0 d:1: 271 230 pol 0
IN l:1 b:2 i:0 d:0  LM l:1 b:0 i:1 d:1: 271 230 pol 0  DSP l:1 b:0 i:1 d:1: 271 230 pol 0
IN l:1 b:2 i:0 d:0  LM l:1 b:1 i:0 d:1: 271 230 pol 0  DSP l:1 b:1 i:0 d:1: 271 230 pol 0
IN l:1 b:2 i:0 d:0  LM l:1 b:2 i:0 d:1: 271 230 pol 0  DSP l:1 b:2 i:0 d:1: 271 230 pol 0
IN l:1 b:2 i:0 d:0  LM l:1 b:3 i:0 d:1: 271 230 pol 0  DSP l:1 b:3 i:0 d:1: 271 230 pol 0
IN l:1 b:2 i:0 d:0  LM l:3 b:1 i:0 d:0: 143 160 pol 1  DSP l:3 b:1 i:0 d:0: 143 160 pol 1
IN l:1 b:2 i:0 d:0  LM l:3 b:1 i:0 d:1: 271 230 pol 0  DSP l:3 b:1 i:0 d:1: 271 230 pol 0
IN l:1 b:2 i:0 d:0  LM l:3 b:4 i:0 d:0: 143 160 pol 1  DSP l:3 b:4 i:0 d:0: 143 160 pol 1
IN l:1 b:2 i:0 d:0  LM l:3 b:4 i:0 d:1: 271 230 pol 0  DSP l:3 b:4 i:0 d:1: 271 230 pol 0
IN l:1 b:2 i:0 d:0  LM l:4 b:2 i:0 d:0: 143 160 pol 1  DSP l:4 b:2 i:0 d:0: 143 160 pol 1
IN l:1 b:2 i:0 d:0  LM l:4 b:2 i:0 d:1: 271 230 pol 0  DSP l:4 b:2 i:0 d:1: 271 230 pol 0
IN l:1 b:2 i:0 d:0  LM l:4 b:5 i:0 d:0: 143 160 pol 1  DSP l:4 b:5 i:0 d:0: 143 160 pol 1
IN l:1 b:2 i:0 d:0  LM l:4 b:5 i:0 d:1: 271 230 pol 0  DSP l:4 b:5 i:0 d:1: 271 230 pol 0
IN l:1 b:2 i:0 d:0  LM l:5 b:0 i:0 d:0: 143 160 pol 1  DSP l:5 b:0 i:0 d:0: 143 160 pol 1
IN l:1 b:2 i:0 d:0  LM l:5 b:0 i:1 d:0: 143 160 pol 1  DSP l:5 b:0 i:1 d:0: 143 160 pol 1
IN l:1 b:2 i:0 d:1  LM l:0 b:0 i:0 d:1: 134 144 pol 1  DSP l:0 b:0 i:0 d:1: 134 144 pol 1
IN l:1 b:2 i:0 d:1  LM l:0 b:1 i:0 d:1: 134 144 pol 1  DSP l:0 b:1 i:0 d:1: 134 144 pol 1
IN l:1 b:2 i:0 d:1  LM l:0 b:2 i:0 d:1: 134 144 pol 1  DSP l:0 b:2 i:0 d:1: 134 144 pol 1
IN l:1 b:2 i:0 d:1  LM l:0 b:3 i:0 d:1: 134 144 pol 1  DSP l:0 b:3 i:0 d:1: 134 144 pol 1
IN l:1 b:3 i:0 d:0  LM l:1 b:0 i:0 d:1: 286 247 pol 0  DSP l:1 b:0 i:0 d:1: 286 247 pol 0
IN l:1 b:3 i:0 d:0  LM l:1 b:0 i:1 d:1: 286 247 pol 0  DSP l:1 b:0 i:1 d:1: 286 247 pol 0
IN l:1 b:3 i:0 d:0  LM l:1 b:1 i:0 d:1: 286 247 pol 0  DSP l:1 b:1 i:0 d:1: 286 247 pol 0
IN l:1 b:3 i:0 d:0  LM l:1 b:2 i:0 d:1: 286 247 pol 0  DSP l:1 b:2 i:0 d:1: 286 247 pol 0
IN l:1 b:3 i:0 d:0  LM l:1 b:3 i:0 d:1: 286 247 pol 0  DSP l:1 b:3 i:0 d:1: 286 247 pol 0
IN l:1 b:3 i:0 d:0  LM l:3 b:1 i:0 d:0: 153 182 pol 1  DSP l:3 b:1 i:0 d:0: 153 182 pol 1
IN l:1 b:3 i:0 d:0  LM l:3 b:1 i:0 d:1: 286 247 pol 0  DSP l:3 b:1 i:0 d:1: 286 247 pol 0
IN l:1 b:3 i:0 d:0  LM l:3 b:4 i:0 d:0: 153 182 pol 1  DSP l:3 b:4 i:0 d:0: 153 182 pol 1
IN l:1 b:3 i:0 d:0  LM l:3 b:4 i:0 d:1: 286 247 pol 0  DSP l:3 b:4 i:0 d:1: 286 247 pol 0
IN l:1 b:3 i:0 d:0  LM l:4 b:2 i:0 d:0: 153 182 pol 1  DSP l:4 b:2 i:0 d:0: 153 182 pol 1
IN l:1 b:3 i:0 d:0  LM l:4 b:2 i:0 d:1: 286 247 pol 0  DSP l:4 b:2 i:0 d:1: 286 247 pol 0
IN l:1 b:3 i:0 d:0  LM l:4 b:5 i:0 d:0: 153 182 pol 1  DSP l:4 b:5 i:0 d:0: 153 182 pol 1
IN l:1 b:3 i:0 d:0  LM l:4 b:5 i:0 d:1: 286 247 pol 0  DSP l:4 b:5 i:0 d:1: 286 247 pol 0
IN l:1 b:3 i:0 d:0  LM l:5 b:0 i:0 d:0: 153 182 pol 1  DSP l:5 b:0 i:0 d:0: 153 182 pol 1
IN l:1 b:3 i:0 d:0  LM l:5 b:0 i:1 d:0: 153 182 pol 1  DSP l:5 b:0 i:1 d:0: 153 182 pol 1
IN l:1 b:3 i:0 d:1  LM l:0 b:0 i:0 d:1: 145 167 pol 1  DSP l:0 b:0 i:0 d:1: 145 167 pol 1
IN l:1 b:3 i:0 d:1  LM l:0 b:1 i:0 d:1: 145 167 pol 1  DSP l:0 b:1 i:0 d:1: 145 167 pol 1
IN l:1 b:3 i:0 d:1  LM l:0 b:2 i:0 d:1: 145 167 pol 1  DSP l:0 b:2 i:0 d:1: 145 167 pol 1
IN l:1 b:3 i:0 d:1  LM l:0 b:3 i:0 d:1: 145 167 pol 1  DSP l:0 b:3 i:0 d:1: 145 167 pol 1
IN l:3 b:1 i:0 d:0  LM l:1 b:0 i:0 d:1: 222 186 pol 0  DSP l:1 b:0 i:0 d:1: 222 186 pol 0
IN l:3 b:1 i:0 d:0  LM l:1 b:0 i:1 d:1: 222 186 pol 0  DSP l:1 b:0 i:1 d:1: 222 186 pol 0
IN l:3 b:1 i:0 d:0  LM l:1 b:1 i:0 d:1: 222 186 pol 0  DSP l:1 b:1 i:0 d:1: 222 186 pol 0
IN l:3 b:1 i:0 d:0  LM l:1 b:2 i:0 d:1: 222 186 pol 0  DSP l:1 b:2 i:0 d:1: 222 186 pol 0
IN l:3 b:1 i:0 d:0  LM l:1 b:3 i:0 d:1: 222 186 pol 0  DSP l:1 b:3 i:0 d:1: 222 186 pol 0
IN l:3 b:1 i:0 d:0  LM l:3 b:4 i:0 d:1: 222 186 pol 0  DSP l:3 b:4 i:0 d:1: 222 186 pol 0
IN l:3 b:1 i:0 d:0  LM l:4 b:2 i:0 d:0: 222 186 pol 0  DSP l:4 b:2 i:0 d:0: 222 186 pol 0
IN l:3 b:1 i:0 d:0  LM l:4 b:2 i:0 d:1: 222 186 pol 0  DSP l:4 b:2 i:0 d:1: 222 186 pol 0
IN l:3 b:1 i:0 d:0  LM l:4 b:5 i:0 d:0: 222 186 pol 0  DSP l:4 b:5 i:0 d:0: 222 186 pol 0
IN l:3 b:1 i:0 d:0  LM l:4 b:5 i:0 d:1: 222 186 pol 0  DSP l:4 b:5 i:0 d:1: 222 186 pol 0
IN l:3 b:1 i:0 d:0  LM l:5 b:0 i:0 d:0: 222 186 pol 0  DSP l:5 b:0 i:0 d:0: 222 186 pol 0
IN l:3 b:1 i:0 d:0  LM l:5 b:0 i:1 d:0: 222 186 pol 0  DSP l:5 b:0 i:1 d:0: 222 186 pol 0
IN l:3 b:1 i:0 d:1  LM l:1 b:0 i:0 d:1: 131 124 pol 0  DSP l:1 b:0 i:0 d:1: 131 124 pol 0
IN l:3 b:1 i:0 d:1  LM l:1 b:0 i:1 d:1: 131 124 pol 0  DSP l:1 b:0 i:1 d:1: 131 124 pol 0
IN l:3 b:1 i:0 d:1  LM l:1 b:1 i:0 d:1: 131 124 pol 0  DSP l:1 b:1 i:0 d:1: 131 124 pol 0
IN l:3 b:1 i:0 d:1  LM l:1 b:2 i:0 d:1: 131 124 pol 0  DSP l:1 b:2 i:0 d:1: 131 124 pol 0
IN l:3 b:1 i:0 d:1  LM l:1 b:3 i:0 d:1: 131 124 pol 0  DSP l:1 b:3 i:0 d:1: 131 124 pol 0
IN l:3 b:4 i:0 d:0  LM l:1 b:0 i:0 d:1: 221 187 pol 0  DSP l:1 b:0 i:0 d:1: 221 187 pol 0
IN l:3 b:4 i:0 d:0  LM l:1 b:0 i:1 d:1: 221 187 pol 0  DSP l:1 b:0 i:1 d:1: 221 187 pol 0
IN l:3 b:4 i:0 d:0  LM l:1 b:1 i:0 d:1: 221 187 pol 0  DSP l:1 b:1 i:0 d:1: 221 187 pol 0
IN l:3 b:4 i:0 d:0  LM l:1 b:2 i:0 d:1: 221 187 pol 0  DSP l:1 b:2 i:0 d:1: 221 187 pol 0
IN l:3 b:4 i:0 d:0  LM l:1 b:3 i:0 d:1: 221 187 pol 0  DSP l:1 b:3 i:0 d:1: 221 187 pol 0
IN l:3 b:4 i:0 d:0  LM l:3 b:1 i:0 d:1: 221 187 pol 0  DSP l:3 b:1 i:0 d:1: 221 187 pol 0
IN l:3 b:4 i:0 d:0  LM l:4 b:2 i:0 d:0: 221 187 pol 0  DSP l:4 b:2 i:0 d:0: 221 187 pol 0
IN l:3 b:4 i:0 d:0  LM l:4 b:2 i:0 d:1: 221 187 pol 0  DSP l:4 b:2 i:0 d:1: 221 187 pol 0
IN l:3 b:4 i:0 d:0  LM l:4 b:5 i:0 d:0: 221 187 pol 0  DSP l:4 b:5 i:0 d:0: 221 187 pol 0
IN l:3 b:4 i:0 d:0  LM l:4 b:5 i:0 d:1: 221 187 pol 0  DSP l:4 b:5 i:0 d:1: 221 187 pol 0
IN l:3 b:4 i:0 d:0  LM l:5 b:0 i:0 d:0: 221 187 pol 0  DSP l:5 b:0 i:0 d:0: 221 187 pol 0
IN l:3 b:4 i:0 d:0  LM l:5 b:0 i:1 d:0: 221 187 pol 0  DSP l:5 b:0 i:1 d:0: 221 187 pol 0
IN l:3 b:4 i:0 d:1  LM l:1 b:0 i:0 d:1: 127 122 pol 0  DSP l:1 b:0 i:0 d:1: 127 122 pol 0
IN l:3 b:4 i:0 d:1  LM l:1 b:0 i:1 d:1: 127 122 pol 0  DSP l:1 b:0 i:1 d:1: 127 122 pol 0
IN l:3 b:4 i:0 d:1  LM l:1 b:1 i:0 d:1: 127 122 pol 0  DSP l:1 b:1 i:0 d:1: 127 122 pol 0
IN l:3 b:4 i:0 d:1  LM l:1 b:2 i:0 d:1: 127 122 pol 0  DSP l:1 b:2 i:0 d:1: 127 122 pol 0
IN l:3 b:4 i:0 d:1  LM l:1 b:3 i:0 d:1: 127 122 pol 0  DSP l:1 b:3 i:0 d:1: 127 122 pol 0
IN l:4 b:2 i:0 d:0  LM l:1 b:0 i:0 d:1: 255 206 pol 1  DSP l:1 b:0 i:0 d:1: 255 206 pol 1
IN l:4 b:2 i:0 d:0  LM l:1 b:0 i:1 d:1: 255 206 pol 1  DSP l:1 b:0 i:1 d:1: 255 206 pol 1
IN l:4 b:2 i:0 d:0  LM l:1 b:1 i:0 d:1: 255 206 pol 1  DSP l:1 b:1 i:0 d:1: 255 206 pol 1
IN l:4 b:2 i:0 d:0  LM l:1 b:2 i:0 d:1: 255 206 pol 1  DSP l:1 b:2 i:0 d:1: 255 206 pol 1
IN l:4 b:2 i:0 d:0  LM l:1 b:3 i:0 d:1: 255 206 pol 1  DSP l:1 b:3 i:0 d:1: 255 206 pol 1
IN l:4 b:2 i:0 d:0  LM l:3 b:1 i:0 d:1: 255 206 pol 1  DSP l:3 b:1 i:0 d:1: 255 206 pol 1
IN l:4 b:2 i:0 d:0  LM l:3 b:4 i:0 d:1: 255 206 pol 1  DSP l:3 b:4 i:0 d:1: 255 206 pol 1
IN l:4 b:2 i:0 d:0  LM l:4 b:5 i:0 d:1: 140 148 pol 0  DSP l:4 b:5 i:0 d:1: 140 148 pol 0
IN l:4 b:2 i:0 d:0  LM l:5 b:0 i:0 d:0: 140 148 pol 0  DSP l:5 b:0 i:0 d:0: 140 148 pol 0
IN l:4 b:2 i:0 d:0  LM l:5 b:0 i:1 d:0: 140 148 pol 0  DSP l:5 b:0 i:1 d:0: 140 148 pol 0
IN l:4 b:2 i:0 d:1  LM l:1 b:0 i:0 d:1: 204 170 pol 0  DSP l:1 b:0 i:0 d:1: 204 170 pol 0
IN l:4 b:2 i:0 d:1  LM l:1 b:0 i:1 d:1: 204 170 pol 0  DSP l:1 b:0 i:1 d:1: 204 170 pol 0
IN l:4 b:2 i:0 d:1  LM l:1 b:1 i:0 d:1: 204 170 pol 0  DSP l:1 b:1 i:0 d:1: 204 170 pol 0
IN l:4 b:2 i:0 d:1  LM l:1 b:2 i:0 d:1: 204 170 pol 0  DSP l:1 b:2 i:0 d:1: 204 170 pol 0
IN l:4 b:2 i:0 d:1  LM l:1 b:3 i:0 d:1: 204 170 pol 0  DSP l:1 b:3 i:0 d:1: 204 170 pol 0
IN l:4 b:2 i:0 d:1  LM l:3 b:1 i:0 d:1: 204 170 pol 0  DSP l:3 b:1 i:0 d:1: 204 170 pol 0
IN l:4 b:2 i:0 d:1  LM l:3 b:4 i:0 d:1: 204 170 pol 0  DSP l:3 b:4 i:0 d:1: 204 170 pol 0
IN l:4 b:5 i:0 d:0  LM l:1 b:0 i:0 d:1: 246 200 pol 1  DSP l:1 b:0 i:0 d:1: 246 200 pol 1
IN l:4 b:5 i:0 d:0  LM l:1 b:0 i:1 d:1: 246 200 pol 1  DSP l:1 b:0 i:1 d:1: 246 200 pol 1
IN l:4 b:5 i:0 d:0  LM l:1 b:1 i:0 d:1: 246 200 pol 1  DSP l:1 b:1 i:0 d:1: 246 200 pol 1
IN l:4 b:5 i:0 d:0  LM l:1 b:2 i:0 d:1: 246 200 pol 1  DSP l:1 b:2 i:0 d:1: 246 200 pol 1
IN l:4 b:5 i:0 d:0  LM l:1 b:3 i:0 d:1: 246 200 pol 1  DSP l:1 b:3 i:0 d:1: 246 200 pol 1
IN l:4 b:5 i:0 d:0  LM l:3 b:1 i:0 d:1: 246 200 pol 1  DSP l:3 b:1 i:0 d:1: 246 200 pol 1
IN l:4 b:5 i:0 d:0  LM l:3 b:4 i:0 d:1: 246 200 pol 1  DSP l:3 b:4 i:0 d:1: 246 200 pol 1
IN l:4 b:5 i:0 d:0  LM l:4 b:2 i:0 d:1: 139 149 pol 0  DSP l:4 b:2 i:0 d:1: 139 149 pol 0
IN l:4 b:5 i:0 d:0  LM l:5 b:0 i:0 d:0: 139 149 pol 0  DSP l:5 b:0 i:0 d:0: 139 149 pol 0
IN l:4 b:5 i:0 d:0  LM l:5 b:0 i:1 d:0: 139 149 pol 0  DSP l:5 b:0 i:1 d:0: 139 149 pol 0
IN l:4 b:5 i:0 d:1  LM l:1 b:0 i:0 d:1: 203 170 pol 0  DSP l:1 b:0 i:0 d:1: 203 170 pol 0
IN l:4 b:5 i:0 d:1  LM l:1 b:0 i:1 d:1: 203 170 pol 0  DSP l:1 b:0 i:1 d:1: 203 170 pol 0
IN l:4 b:5 i:0 d:1  LM l:1 b:1 i:0 d:1: 203 170 pol 0  DSP l:1 b:1 i:0 d:1: 203 170 pol 0
IN l:4 b:5 i:0 d:1  LM l:1 b:2 i:0 d:1: 203 170 pol 0  DSP l:1 b:2 i:0 d:1: 203 170 pol 0
IN l:4 b:5 i:0 d:1  LM l:1 b:3 i:0 d:1: 203 170 pol 0  DSP l:1 b:3 i:0 d:1: 203 170 pol 0
IN l:4 b:5 i:0 d:1  LM l:3 b:1 i:0 d:1: 203 170 pol 0  DSP l:3 b:1 i:0 d:1: 203 170 pol 0
IN l:4 b:5 i:0 d:1  LM l:3 b:4 i:0 d:1: 203 170 pol 0  DSP l:3 b:4 i:0 d:1: 203 170 pol 0
IN l:5 b:0 i:0 d:0  LM l:5 b:1 i:0 d:1: 201 220 pol 0  DSP l:5 b:1 i:0 d:1: 201 220 pol 0
IN l:5 b:0 i:0 d:0  LM l:5 b:2 i:0 d:1: 201 220 pol 0  DSP l:5 b:2 i:0 d:1: 201 220 pol 0
IN l:5 b:0 i:0 d:0  LM l:5 b:3 i:0 d:1: 201 220 pol 0  DSP l:5 b:3 i:0 d:1: 201 220 pol 0
IN l:5 b:0 i:0 d:0  LM l:13 b:1 i:0 d:0: 150 151 pol 1  DSP l:13 b:1 i:0 d:0: 150 151 pol 1
IN l:5 b:0 i:0 d:0  LM l:13 b:1 i:1 d:0: 150 151 pol 1  DSP l:13 b:1 i:1 d:0: 150 151 pol 1
IN l:5 b:0 i:0 d:0  LM l:13 b:2 i:0 d:0: 150 151 pol 1  DSP l:13 b:2 i:0 d:0: 150 151 pol 1
IN l:5 b:0 i:0 d:0  LM l:13 b:2 i:1 d:0: 150 151 pol 1  DSP l:13 b:2 i:1 d:0: 150 151 pol 1
IN l:5 b:0 i:0 d:0  LM l:13 b:4 i:0 d:0: 150 151 pol 1  DSP l:13 b:4 i:0 d:0: 150 151 pol 1
IN l:5 b:0 i:0 d:0  LM l:13 b:4 i:1 d:0: 150 151 pol 1  DSP l:13 b:4 i:1 d:0: 150 151 pol 1
IN l:5 b:0 i:0 d:0  LM l:13 b:5 i:0 d:0: 150 151 pol 1  DSP l:13 b:5 i:0 d:0: 150 151 pol 1
IN l:5 b:0 i:0 d:0  LM l:13 b:5 i:1 d:0: 150 151 pol 1  DSP l:13 b:5 i:1 d:0: 150 151 pol 1
IN l:5 b:0 i:0 d:1  LM l:1 b:0 i:0 d:1: 192 169 pol 0  DSP l:1 b:0 i:0 d:1: 192 169 pol 0
IN l:5 b:0 i:0 d:1  LM l:1 b:0 i:1 d:1: 192 169 pol 0  DSP l:1 b:0 i:1 d:1: 192 169 pol 0
IN l:5 b:0 i:0 d:1  LM l:1 b:1 i:0 d:1: 192 169 pol 0  DSP l:1 b:1 i:0 d:1: 192 169 pol 0
IN l:5 b:0 i:0 d:1  LM l:1 b:2 i:0 d:1: 192 169 pol 0  DSP l:1 b:2 i:0 d:1: 192 169 pol 0
IN l:5 b:0 i:0 d:1  LM l:1 b:3 i:0 d:1: 192 169 pol 0  DSP l:1 b:3 i:0 d:1: 192 169 pol 0
IN l:5 b:0 i:0 d:1  LM l:3 b:1 i:0 d:1: 192 169 pol 0  DSP l:3 b:1 i:0 d:1: 192 169 pol 0
IN l:5 b:0 i:0 d:1  LM l:3 b:4 i:0 d:1: 192 169 pol 0  DSP l:3 b:4 i:0 d:1: 192 169 pol 0
IN l:5 b:0 i:0 d:1  LM l:4 b:2 i:0 d:1: 192 169 pol 0  DSP l:4 b:2 i:0 d:1: 192 169 pol 0
IN l:5 b:0 i:0 d:1  LM l:4 b:5 i:0 d:1: 192 169 pol 0  DSP l:4 b:5 i:0 d:1: 192 169 pol 0
IN l:5 b:0 i:1 d:0  LM l:5 b:1 i:0 d:1: 205 224 pol 0  DSP l:5 b:1 i:0 d:1: 205 224 pol 0
IN l:5 b:0 i:1 d:0  LM l:5 b:2 i:0 d:1: 205 224 pol 0  DSP l:5 b:2 i:0 d:1: 205 224 pol 0
IN l:5 b:0 i:1 d:0  LM l:5 b:3 i:0 d:1: 205 224 pol 0  DSP l:5 b:3 i:0 d:1: 205 224 pol 0
IN l:5 b:0 i:1 d:0  LM l:13 b:1 i:0 d:0: 150 152 pol 1  DSP l:13 b:1 i:0 d:0: 150 152 pol 1
IN l:5 b:0 i:1 d:0  LM l:13 b:1 i:1 d:0: 150 152 pol 1  DSP l:13 b:1 i:1 d:0: 150 152 pol 1
IN l:5 b:0 i:1 d:0  LM l:13 b:2 i:0 d:0: 150 152 pol 1  DSP l:13 b:2 i:0 d:0: 150 152 pol 1
IN l:5 b:0 i:1 d:0  LM l:13 b:2 i:1 d:0: 150 152 pol 1  DSP l:13 b:2 i:1 d:0: 150 152 pol 1
IN l:5 b:0 i:1 d:0  LM l:13 b:4 i:0 d:0: 150 152 pol 1  DSP l:13 b:4 i:0 d:0: 150 152 pol 1
IN l:5 b:0 i:1 d:0  LM l:13 b:4 i:1 d:0: 150 152 pol 1  DSP l:13 b:4 i:1 d:0: 150 152 pol 1
IN l:5 b:0 i:1 d:0  LM l:13 b:5 i:0 d:0: 150 152 pol 1  DSP l:13 b:5 i:0 d:0: 150 152 pol 1
IN l:5 b:0 i:1 d:0  LM l:13 b:5 i:1 d:0: 150 152 pol 1  DSP l:13 b:5 i:1 d:0: 150 152 pol 1
IN l:5 b:0 i:1 d:1  LM l:1 b:0 i:0 d:1: 192 169 pol 0  DSP l:1 b:0 i:0 d:1: 192 169 pol 0
IN l:5 b:0 i:1 d:1  LM l:1 b:0 i:1 d:1: 192 169 pol 0  DSP l:1 b:0 i:1 d:1: 192 169 pol 0
IN l:5 b:0 i:1 d:1  LM l:1 b:1 i:0 d:1: 192 169 pol 0  DSP l:1 b:1 i:0 d:1: 192 169 pol 0
IN l:5 b:0 i:1 d:1  LM l:1 b:2 i:0 d:1: 192 169 pol 0  DSP l:1 b:2 i:0 d:1: 192 169 pol 0
IN l:5 b:0 i:1 d:1  LM l:1 b:3 i:0 d:1: 192 169 pol 0  DSP l:1 b:3 i:0 d:1: 192 169 pol 0
IN l:5 b:0 i:1 d:1  LM l:3 b:1 i:0 d:1: 192 169 pol 0  DSP l:3 b:1 i:0 d:1: 192 169 pol 0
IN l:5 b:0 i:1 d:1  LM l:3 b:4 i:0 d:1: 192 169 pol 0  DSP l:3 b:4 i:0 d:1: 192 169 pol 0
IN l:5 b:0 i:1 d:1  LM l:4 b:2 i:0 d:1: 192 169 pol 0  DSP l:4 b:2 i:0 d:1: 192 169 pol 0
IN l:5 b:0 i:1 d:1  LM l:4 b:5 i:0 d:1: 192 169 pol 0  DSP l:4 b:5 i:0 d:1: 192 169 pol 0
IN l:5 b:1 i:0 d:1  LM l:1 b:0 i:0 d:1: 252 198 pol 1  DSP l:1 b:0 i:0 d:1: 252 198 pol 1
IN l:5 b:1 i:0 d:1  LM l:1 b:0 i:1 d:1: 252 198 pol 1  DSP l:1 b:0 i:1 d:1: 252 198 pol 1
IN l:5 b:1 i:0 d:1  LM l:1 b:1 i:0 d:1: 252 198 pol 1  DSP l:1 b:1 i:0 d:1: 252 198 pol 1
IN l:5 b:1 i:0 d:1  LM l:1 b:2 i:0 d:1: 252 198 pol 1  DSP l:1 b:2 i:0 d:1: 252 198 pol 1
IN l:5 b:1 i:0 d:1  LM l:1 b:3 i:0 d:1: 252 198 pol 1  DSP l:1 b:3 i:0 d:1: 252 198 pol 1
IN l:5 b:1 i:0 d:1  LM l:3 b:1 i:0 d:1: 252 198 pol 1  DSP l:3 b:1 i:0 d:1: 252 198 pol 1
IN l:5 b:1 i:0 d:1  LM l:3 b:4 i:0 d:1: 252 198 pol 1  DSP l:3 b:4 i:0 d:1: 252 198 pol 1
IN l:5 b:1 i:0 d:1  LM l:4 b:2 i:0 d:1: 155 137 pol 0  DSP l:4 b:2 i:0 d:1: 155 137 pol 0
IN l:5 b:1 i:0 d:1  LM l:4 b:5 i:0 d:1: 155 137 pol 0  DSP l:4 b:5 i:0 d:1: 155 137 pol 0
IN l:5 b:2 i:0 d:1  LM l:1 b:0 i:0 d:1: 250 197 pol 1  DSP l:1 b:0 i:0 d:1: 250 197 pol 1
IN l:5 b:2 i:0 d:1  LM l:1 b:0 i:1 d:1: 250 197 pol 1  DSP l:1 b:0 i:1 d:1: 250 197 pol 1
IN l:5 b:2 i:0 d:1  LM l:1 b:1 i:0 d:1: 250 197 pol 1  DSP l:1 b:1 i:0 d:1: 250 197 pol 1
IN l:5 b:2 i:0 d:1  LM l:1 b:2 i:0 d:1: 250 197 pol 1  DSP l:1 b:2 i:0 d:1: 250 197 pol 1
IN l:5 b:2 i:0 d:1  LM l:1 b:3 i:0 d:1: 250 197 pol 1  DSP l:1 b:3 i:0 d:1: 250 197 pol 1
IN l:5 b:2 i:0 d:1  LM l:3 b:1 i:0 d:1: 250 197 pol 1  DSP l:3 b:1 i:0 d:1: 250 197 pol 1
IN l:5 b:2 i:0 d:1  LM l:3 b:4 i:0 d:1: 250 197 pol 1  DSP l:3 b:4 i:0 d:1: 250 197 pol 1
IN l:5 b:2 i:0 d:1  LM l:4 b:2 i:0 d:1: 160 147 pol 0  DSP l:4 b:2 i:0 d:1: 160 147 pol 0
IN l:5 b:2 i:0 d:1  LM l:4 b:5 i:0 d:1: 160 147 pol 0  DSP l:4 b:5 i:0 d:1: 160 147 pol 0
IN l:5 b:3 i:0 d:1  LM l:1 b:0 i:0 d:1: 230 198 pol 0  DSP l:1 b:0 i:0 d:1: 230 198 pol 0
IN l:5 b:3 i:0 d:1  LM l:1 b:0 i:1 d:1: 230 198 pol 0  DSP l:1 b:0 i:1 d:1: 230 198 pol 0
IN l:5 b:3 i:0 d:1  LM l:1 b:1 i:0 d:1: 230 198 pol 0  DSP l:1 b:1 i:0 d:1: 230 198 pol 0
IN l:5 b:3 i:0 d:1  LM l:1 b:2 i:0 d:1: 230 198 pol 0  DSP l:1 b:2 i:0 d:1: 230 198 pol 0
IN l:5 b:3 i:0 d:1  LM l:1 b:3 i:0 d:1: 230 198 pol 0  DSP l:1 b:3 i:0 d:1: 230 198 pol 0
IN l:5 b:3 i:0 d:1  LM l:3 b:1 i:0 d:1: 230 198 pol 0  DSP l:3 b:1 i:0 d:1: 230 198 pol 0
IN l:5 b:3 i:0 d:1  LM l:3 b:4 i:0 d:1: 230 198 pol 0  DSP l:3 b:4 i:0 d:1: 230 198 pol 0
IN l:5 b:3 i:0 d:1  LM l:4 b:2 i:0 d:1: 190 194 pol 1  DSP l:4 b:2 i:0 d:1: 190 194 pol 1
IN l:5 b:3 i:0 d:1  LM l:4 b:5 i:0 d:1: 190 194 pol 1  DSP l:4 b:5 i:0 d:1: 190 194 pol 1
IN l:13 b:1 i:0 d:0  LM l:5 b:0 i:0 d:1: 294 298 pol 0  DSP l:5 b:0 i:0 d:1: 294 298 pol 0
IN l:13 b:1 i:0 d:0  LM l:5 b:0 i:1 d:1: 294 298 pol 0  DSP l:5 b:0 i:1 d:1: 294 298 pol 0
IN l:13 b:1 i:0 d:0  LM l:5 b:1 i:0 d:1: 294 298 pol 0  DSP l:5 b:1 i:0 d:1: 294 298 pol 0
IN l:13 b:1 i:0 d:0  LM l:5 b:2 i:0 d:1: 294 298 pol 0  DSP l:5 b:2 i:0 d:1: 294 298 pol 0
IN l:13 b:1 i:0 d:0  LM l:5 b:3 i:0 d:1: 294 298 pol 0  DSP l:5 b:3 i:0 d:1: 294 298 pol 0
IN l:13 b:1 i:0 d:0  LM l:13 b:2 i:0 d:0: 188 212 pol 1  DSP l:13 b:2 i:0 d:0: 188 212 pol 1
IN l:13 b:1 i:0 d:0  LM l:13 b:2 i:1 d:0: 188 212 pol 1  DSP l:13 b:2 i:1 d:0: 188 212 pol 1
IN l:13 b:1 i:0 d:0  LM l:13 b:4 i:0 d:0: 188 212 pol 1  DSP l:13 b:4 i:0 d:0: 188 212 pol 1
IN l:13 b:1 i:0 d:0  LM l:13 b:4 i:1 d:0: 188 212 pol 1  DSP l:13 b:4 i:1 d:0: 188 212 pol 1
IN l:13 b:1 i:0 d:0  LM l:13 b:5 i:0 d:0: 188 212 pol 1  DSP l:13 b:5 i:0 d:0: 188 212 pol 1
IN l:13 b:1 i:0 d:0  LM l:13 b:5 i:1 d:0: 188 212 pol 1  DSP l:13 b:5 i:1 d:0: 188 212 pol 1
IN l:13 b:1 i:1 d:0  LM l:5 b:0 i:0 d:1: 289 294 pol 0  DSP l:5 b:0 i:0 d:1: 289 294 pol 0
IN l:13 b:1 i:1 d:0  LM l:5 b:0 i:1 d:1: 289 294 pol 0  DSP l:5 b:0 i:1 d:1: 289 294 pol 0
IN l:13 b:1 i:1 d:0  LM l:5 b:1 i:0 d:1: 289 294 pol 0  DSP l:5 b:1 i:0 d:1: 289 294 pol 0
IN l:13 b:1 i:1 d:0  LM l:5 b:2 i:0 d:1: 289 294 pol 0  DSP l:5 b:2 i:0 d:1: 289 294 pol 0
IN l:13 b:1 i:1 d:0  LM l:5 b:3 i:0 d:1: 289 294 pol 0  DSP l:5 b:3 i:0 d:1: 289 294 pol 0
IN l:13 b:1 i:1 d:0  LM l:13 b:2 i:0 d:0: 186 211 pol 1  DSP l:13 b:2 i:0 d:0: 186 211 pol 1
IN l:13 b:1 i:1 d:0  LM l:13 b:2 i:1 d:0: 186 211 pol 1  DSP l:13 b:2 i:1 d:0: 186 211 pol 1
IN l:13 b:1 i:1 d:0  LM l:13 b:4 i:0 d:0: 186 211 pol 1  DSP l:13 b:4 i:0 d:0: 186 211 pol 1
IN l:13 b:1 i:1 d:0  LM l:13 b:4 i:1 d:0: 186 211 pol 1  DSP l:13 b:4 i:1 d:0: 186 211 pol 1
IN l:13 b:1 i:1 d:0  LM l:13 b:5 i:0 d:0: 186 211 pol 1  DSP l:13 b:5 i:0 d:0: 186 211 pol 1
IN l:13 b:1 i:1 d:0  LM l:13 b:5 i:1 d:0: 186 211 pol 1  DSP l:13 b:5 i:1 d:0: 186 211 pol 1
IN l:13 b:2 i:0 d:0  LM l:5 b:0 i:0 d:1: 309 311 pol 0  DSP l:5 b:0 i:0 d:1: 309 311 pol 0
IN l:13 b:2 i:0 d:0  LM l:5 b:0 i:1 d:1: 309 311 pol 0  DSP l:5 b:0 i:1 d:1: 309 311 pol 0
IN l:13 b:2 i:0 d:0  LM l:5 b:1 i:0 d:1: 309 311 pol 0  DSP l:5 b:1 i:0 d:1: 309 311 pol 0
IN l:13 b:2 i:0 d:0  LM l:5 b:2 i:0 d:1: 309 311 pol 0  DSP l:5 b:2 i:0 d:1: 309 311 pol 0
IN l:13 b:2 i:0 d:0  LM l:5 b:3 i:0 d:1: 309 311 pol 0  DSP l:5 b:3 i:0 d:1: 309 311 pol 0
IN l:13 b:2 i:0 d:0  LM l:13 b:1 i:0 d:0: 194 220 pol 1  DSP l:13 b:1 i:0 d:0: 194 220 pol 1
IN l:13 b:2 i:0 d:0  LM l:13 b:1 i:1 d:0: 194 220 pol 1  DSP l:13 b:1 i:1 d:0: 194 220 pol 1
IN l:13 b:2 i:0 d:0  LM l:13 b:4 i:0 d:0: 194 220 pol 1  DSP l:13 b:4 i:0 d:0: 194 220 pol 1
IN l:13 b:2 i:0 d:0  LM l:13 b:4 i:1 d:0: 194 220 pol 1  DSP l:13 b:4 i:1 d:0: 194 220 pol 1
IN l:13 b:2 i:0 d:0  LM l:13 b:5 i:0 d:0: 194 220 pol 1  DSP l:13 b:5 i:0 d:0: 194 220 pol 1
IN l:13 b:2 i:0 d:0  LM l:13 b:5 i:1 d:0: 194 220 pol 1  DSP l:13 b:5 i:1 d:0: 194 220 pol 1
IN l:13 b:2 i:1 d:0  LM l:5 b:0 i:0 d:1: 313 317 pol 0  DSP l:5 b:0 i:0 d:1: 313 317 pol 0
IN l:13 b:2 i:1 d:0  LM l:5 b:0 i:1 d:1: 313 317 pol 0  DSP l:5 b:0 i:1 d:1: 313 317 pol 0
IN l:13 b:2 i:1 d:0  LM l:5 b:1 i:0 d:1: 313 317 pol 0  DSP l:5 b:1 i:0 d:1: 313 317 pol 0
IN l:13 b:2 i:1 d:0  LM l:5 b:2 i:0 d:1: 313 317 pol 0  DSP l:5 b:2 i:0 d:1: 313 317 pol 0
IN l:13 b:2 i:1 d:0  LM l:5 b:3 i:0 d:1: 313 317 pol 0  DSP l:5 b:3 i:0 d:1: 313 317 pol 0
IN l:13 b:2 i:1 d:0  LM l:13 b:1 i:0 d:0: 195 221 pol 1  DSP l:13 b:1 i:0 d:0: 195 221 pol 1
IN l:13 b:2 i:1 d:0  LM l:13 b:1 i:1 d:0: 195 221 pol 1  DSP l:13 b:1 i:1 d:0: 195 221 pol 1
IN l:13 b:2 i:1 d:0  LM l:13 b:4 i:0 d:0: 195 221 pol 1  DSP l:13 b:4 i:0 d:0: 195 221 pol 1
IN l:13 b:2 i:1 d:0  LM l:13 b:4 i:1 d:0: 195 221 pol 1  DSP l:13 b:4 i:1 d:0: 195 221 pol 1
IN l:13 b:2 i:1 d:0  LM l:13 b:5 i:0 d:0: 195 221 pol 1  DSP l:13 b:5 i:0 d:0: 195 221 pol 1
IN l:13 b:2 i:1 d:0  LM l:13 b:5 i:1 d:0: 195 221 pol 1  DSP l:13 b:5 i:1 d:0: 195 221 pol 1
IN l:13 b:4 i:0 d:0  LM l:5 b:0 i:0 d:1: 294 296 pol 1  DSP l:5 b:0 i:0 d:1: 294 296 pol 1
IN l:13 b:4 i:0 d:0  LM l:5 b:0 i:1 d:1: 294 296 pol 1  DSP l:5 b:0 i:1 d:1: 294 296 pol 1
IN l:13 b:4 i:0 d:0  LM l:5 b:1 i:0 d:1: 294 296 pol 1  DSP l:5 b:1 i:0 d:1: 294 296 pol 1
IN l:13 b:4 i:0 d:0  LM l:5 b:2 i:0 d:1: 294 296 pol 1  DSP l:5 b:2 i:0 d:1: 294 296 pol 1
IN l:13 b:4 i:0 d:0  LM l:5 b:3 i:0 d:1: 294 296 pol 1  DSP l:5 b:3 i:0 d:1: 294 296 pol 1
IN l:13 b:4 i:0 d:0  LM l:13 b:1 i:0 d:0: 195 198 pol 0  DSP l:13 b:1 i:0 d:0: 195 198 pol 0
IN l:13 b:4 i:0 d:0  LM l:13 b:1 i:1 d:0: 195 198 pol 0  DSP l:13 b:1 i:1 d:0: 195 198 pol 0
IN l:13 b:4 i:0 d:0  LM l:13 b:2 i:0 d:0: 195 198 pol 0  DSP l:13 b:2 i:0 d:0: 195 198 pol 0
IN l:13 b:4 i:0 d:0  LM l:13 b:2 i:1 d:0: 195 198 pol 0  DSP l:13 b:2 i:1 d:0: 195 198 pol 0
IN l:13 b:4 i:0 d:0  LM l:13 b:5 i:0 d:0: 195 198 pol 0  DSP l:13 b:5 i:0 d:0: 195 198 pol 0
IN l:13 b:4 i:0 d:0  LM l:13 b:5 i:1 d:0: 195 198 pol 0  DSP l:13 b:5 i:1 d:0: 195 198 pol 0
IN l:13 b:4 i:1 d:0  LM l:5 b:0 i:0 d:1: 279 282 pol 1  DSP l:5 b:0 i:0 d:1: 279 282 pol 1
IN l:13 b:4 i:1 d:0  LM l:5 b:0 i:1 d:1: 279 282 pol 1  DSP l:5 b:0 i:1 d:1: 279 282 pol 1
IN l:13 b:4 i:1 d:0  LM l:5 b:1 i:0 d:1: 279 282 pol 1  DSP l:5 b:1 i:0 d:1: 279 282 pol 1
IN l:13 b:4 i:1 d:0  LM l:5 b:2 i:0 d:1: 279 282 pol 1  DSP l:5 b:2 i:0 d:1: 279 282 pol 1
IN l:13 b:4 i:1 d:0  LM l:5 b:3 i:0 d:1: 279 282 pol 1  DSP l:5 b:3 i:0 d:1: 279 282 pol 1
IN l:13 b:4 i:1 d:0  LM l:13 b:1 i:0 d:0: 186 190 pol 0  DSP l:13 b:1 i:0 d:0: 186 190 pol 0
IN l:13 b:4 i:1 d:0  LM l:13 b:1 i:1 d:0: 186 190 pol 0  DSP l:13 b:1 i:1 d:0: 186 190 pol 0
IN l:13 b:4 i:1 d:0  LM l:13 b:2 i:0 d:0: 186 190 pol 0  DSP l:13 b:2 i:0 d:0: 186 190 pol 0
IN l:13 b:4 i:1 d:0  LM l:13 b:2 i:1 d:0: 186 190 pol 0  DSP l:13 b:2 i:1 d:0: 186 190 pol 0
IN l:13 b:4 i:1 d:0  LM l:13 b:5 i:0 d:0: 186 190 pol 0  DSP l:13 b:5 i:0 d:0: 186 190 pol 0
IN l:13 b:4 i:1 d:0  LM l:13 b:5 i:1 d:0: 186 190 pol 0  DSP l:13 b:5 i:1 d:0: 186 190 pol 0
IN l:13 b:5 i:0 d:0  LM l:5 b:0 i:0 d:1: 284 288 pol 1  DSP l:5 b:0 i:0 d:1: 284 288 pol 1
IN l:13 b:5 i:0 d:0  LM l:5 b:0 i:1 d:1: 284 288 pol 1  DSP l:5 b:0 i:1 d:1: 284 288 pol 1
IN l:13 b:5 i:0 d:0  LM l:5 b:1 i:0 d:1: 284 288 pol 1  DSP l:5 b:1 i:0 d:1: 284 288 pol 1
IN l:13 b:5 i:0 d:0  LM l:5 b:2 i:0 d:1: 284 288 pol 1  DSP l:5 b:2 i:0 d:1: 284 288 pol 1
IN l:13 b:5 i:0 d:0  LM l:5 b:3 i:0 d:1: 284 288 pol 1  DSP l:5 b:3 i:0 d:1: 284 288 pol 1
IN l:13 b:5 i:0 d:0  LM l:13 b:1 i:0 d:0: 183 187 pol 0  DSP l:13 b:1 i:0 d:0: 183 187 pol 0
IN l:13 b:5 i:0 d:0  LM l:13 b:1 i:1 d:0: 183 187 pol 0  DSP l:13 b:1 i:1 d:0: 183 187 pol 0
IN l:13 b:5 i:0 d:0  LM l:13 b:2 i:0 d:0: 183 187 pol 0  DSP l:13 b:2 i:0 d:0: 183 187 pol 0
IN l:13 b:5 i:0 d:0  LM l:13 b:2 i:1 d:0: 183 187 pol 0  DSP l:13 b:2 i:1 d:0: 183 187 pol 0
IN l:13 b:5 i:0 d:0  LM l:13 b:4 i:0 d:0: 183 187 pol 0  DSP l:13 b:4 i:0 d:0: 183 187 pol 0
IN l:13 b:5 i:0 d:0  LM l:13 b:4 i:1 d:0: 183 187 pol 0  DSP l:13 b:4 i:1 d:0: 183 187 pol 0
IN l:13 b:5 i:1 d:0  LM l:5 b:0 i:0 d:1: 294 297 pol 1  DSP l:5 b:0 i:0 d:1: 294 297 pol 1
IN l:13 b:5 i:1 d:0  LM l:5 b:0 i:1 d:1: 294 297 pol 1  DSP l:5 b:0 i:1 d:1: 294 297 pol 1
IN l:13 b:5 i:1 d:0  LM l:5 b:1 i:0 d:1: 294 297 pol 1  DSP l:5 b:1 i:0 d:1: 294 297 pol 1
IN l:13 b:5 i:1 d:0  LM l:5 b:2 i:0 d:1: 294 297 pol 1  DSP l:5 b:2 i:0 d:1: 294 297 pol 1
IN l:13 b:5 i:1 d:0  LM l:5 b:3 i:0 d:1: 294 297 pol 1  DSP l:5 b:3 i:0 d:1: 294 297 pol 1
IN l:13 b:5 i:1 d:0  LM l:13 b:1 i:0 d:0: 188 192 pol 0  DSP l:13 b:1 i:0 d:0: 188 192 pol 0
IN l:13 b:5 i:1 d:0  LM l:13 b:1 i:1 d:0: 188 192 pol 0  DSP l:13 b:1 i:1 d:0: 188 192 pol 0
IN l:13 b:5 i:1 d:0  LM l:13 b:2 i:0 d:0: 188 192 pol 0  DSP l:13 b:2 i:0 d:0: 188 192 pol 0
IN l:13 b:5 i:1 d:0  LM l:13 b:2 i:1 d:0: 188 192 pol 0  DSP l:13 b:2 i:1 d:0: 188 192 pol 0
IN l:13 b:5 i:1 d:0  LM l:13 b:4 i:0 d:0: 188 192 pol 0  DSP l:13 b:4 i:0 d:0: 188 192 pol 0
IN l:13 b:5 i:1 d:0  LM l:13 b:4 i:1 d:0: 188 192 pol 0  DSP l:13 b:4 i:1 d:0: 188 192 pol 0
SDF min delay information:
Min: L0: 72, L1: 82, L5 177
Avg: L0: 111, L1: 122, L5 201
SDF average net delay information: TSMC 40nm ULP tt1p1v25c_Typical
l:0 b:0 i:0 d:0  r:2 f:2
l:0 b:1 i:0 d:0  r:2 f:2
l:0 b:2 i:0 d:0  r:2 f:2
l:0 b:3 i:0 d:0  r:2 f:2
l:0 b:0 i:0 d:1  r:0 f:0
l:0 b:1 i:0 d:1  r:0 f:0
l:0 b:2 i:0 d:1  r:0 f:0
l:0 b:3 i:0 d:1  r:0 f:0
l:1 b:0 i:0 d:0  r:5 f:5
l:1 b:1 i:0 d:0  r:5 f:5
l:1 b:2 i:0 d:0  r:5 f:5
l:1 b:3 i:0 d:0  r:5 f:5
l:1 b:0 i:0 d:1  r:4 f:4
l:1 b:0 i:1 d:1  r:4 f:4
l:1 b:1 i:0 d:1  r:4 f:4
l:1 b:2 i:0 d:1  r:4 f:4
l:1 b:3 i:0 d:1  r:4 f:4
l:3 b:1 i:0 d:0  r:140 f:114
l:3 b:4 i:0 d:0  r:140 f:114
l:3 b:1 i:0 d:1  r:134 f:105
l:3 b:4 i:0 d:1  r:134 f:105
l:4 b:2 i:0 d:0  r:138 f:120
l:4 b:5 i:0 d:0  r:138 f:120
l:4 b:2 i:0 d:1  r:124 f:105
l:4 b:5 i:0 d:1  r:124 f:105
l:5 b:0 i:0 d:0  r:0 f:0
l:5 b:0 i:1 d:0  r:0 f:0
l:5 b:0 i:0 d:1  r:0 f:0
l:5 b:0 i:1 d:1  r:0 f:0
l:5 b:1 i:0 d:1  r:148 f:129
l:5 b:2 i:0 d:1  r:193 f:165
l:5 b:3 i:0 d:1  r:420 f:400
l:13 b:1 i:0 d:0  r:662 f:565
l:13 b:1 i:1 d:0  r:662 f:565
l:13 b:2 i:0 d:0  r:662 f:565
l:13 b:2 i:1 d:0  r:662 f:565
l:13 b:4 i:0 d:0  r:662 f:565
l:13 b:4 i:1 d:0  r:662 f:565
l:13 b:5 i:0 d:0  r:662 f:565
l:13 b:5 i:1 d:0  r:662 f:565
